relative_path,quotation_number,qn_confidence,boq_status
20250502\Offer#20250502_ADANI CEMENT _CAAQMS_Budgetary Offer.txt,20250502,HIGH,FOUND
2324G032R4\TECH-2324G032R4- ADAGE OFFER_AMNS HAZIRA- PUNE UNIT- HCL SYSTEM .txt,2324G032R4,HIGH,FOUND
2324W079R4\9020_2801040686.txt,,LOW,FOUND
2402WS026R1\PRICED OFFER-2402WS026R2-HCL-6299852-U23.txt,2402WS026R2,HIGH,FOUND
2425G015\2425G015R1 Adani Mahan FGD CEMS Systems.txt,2425G015R1,HIGH,FOUND
2425W034R2\UNPRICED OFFER-2425W034R2-OFFER FOR GAS ANALYZER SYSTEM-SANGHI CEMENT WORKS.txt,2425W034R2,HIGH,FOUND
2425W069R6\Techno OFFER-2425W069R6- ADAGE OFFER_AMNS Khopoli.txt,2425W069R6,HIGH,FOUND
2425W083\2425W083R3 TECHNICAL OFFER FOR SO2 GAS ANALYSER SYSTEM FOR SHREE CEMENT.txt,2425W083R3,HIGH,FOUND
2425W083\2425W083R4 OFFER FOR SO2 GAS ANALYSER SYSTEM FOR SHREE CEMENT.txt,2425W083R4,HIGH,FOUND
2425W086-1\8864_753010450.txt,,LOW,FOUND
2425W086-2\8862_753010446.txt,,LOW,FOUND
2425W086-3\8863_753010452.txt,,LOW,FOUND
2425W088\TECHNO OFFER-2425W088R1-  Birla Satna-CEMS SYSTEM .txt,2425W088R1,HIGH,FOUND
2425W090\Offer # 2425W090R1 OFFER FOR CO  O2 GAS ANALYSER SYSTEM.txt,2425W090R1,HIGH,FOUND
2425W43\2425W043R4 TECHNICAL OFFER FOR GAS ANALYSER SYSTEM FOR ADITYA BIRLA CARBON INDIA.txt,2425W043R4,HIGH,FOUND
2502WS026R1\2502WS026R1_JSW DOLVI-TECHNO_COMMERCIAL QUOTATION .txt,2502WS026R1,HIGH,FOUND
2504G015\Q2504G015R1 OFFER FOR GAS ANALYSER SYSTEM FOR GNFC.txt,SQ2504G015R1,HIGH,FOUND
2504G015\SQ2411W076R2 TECHNICAL OFFER FOR GAS ANALYSER SYSTEM FOR GNFC.txt,SQ2411W076R2,HIGH,FOUND
2504G016\2425W022R3 TECHNICAL OFFER FOR CEMS GAS ANALYSER SYSTEM WITH SPM.txt,2425G022R3,HIGH,FOUND
2504W026\PRICE-2526W029  - ADAGE OFFER_UTCL BASANTH NAGAR CEMENT WORKS.txt,2526W029,HIGH,FOUND
2504W027\Q2407H22R1  - ADAGE OFFER_UTCL BALAJI CEMENT.txt,Q2407H22R1,HIGH,FOUND
2504W028\2504W028 COMMERCIAL OFFER FOR CEMS GAS ANALYSER SYSTEM FOR BATLIBOI ENVIRONMETAL.txt,2504W028,HIGH,FOUND
2504WS082R1\2504WS082R1 OFFER FOR GAS ANALYSER MODULE FOR KJS CEMENT.txt,2504WS082R1,HIGH,FOUND
2504WS082R1\2504WS082R4 OFFER FOR GAS ANALYSER MODULE FOR KJS CEMENT .txt,2504WS082R4,HIGH,FOUND
2505G021\2425G014 GNFC Bharuch H2 System (2).txt,2425G014,HIGH,FOUND
2505G025\2526G021 PDIL Vadodara Process & CEMS Analysers for GSFC Project.txt,2526W0431,HIGH,FOUND
2505G026\2526G020R1 Samaghogha CEMS.txt,2526G020R1,HIGH,FOUND
2505G027\2425G015R1 Adani Mahan FGD CEMS Systems.txt,2425G015R1,HIGH,FOUND
2505G028\2425G015R1 Adani Mahan FGD CEMS Systems.txt,2425G015R1,HIGH,FOUND
2505G029\2425G015R1 Adani Mahan FGD CEMS Systems.txt,2425G015R1,HIGH,FOUND
2505G030\2425G015R1 Adani Mahan FGD CEMS Systems.txt,2425G015R1,HIGH,FOUND
2505G031\2526G025_AAQMS_Birla Copper Dahej_Budgetary offer ..txt,2526G025,HIGH,FOUND
2505W041\2505W041 R01 TECHNICAL OFFER FOR GAS ANALYSER JOHN COCKERIL INDIA LIMITED MAIN 1103.txt,2505W041,HIGH,FOUND
2505WS106R1\2505WS106R1 - OFFER FOR GAS ANALYSER SPARES-HEIDELBERG CEMENT.txt,2505WS106R1,HIGH,FOUND
2506G044\TECHNO-OFFER #Q2409G010R5 _AMNS_CV SYSTEM-.txt,Q2409G010R5,HIGH,FOUND
2506G046\PRICE OFFER # 2425G024R1- AMNS- BF1- PCI- CO & O2 SYSTEM.  Copy.txt,2425G024R1,HIGH,FOUND
2506G047\2506G047 INOX Alluminium Offer for O2 Analyser.txt,2506G047,HIGH,FOUND
2506G048\2502GS006_TECHNICAL_OFFER_FOR_GAS_ANALYSER_MODULE.txt,2502GS006,HIGH,FOUND
2506G051\2526G011R2 Vishakha Glass CV Measurement Techno-Commercial.txt,2526G011R1,HIGH,FOUND
2506W054\2506W054 TECHNICAL OFFER FOR GAS ANALYSER SYSTEM FOR SAIL DSP 220 TPH PROJECT.txt,2506W054,HIGH,FOUND
2506W054\2506W054R1 OFFER FOR GAS ANALYSER SYSTEM FOR SAIL DSP 220 TPH PROJECT.txt,2506W054R1,HIGH,FOUND
2506W054\2506W054R2 OFFER FOR GAS ANALYSER SYSTEM FOR SAIL DSP 220 TPH PROJECT.txt,2506W054R2,HIGH,FOUND
2506W057\2506W057_AAQMS_Adani Cement_Budgetary offer ..txt,2506G057,HIGH,FOUND
2506W058\2506W058_THERMAX GODREJ _TRACE CH4 CO.txt,2506W058,HIGH,FOUND
2506W064\2506W064 OFFER FOR GAS ANALYSER SYSTEM  DUST MONITOR  CAAQMS  FOR SCHNEIDER & Vedraj Cement..txt,2506W064,HIGH,FOUND
2506W065\2506W065 -OFFER FOR PCO GAS ANALYSER SYSTEM FOR UTCL GUJARAT CEMENT.txt,2506W065,HIGH,FOUND
2506W076\PRICE-OFFER 2506W076_JSW DOLVI_CV SYSTEM-.doc.txt,2506W076,HIGH,FOUND
2506W079\2506W079_ JSW ENERGY_ UPGRADATION FOR CAAQMS_OFFER.txt,2506W079,HIGH,FOUND
2506W080\PRICE-OFFER 2506W080_JSW DOLVI_CV SYSTEM-MIXED GAS- COKEOVEN-.doc.txt,2506W080,HIGH,FOUND
2506W080\PRICE-OFFER 2506W080R1_JSW DOLVI_CV SYSTEM-MIXED GAS- COKEOVEN-.txt,2506W080R1,HIGH,FOUND
2506W082\Techno-2506W082- ADAGE OFFER_AMNS Khopoli- 28040106.txt,2506W082,HIGH,FOUND
2506W085\2506W085 OFFER FOR SO2 GAS ANALYSER SYSTEM FOR HINDALCO MAHAN .txt,2506W085,HIGH,FOUND
2506W088\2506W088_ Kinvan Pvt Ltd _CAAQMS_Budgetary offer .txt,2506W088,HIGH,FOUND
2506W091\Price-2506W091- ADAGE OFFER_AMNS HAZIRA Budgetory .txt,2506W091,HIGH,FOUND
2506W092\2506W092 - OFFER FOR GAS ANALYSER SYSTEM-GHALSASI GROUP.txt,2506W092,HIGH,FOUND
2506W098\2506W098 TKIL Industries _CAAQMS_Budgetary Offer.txt,2506W098,HIGH,FOUND
2507G052\2507G052 CEMS BOZZLER - DTCL.txt,2507G052,HIGH,FOUND
2507G053\Q2507G053 COMMERCIAL OFFER FOR H2 GAS ANALYSER SYSTEM FOR ADANI MUNDRA POWER PLANT.txt,Q2507G053,HIGH,FOUND
2507G054\OFFER2507G054 GCP LASER TECHNICAL BID.txt,2507G054,HIGH,FOUND
2507W102\2507W102 TECHNICAL OFFER FOR CEMS GAS ANALYSER SYSTEM FOR ADANI AMBUJA MARATHA CEMENT.txt,2507W102,HIGH,FOUND
2507W102\2507W102R1 -OFFER FOR CEMS GAS ANALYSER SYSTEM FOR ADANI AMBUJA MARATHA CEMENT.txt,2507W102R1,HIGH,FOUND
2507W104\2507W104 TECHNICAL OFFER FOR CEMS GAS ANALYSER SYSTEM FOR ADANI AMBUJA DARLAGHAT CEMENT.txt,2507W104,HIGH,FOUND
2507W104\2507W104R1 -OFFER FOR CEMS GAS ANALYSER SYSTEM FOR ADANI AMBUJA DARLAGHAT CEMENT.txt,2507W104R1,HIGH,FOUND
2507W106\2507W106 - JFE ENGINEERING-TECHNICAL OFFER FOR CEMS GAS ANALYSER SYSTEM.txt,2507W106,HIGH,FOUND
2507W124\2507W124- THERMAX B&H- VARDHAMAN-TECHNICAL OFFER FOR CEMS GAS ANALYSER SYSTEM.txt,2507W124,HIGH,FOUND
2507W125\PRICE-2507W125- ADAGE OFFER_AMNS GANDHIDHAM- 28040106.txt,2507W125,HIGH,FOUND
2507W126\2507W126- ADAGE OFFER_AMNS Khopoli-CAAQMS-HCL-FLOW.txt,2507W126,HIGH,FOUND
"2507W127\2507W127- ADAGE OFFER_AMNS HAZIRA-FLOW,O2,DAS.txt",2507W127,HIGH,FOUND
2507W129\Price-2507W129  - ADAGE OFFER_ACC WADI CEMENT WORKS .txt,2507W129,HIGH,FOUND
2507W130\2507W130 _DEEPAK FERTILIZER_ WEATHER MONITORING STATION.txt,2507W130,HIGH,FOUND
2507W131\Q2507W131 COMMERCIAL OFFER FOR GAS ANALYSER SYSTEM FOR DANIELI CENTRO COMBUSTION INDIA.txt,Q2507W131,HIGH,FOUND
2507W132\Q2507W132 OFFER FOR TDLS O2 GAS ANALYSER SYSTEM FOR DANIELI CENTRO COMBUSTION INDIA.txt,Q2507W132,HIGH,FOUND
2507W135\Q2507W135 -OFFER FOR GAS ANALYSER SYSTEM FOR NVCL SURAT.txt,Q2507W135,HIGH,FOUND
"2507W140\2507W140 OFFER FOR TDLS O2 , HYDROGEN GAS ANALYSER SYSTEM FOR RCF THAL ..txt",2507W140,HIGH,FOUND
2507W142\PRICE-2507W142- ADAGE OFFER_DALMIA CEMENT- CO & O2 SYSTEM-COAL MILL .txt,2507W142,HIGH,FOUND
2508G055\2508G055 Shree Durga CEMS System offer.txt,2508G055,HIGH,FOUND
2508G058\2508G058 Offer for O2 Analyser FDC PDC.txt,2508G058,HIGH,FOUND
2508G059\2508G059 LnT MHI Boilers H2 Purity System.txt,2526G014,HIGH,FOUND
2508G059\2508G059R3_L&T_MHPS_H2 Purity & Pressure Transmitter.txt,2508G059R3,HIGH,FOUND
2508G060\Techno-commercial Offer 2508G060 GSFC Sikka NH3 Analyser.txt,2508G060,HIGH,FOUND
2508G061\Q2508G061_TECHNICAL_OFFER_FOR_O2_GAS_ANALYSER_SYSTEM.txt,Q2508G061,HIGH,FOUND
2508W145\2508W145_OFFER MOISURE ANALYSER_INOXAIR.txt,2508W145,HIGH,FOUND
2508W148\TECHNO-2508W148 - JSW DOLVI-CSP2-TECHNICAL OFFER FOR CEMS GAS ANALYSER SYSTEM.txt,2508W148,HIGH,FOUND
2508W149\Q2508W149 -OFFER FOR GAS ANALYSER SYSTEM FOR CARBON CLEAN INDIA.txt,Q2508W149,HIGH,FOUND
2508W149\Q2508W149R1 -OFFER FOR GAS ANALYSER SYSTEM FOR CARBON CLEAN INDIA.txt,Q2508W149R1,HIGH,FOUND
2508W149\Q2508W149R2 -OFFER FOR GAS ANALYSER SYSTEM FOR CARBON CLEAN INDIA.txt,Q2508W149R2,HIGH,FOUND
2508W149\Q2508W149R3 -OFFER FOR GAS ANALYSER SYSTEM FOR CARBON CLEAN INDIA.txt,Q2508W149R3,HIGH,FOUND
2508W150\Q2508W150 TECHNICAL OFFER FOR GAS ANALYSER SYSTEM FOR THERMAX IMFA PROJECT.txt,Q2508W150,HIGH,FOUND
2508W151\Q2508W151  OFFER FOR CV ANALYSER SYSTEM FOR DANIELI CENTRO COMBUSTION.txt,Q2508W151,HIGH,FOUND
2508W152\Q2508W152  OFFER FOR CV ANALYSER SYSTEM FOR DANIELI CENTRO COMBUSTION.txt,Q2508W152,HIGH,FOUND
2508W153\TECHNO-2508W153R3 - JSW DOLVI-BF3-TECHNICAL OFFER FOR CEMS GAS ANALYSER SYST.txt,2508W153R3,HIGH,FOUND
2508W158\PRICE-OFFER 2508W158_JSW DOLVI_CV SYSTEM-MIXED GAS- COKEOVEN-.txt,2508W158,HIGH,FOUND
2508W159\Q2508W159 OFFER FOR GAS ANALYSER SYSTEM FOR ADANI ORIENT CEMENT WORKS.txt,Q2508W159,HIGH,FOUND
2508W160\Techno-25508W160- ADAGE OFFER_AMNS HAZIRA- 6000137715.txt,2508W160,HIGH,FOUND
2508W161\Q2508W161 -OFFER FOR GAS ANALYSER SYSTEM FOR NVCL SURAT.txt,Q2508W161,HIGH,FOUND
2509G064\Q2509G064_TECHNICAL_OFFER_FOR_CEMS_SYSTEM_FOR_GNFC.txt,Q2509G064,HIGH,FOUND
2509W169\Q2509W169 -TECHNICAL OFFER FOR CEMS GAS ANALYSER SYSTEM FOR ADANI ACC WADI CEMENT.txt,Q2509W169,HIGH,FOUND
2509W171\Q2509W171-OFFER FOR GAS ANALYSER SYSTEM FOR RAJ PROCESS EQUIPMENT.txt,Q2509W171,HIGH,FOUND
2509W176\Offer#2509W176 - UTCL - Kiln Inlet_Techno_Commercial -.txt,–2509W176,HIGH,FOUND
2509W180\2509W180 - JSW SALAV-TECHNICAL OFFER FOR CEMS GAS ANALYSER SYSTEM.txt,2509W180,HIGH,FOUND
2509W182\2509W182- UTCL RAJASHREE CEMENT- CO & O2 SYSTEM- PHO.txt,2509W182,HIGH,FOUND
2509W184\Price-2509W184- OFFER FOR PENNA CEMENT-TANDUR UNIT- PYRO & COAL APPLICATION .txt,2509W184,HIGH,FOUND
2509W189\Price-2509W189  - ADAGE OFFER_AMBUJA DARLAGHAT- SULI CEMENT WORKS .txt,2509W189,HIGH,FOUND
2509W191\Q2509W191 -OFFER FOR GAS ANALYSER SYSTEM FOR FINOLEX INDUSTY LTD.txt,Q2509W191,HIGH,FOUND
2509W196-2526W029R2-1\PRICE-2526W029R2-1  - ADAGE OFFER_UTCL BASANT NAGAR CEMENT WORKS .txt,1,HIGH,FOUND
2509W205- 2526W029R2-2\PRICE-2526W029R2-2  - ADAGE OFFER_UTCL BASANT NAGAR CEMENT WORKS .txt,2,HIGH,FOUND
2509W211-2526W030R1\PRICE-2526W030R1  - ADAGE OFFER_UTCL BASANT NAGAR CEMENT WORKS .txt,2526W030R1,HIGH,FOUND
2509W212\Q2509W212 OFFER FOR TDLS GAS ANALYSER SYSTEM FOR CARBON BLACK.txt,Q2509W212,HIGH,FOUND
2509W214\2509W214 OFFER FOR H2 GAS ANALYSER SYSTEM FOR JJLEIN ENGINEERING.txt,2509W214,HIGH,FOUND
2509W218\Q2509W218 OFFER FOR SPM ANALYSER SYSTEM FOR OIL NMDC PROJECT.txt,Q2509W218,HIGH,FOUND
2509W219\2509W219 TECHNO COMMERCIAL OFFER FOR CEMS GAS ANALYSER SYSTEM FOR DEONAR PROJECT.txt,2509W219,HIGH,FOUND
2509W220\PRICE- 2509W220 - UTCL SEDAM-TECHNICAL OFFER FOR CEMS GAS ANALYSER SYSTEM .txt,2509W220,HIGH,FOUND
2510G065\Q2510G065 OFFER FOR CO GAS ANALYSER SYSTEM FOR UPL LTD.txt,Q2510G065,HIGH,FOUND
2510G066\Q2510G066_TECHNICAL_OFFER_FOR_O2_GAS_ANALYSER_SYSTEM.txt,Q2510G066,HIGH,FOUND
2510W237\Q2510W237 OFFER FOR GAS ANALYSER SYSTEM FOR UTCL GUJARAT CEMENT WORKS.txt,Q2510W237,HIGH,FOUND
2510W242\PRICE OFFER-2510W242- ADAGE OFFER_JSW DOLVI- SMS2 O2 & H2O SYSTEM.txt,2510W242,HIGH,FOUND
2510W243\2510W243- AMBUJA MARATHA CPP CEMS SYSTEM .txt,2510W243,HIGH,FOUND
2510W249\Q2510W249 OFFER FOR GAS ANALYSER SYSTEM FOR THERMAX FGD PROJECT.txt,Q2510W249,HIGH,FOUND
2511W250\2511W250 -ADAGE OFFER- UTCL MAIHAR- CO-GAS ANALYZER SYSTEM.txt,2511W250,HIGH,FOUND
2511W251\TEC-PB1771-2511W251- ADAGE OFFER_THERMA .txt,2511W251,HIGH,FOUND
2511W252\2511W252- UTCL RAJASHREE CEMENT- CEMS SYSTEM- LINE 4 TPP.txt,2511W252,HIGH,FOUND
2511W256\2511W256- ADAGE OFFER_AMNS HAZIRA UNIT- HCL SYSTEM.txt,2511W256,HIGH,FOUND
2511W259\2511W259_ADANI CEMENT _CAAQMS_TECHNICAL OFFER R02.txt,2511W259,HIGH,FOUND
2511W261\Q2511W261 TECHNICAL OFFER FOR CEMS GAS ANALYSER SYSTEM FOR PACIFIC IRON LTD NIWARI PROJECT.txt,Q2511W261,HIGH,FOUND
2512G069\2512G069 H2 Analyser system.txt,2512G069,HIGH,FOUND
2512W266\Q2512W266 TECHNICAL OFFER FOR GAS ANALYSER SYSTEM FOR L&T MUMBAI.txt,Q2512W266,HIGH,FOUND
2512W273\Q2512W273 OFFER FOR CEMS GAS ANALYSER SYSTEM FOR CECO ENVIRONMENTAL.txt,Q2512W273,HIGH,FOUND
2512W275\Q2512W275 TECHNICAL OFFER FOR GAS ANALYSER SYSTEM FOR THERMAX.txt,Q2512W275,HIGH,FOUND
2512W279\Q2512W279 TECHNICAL OFFER FOR GAS ANALYSER SYSTEM FOR TOP GAS.txt,Q2512W279,HIGH,FOUND
2512W283\2512W283 OFFER FOR H2 TraceO2  GAS ANALYSER SYSTEM FOR THERMOVISION.txt,2512W283,HIGH,FOUND
2512W283\2512W283R2 OFFER FOR H2 TraceO2  GAS ANALYSER SYSTEM FOR THERMOVISION-TC OFFER.txt,Q2512W283r2,HIGH,FOUND
2512W285\2425W043R4 TECHNICAL OFFER FOR GAS ANALYSER SYSTEM FOR ADITYA BIRLA CARBON INDIA.txt,2425W043R4,HIGH,FOUND
2526G001\OFFER#Q2501G001_AARTI_INDUSTRIES_LTD_TECHNICAL.txt,Q2501G001,HIGH,FOUND
2526G002\2526G002 Matrix Gas H2 Analyser System.txt,2526G002,HIGH,FOUND
2526G003\2526G003R1 OFFER FOR TDLS BASED NH3 GAS ANALYSER SYSTEM.txt,2526G003R1,HIGH,FOUND
2526G003\2526G004 Adani Green Hydrogen H2 & O2 System.txt,2526G002,HIGH,FOUND
2526G005\2526G005 Adwait infra green Hyd H2 & O2.txt,2526G006,HIGH,FOUND
2526G006\OFFER TECHNO-COMMERCIAL 2526G017R2 Birla Copper SAP1 Process Analyser Systems.txt,Commercial,HIGH,FOUND
2526G007\2526G007R1 Perfect Day Bio Sci_CO2 & O2 System.txt,2526G007R1,HIGH,FOUND
2526G008\2526G008 GFL Jolva CEMS System.txt,2526G008,HIGH,FOUND
2526G009\2526G009 INOX Por CO2 PPM Analyser.txt,2526G009,HIGH,FOUND
2526G010\2526G010 Technoquest - Sterling Green Hydrogen.txt,2526G010,HIGH,FOUND
2526G012\2526G012 OFFER FOR H2 GAS ANALYSER SYSTEM FOR ADANI MUNDRA POWER PLANT.txt,2526G012,HIGH,FOUND
2526G013\2526G013R1 OFFER FOR CEMS GAS ANALYSER SYSTEM FOR ATUL.txt,2526G013R1,HIGH,FOUND
2526G014\2526G014 Adani H2 Purity System Unit 6.txt,2526G014,HIGH,FOUND
2526W001\Analyzer quotation-Adage.txt,Q2407H033R1,HIGH,FOUND
2526W005\TEC-2526W005R1 - TKIL-TECHNICAL OFFER FOR CEMS GAS ANALYSER SYSTEM.txt,2526W005R1,HIGH,FOUND
2526W006\TEC-2526W006 - THERMAX-TECHNICAL OFFER FOR CEMS GAS ANALYSER SYSTEM.txt,2526W006,HIGH,FOUND
2526W008\2526W008 - TKIL-TECHNICAL OFFER FOR GREEN HYRODGEN GAS ANALYSER SYSTEM.txt,2526W008,HIGH,FOUND
2526W009\2526W009 OFFER FOR SPM ANALYSER SYSTEM FOR UTCL VIKRAM.txt,2526W009,HIGH,FOUND
2526W010\PRICE-2526W010R1 - FORBES MARSHALL-TECHNICAL OFFER FOR CEMS GAS ANALYSER SYSTEM .txt,2526W010R1,HIGH,FOUND
2526W011\TECHNO-2526W011- ADAGE OFFER_UTCL HO- MALKAPUR CEMENT- CO & O2 SYSTEM.txt,2526W011,HIGH,FOUND
2526W012\Offer#2526W012-NAVI Mumbai Air port _AAQMS_Budgetary offer.txt,2526W012,HIGH,FOUND
2526W013\PRICE-2526W013R1- ADAGE OFFER_UTCL HO- YERAGUNTAL CEMENT- CO & O2 SYSTEM .txt,2526W013R1,HIGH,FOUND
2526W014\PRICE-Offer#2526W014_TKIL_AAQMS_TECHNO_COMMERCIAL.txt,2526W014,HIGH,FOUND
2526W018\2526W018R1  - ADAGE OFFER_TKIL-TORORO CEMENT.txt,2526W018R1,HIGH,FOUND
2526W019\2526W019 OFFER FOR CO O2 GAS ANALYSER SYSTEM FOR BEKAERT.txt,2526W019,HIGH,FOUND
2526W020\2526W0120 OFFER FOR CO  H2 TraceO2 Dew Point GAS ANALYSER SYSTEM FOR THERMOVISION.txt,2526W0120,HIGH,FOUND
2526W021\2526W021 -ADAGE OFFER- UTCL AWARPUR- GAS ANALYZER SYSTEM.txt,2526W021,HIGH,FOUND
2526W022\2526W022 OFFER FOR VOC GAS ANALYSER SYSTEM.txt,2526W022,HIGH,FOUND
2526W026\Offer#2526W026_Bekaert Industries _CV  Analyser_Budgetary offer.txt,2526W026,HIGH,FOUND
2526W040\PRICE-2526W040- ADAGE OFFER_THERMAX- VERDHAMAN- CO SYSSTEM.txt,2526W040,HIGH,FOUND
2526W046\TECHNO-2526W046R1 - JSW DOLVI-COKE OEVN-TECHNICAL OFFER FOR CEMS GAS ANALYSER SYSTEM.txt,22526W046R1,HIGH,FOUND
25AKAI001\AKAI Sales offer #25AKAI001 R1 dtd 18-02-2025.txt,25AKAI001,HIGH,NOT_FOUND
2601G001\2601G001 Welspun Anjar CEMS.txt,2601G001,HIGH,FOUND
2601G002\2425G031R4 Birla Copper SO2 Analyser System.txt,2425G031R3,HIGH,FOUND
2601W004\2601W004 Offer for Sanghi Cement - Adani CEMS System - Technical.txt,2601W004,HIGH,FOUND
2601W006\2601W006 JSW CEMENT DOLVI FOR CAAQMS_OFFER.txt,2601W006,HIGH,FOUND
2601W007\2601W007 HINNDALCO INDUSTRIES LIMITED FOR CAAQMS_OFFER.txt,2601W007,HIGH,FOUND
2601W009\Q2601W009 OFFER FOR O2 GAS ANALYSER SYSTEM FOR THERMAX BWES.txt,Q2601W009,HIGH,FOUND
2601W011\2601W011_THERMAX_Petronet_PDH.txt,2601W011,HIGH,FOUND
2601W011\2601W011A_R1 OFFER FOR CEMS ANALYSER SYSTEM FOR THERMAX LNG PETRONET PROJECT.txt,Q2601W011A_R1,HIGH,FOUND
2601W012\OFFER#2601W012_EVONITH_O2_TECHNO_COMMERCIAL.txt,2601W012,HIGH,FOUND
2602G004\Q2512G071R1_TECHNICAL_OFFER_FOR_CO_ANALYSER_SYSTEM.txt,Q2512G071R1,HIGH,FOUND
2602G006\OFFER 2602G006R1 CEMS for ADANI POWER SEVERAL SITES TECHNICAL.txt,2602G006,HIGH,FOUND
"2602W013\TECHNO-2602W013- ADAGE OFFER_AMNS HAZIRA-FLOW,O2 - 02.02.2026.txt",2602W013,HIGH,FOUND
2602W015\Q202W015 OFFER FOR GAS ANALYSER SYSTEM FOR RCF CHEMBUR SUPHALA PLANT.txt,Q2602W015,HIGH,FOUND
2602W015\Q202W015R1_RCF Trombay_HF_NO.txt,Q202W015R1,HIGH,FOUND
2602W018\Q2602W018 COMMERCIAL OFFER FOR CEMS ANALYSER SYSTEM FOR DURR INIDA ADNOC INCINERATOR PROJECT.txt,Q2602W018,HIGH,FOUND
2602W019\2602W019- OFFER FOR O2 MEASURMENT-SMS 2-JSW DOLVI.txt,2602W019,HIGH,FOUND
2602W021\260W021- JSW DOLVI-COKE OEVN-TECHNICAL OFFER FOR WASTE GAS ANALYSER SYSTEM -.txt,260W021,HIGH,FOUND
2602W022\Q2602W022 OFFER FOR NH3 GAS ANALYSER SYSTEM FOR JSW JFE STEEL NASHIK.txt,Q2602W022,HIGH,FOUND
2602W023\Q2602W023 TECHNICAL OFFER FOR CEMS ANALYSER SYSTEM FOR AXENS ADNOC EDC FURNACE PROJECT.txt,Q2602W023,HIGH,FOUND
2602W025\TECHNO-2602W025 - Innomotics India -TECHNICAL OFFER FOR CEMS GAS ANALYSER SYSTEM.txt,2602W025,HIGH,FOUND
2603G008\OFFER NO#2603G008 Perfect Day Bio Sci_CO2 & O2 System.txt,2526G008,HIGH,FOUND
2603W031\PRICE-2603W031- ADAGE OFFER_EVONITH-  O2 SYSTEM-PROCESS SYSTEM.txt,2603W031,HIGH,FOUND
2603W036\2603W036- ADAGE OFFER_AMNS HAZIRA UNIT- HCL SYSTEM.txt,2603W036,HIGH,FOUND
2603W037\Q2603W037 TECHNICAL OFFER FOR GAS ANALYSER SYSTEM FOR SHARP CONTROL.txt,Q2603W037,HIGH,FOUND
2603W038\Q2603W038 TECHNICAL OFFER FOR GAS ANALYSER SYSTEM FOR SHARP CONTROL.txt,Q2603W038,HIGH,FOUND
2603W039\Q2603W039 OFFER FOR GAS ANALYSER SYSTEM FOR UTCL NARMADA CEMENT WORKS.txt,Q2603W037,HIGH,FOUND
2604G010\2604G010R1 OFFER FOR CEMS GAS ANALYSER SYSTEM FOR ATUL ABMERNATH.txt,2604G010,HIGH,FOUND
2604W047\2604W047- ADAGE OFFER_AMNS HAZIRA UNIT- DUST FLOW SYSTEM.txt,2604W047,HIGH,FOUND
2604W048\2604W048 -ADAGE OFFER- UTCL MANIKGHAR- PHO-GAS ANALYZER SYSTEM.txt,2604W048,HIGH,FOUND
2604W050\TECH-2604W050-OFFER FOR GAS ANALYSER SYSTEM- EVONITH WARDHA.txt,2604W050,HIGH,FOUND
2604W052\PRICE-2604W052-OFFER FOR GAS ANALYSER SYSTEM- AICHELIN.txt,2604W052,HIGH,FOUND
2604W054\Q2604W054 TECHNICAL OFFER FOR GAS ANALYSER SYSTEM FOR SWARAJ BIOGEN RENEWABLES.txt,Q2604W054,HIGH,FOUND
2604W056\Q2604W056 TECHNICAL OFFER FOR GAS ANALYSER SYSTEM FOR SAARLOHA METALS.txt,Q2604W056,HIGH,FOUND
2604W063\Q2604W063 TECHNICAL OFFER FOR GAS ANALYSER SYSTEM FOR THYSSENKRUPP HCF PROJECT.txt,Q2604W063,HIGH,FOUND
2604W066\Q2604W066 TECHNCAL OFFER FOR SPM ANALYSER FOR THERMAX ENVIRO.txt,Q2604W066,HIGH,FOUND
2604W068\2604W068- JSW DOLVI-BF2-TECHNICAL OFFER FOR CEMS GAS ANALYSER SYSTEM -.txt,2604W068,HIGH,FOUND
2604W072\2604W072 -ADAGE OFFER- UTCL MAIHAR- CO-GAS ANALYZER SYSTEM.txt,2604W072,HIGH,FOUND
2604W075\2604W075 - Omsairam Steels -TECHNICAL OFFER FOR CEMS GAS ANALYSER SYSTEM.txt,2604W075,HIGH,FOUND
2604W076\Q2604W076 TECHNICAL OFFER FOR GAS ANALYSER SYSTEM FOR TNBI INDUSTRY.txt,Q2604W076,HIGH,FOUND
2604W078\PRICE-OFFER 2604W078_JSW DOLVI_CV SYSTEM-.doc.txt,2604W078,HIGH,FOUND
2605W085\2605W085- THERMAX LIMITED-TECHNICAL OFFER FOR GAS ANALYSER SYSTEM.txt,2605W085,HIGH,FOUND
2605W085\2605W085_THERMAX LIMITED-TECHNICAL OFFER FOR GAS ANALYSER SYSTEM.txt,2605W085,HIGH,FOUND
2605W092\2605W092-TECHNICAL OFFER FOR GAS ANALYSER SYSTEM FOR THERMAX POWER.txt,2605W092,HIGH,FOUND
2605W093\Q2605W093 TECHNICAL OFFER FOR GAS ANALYSER SYSTEM FOR ENPRO INDUSTRY.txt,Q2605W093,HIGH,FOUND
"2605W094\Q2605W094 TECHNICAL OFFER FOR SPM,FLOW ANALYSER FOR THERMAX ENVIRO.txt",Q2605W094,HIGH,FOUND
2606G016\2606G016 OFFER FOR CEMS GAS ANALYSER SYSTEM SMELTER 1 UPGRADATION PROJECT.txt,2606G016,HIGH,FOUND
AKAI2502PD660021\AKAI2502PD660021_NOOR Sun Quote.txt,AKAI2502PD660021,HIGH,FOUND
AKAI2603004\TECHNO-COMMERCIAL PROPOSAL Q26AKAI 0077_ENOC R1.txt,Q26AKA0077,HIGH,FOUND
Q2110E136R5\OFFER-Q2110E136R5-TSL JSR-LD1 Extractive Laser O2 analyser for Common Duct_LD1.txt,Q2110E136R5,HIGH,NOT_FOUND
Q2301E002\9045_Offer#Q2301E002R4_JSPL_TECHNOCOMMERCIAL.txt,Q2301E002R4,HIGH,FOUND
Q2308E115\Q2308E115R1_Vedanta_PCI.txt,Q2308E115R1,HIGH,FOUND
Q2308E115\Q2308E115R2_Vedanta_PCI.txt,Q2308E115R2,HIGH,FOUND
Q23G10021\Annexure.txt,,LOW,NOT_FOUND
Q23G10021\ANNEXURE_1.txt,,LOW,NOT_FOUND
Q23G10021\Q23G10021R2_L&T ALGERIA.txt,Q23G10021R2,HIGH,NOT_FOUND
Q23G10021\Q23G10021R6_L&T_ALGERIA PROJECT.txt,Q23G10021R6,HIGH,NOT_FOUND
Q2403C017R3\OFFER-Q2403C017R4-FACT-LDS SPARES.txt,Q2403C017R4,HIGH,NOT_FOUND
Q2403C017R5\PRICED OFFER-Q2403C017R5-FACT-LDS SPARES_7081169.txt,Q2403C017R5,HIGH,FOUND
Q2403N043R1\PRICED OFFER-Q2403N043R1-KFL-COOLER-P064000302.txt,,LOW,FOUND
Q2407E105\OFFER _Q2407E105R2_CECON_JSW_TECHNICAL_COMMERCIAL.txt,Q2407E105R2,HIGH,FOUND
Q2407X009\BOM_Q2407X009R1_Gas Analysis_Silyzer 300_50Hz.txt,,LOW,NOT_FOUND
Q2407X010\Offer#Q2407X010R4_Gas analyser_system_Techno_commercial_offer.txt,Q2407X010R4,HIGH,FOUND
Q2408E115\Offer#Q2408E115R2_Vrinda_O2_Measurement_system_Techno_commercial_offer.txt,Q2408E115R2,HIGH,FOUND
Q2408E115\OFFER#Q2408E115R3_Vrinda engineers_Tehno commercial.txt,Q2408E115R3,HIGH,FOUND
Q2408E115\OFFER#Q2408E115R4_Vrinda engineers_Tehnical.txt,Q2408E115R4,HIGH,FOUND
Q2408E115\OFFER#Q2408E115R5_Vrinda engineers_Tehnical.txt,Q2408E115R5,HIGH,FOUND
Q2408E115\OFFER#Q2408E115R6_Vrinda engineers_Tehnical.txt,Q2408E115R6,HIGH,FOUND
Q2408E115\OFFER#Q2408E115R7_Vrinda engineers_Tehno commercial.txt,Q2408E115R7,HIGH,FOUND
Q2408G009\Offer#Q2408G009_RIL_HMD_TECHNICAL.txt,Q2408G009,HIGH,FOUND
Q2408G009\Offer#Q2408G009R2_RIL_HMD_TECHNOCOMMERCIAL.txt,Q2408G009R2,HIGH,FOUND
Q2409E119\Offer#Q2410E137_MGM_AAQMS_Techno_commercial_offer.txt,Q2410E137,HIGH,FOUND
Q2409H041\Q2409H041_NMDC_AAQMS.txt,Q2409H041,HIGH,FOUND
Q2409N077\OFFER# _Q2409N077R1_ JK CEMENT MANGROL_TECHNICAL_COMMERCIAL.txt,Q2409N077R1,HIGH,FOUND
Q2409N077\OFFER#Q2409N077R2_ J.K.CEMENT WORKS _TECHNO COMMERCIAL.txt,Q2409N077R2,HIGH,FOUND
Q2410B022\OFFER#_Q2410B022_BMM ISPAT _TECHNICAL.txt,Q2410B022,HIGH,FOUND
Q2410B022\OFFER#_Q2410B022R1_BMM ISPAT _TECHNICAL_COMMERCIAL.txt,Q2410B022R1,HIGH,FOUND
Q2410H046\OFFER#_Q2410H046R1_PENNA CEMENT_TECHNICAL_COMMERCIAL.txt,Q2410H046R1,HIGH,FOUND
Q2410N080\OFFER#Q2410N080R3_Pakka Packaging_Technical.txt,Q2410N080R3,HIGH,FOUND
Q2410N083\OFFER#_Q2410N083R2_ ASVA ENTERPRISES _Techno commercial.txt,Q2410N083R2,HIGH,FOUND
Q2410N086\Q2410N086R3_SMS India_SAIL Bokaro.txt,Q2410N086R3,HIGH,FOUND
Q2410N086\Q2410N086R4_SMS India_SAIL Bokaro.txt,Q2410N086R4,HIGH,FOUND
Q2410N087\Q2410N087_UTCL Aditya Cement Works_PCO.txt,Q2410N087,HIGH,FOUND
Q2411E152\Offer#Q2505C013_NTECL_H2_PURITY.txt,Q2505C013,HIGH,FOUND
Q2411E152\Offer#Q2505C013R1_NTECL_H2_PURITY.txt,Q2505C013R1,HIGH,FOUND
Q2411G015\Q2411G015R1_JindalSawLtd_CO_O2_PCI.txt,Q2411G015R1,HIGH,FOUND
Q2411G015\Q2411G015R2_JindalSawLtd_CO_O2_PCI.txt,Q2411G015R2,HIGH,FOUND
Q2411G015\Q2411G015R3_JindalSawLtd_CO_O2_PCI.txt,Q2411G015R3,HIGH,FOUND
Q2411N089\OFFER#Q2411N089R2_ACC GAGAL_TECHNO_COMMERCIAL.txt,Q2411N089R2,HIGH,FOUND
Q2411N089R1\8872_1200989746.txt,,LOW,FOUND
Q2411N090\Offer#Q2411N090R1_AIR LIQUIDE__TECHNICAL.txt,Q2411N090R1,HIGH,FOUND
Q2411N090\Offer#Q2411N090R2_AIR LIQUIDE__TECHNICAL.txt,Q2411N090R2,HIGH,FOUND
Q2411N090\Offer#Q2411N090R3_AIR LIQUIDE__TECHNOCOMMERCIAL.txt,Q2411N090R3,HIGH,FOUND
Q2412C036\OFFER#_Q2412C036 _JSW SALEM _TECHNICAL.txt,Q2412C036,HIGH,FOUND
Q2412C036\OFFER#_Q2412C036R1 _JSW SALEM _Techno_commercial_offer.txt,,LOW,FOUND
Q2412C036\OFFER#_Q2412C036R2 _JSW SALEM _TECHNICAL.txt,Q2412C036R2,HIGH,FOUND
Q2412C036\OFFER#_Q2412C036R3 _JSW SALEM _TECHNICAL.txt,Q2412C036R3,HIGH,FOUND
Q2412C037\Q2412C037_NPCIL_H2.txt,Q2412C037,HIGH,FOUND
Q2412E155\Offer#Q2412E155_TSL_JSR_Sample Handling system & purification unit for Laser O2 analyser at COB_Commercial.txt,Verbal,HIGH,FOUND
Q2412E155\Offer#Q2412E155R1_TSL_JSR_Sample Handling system  purification unit for Laser O2 analyser at COB_Commercial.txt,Verbal,HIGH,FOUND
Q2412E155\Offer#Q2412E155R2_TSL_JSR_Sample Handling system  purification unit for Laser O2 analyser at COB_Commercial.txt,Verbal,HIGH,FOUND
Q2412E157\OFFER#Q2412E157R3_Narsingh Ispat _Techno commercial.txt,Q2412E157R3,HIGH,FOUND
Q2412E159\Offer#Q2412E159_ADARSHA_AUTOMATION & CONTROLS_TECHNO_COMMERCIAL.txt,Q2412E159,HIGH,FOUND
Q2412E165\Offer#Q2412E165R1_NINL_CEMS_AAQMS & EQMS_TECHNICAL_.txt,Q2412E165R1,HIGH,FOUND
Q2412E165\Offer#Q2412E165R6_NINL_CEMS_AAQMS & EQMS_TECHNICAL_.txt,Q2412E165R6,HIGH,FOUND
Q2412G016\Q2412G016R1_tKis_GNFC.txt,Q2412G016R1,HIGH,FOUND
Q2412G016\Q2412G016R2_tKis_GNFC.txt,Q2412G016R2,HIGH,FOUND
Q2412G016\Q2412G016R3_tKis_GNFC..txt,Q2412G016R3,HIGH,FOUND
Q2412G016\Q2412G016R4_TKIS_GNFC_TECHNICAL.txt,Q2412G016R4,HIGH,FOUND
Q2412G016\Q2412G016R5_TKIS_GNFC_TECHNICAL.txt,Q2412G016R5,HIGH,FOUND
Q2412G016\Q2412G016R6_TKIS_GNFC_TECHNICAL DATED 25.07.25.txt,Q2412G016R6,HIGH,FOUND
Q2412G017\Q2412G017_Nayara Energy_BTEX.txt,Q2412G017,HIGH,FOUND
Q2412H052\Andhra Cement - Kiln Inlet system final offer.txt,Q2412H052,HIGH,FOUND
Q2412N094\Q2412N094_JSPL_DRI.txt,Q2412N094,HIGH,FOUND
Q2412N094\Q2412N094R1_JSPL_DRI.txt,Q2412N094R1,HIGH,FOUND
Q2412N094\Q2412N094R3_JSPL_DRI.txt,Q2412N094R3,HIGH,FOUND
Q2412N095\SMS INDIA.txt,,LOW,NOT_FOUND
Q2412N096\Offer#Q2412N096_ISGEC_CEMS_TECHNICAL_.txt,Q2412N096,HIGH,FOUND
Q2412X025\Offer#Q2412X025_Kiln inlet gas analyser system_SEB _Technical offer..txt,Q2412X025,HIGH,FOUND
Q24AKIC10046\Q24AKIC10046R1_YANSAB.txt,Q24AKIC10046R1,HIGH,FOUND
Q24G10036\Q23G10036_RIL_VMD_AR3003_GC Upgradation - Technical.txt,,LOW,FOUND
Q24G10036\Q23G10036R1_RIL_VMD_AR3003_GC Upgradation - Technical.txt,,LOW,FOUND
Q24G10036\Q23G10036R2_RIL_VMD_AR3003_GC Upgradation - Technical.txt,,LOW,FOUND
Q24G10036\Q23G10036R3_RIL_VMD_AR3003_GC Upgradation - Technical.txt,,LOW,FOUND
Q24G10050\Q24G10050_RIL HMD_Cracker GC-Offer.txt,,LOW,FOUND
Q24G10050\Q24G10050R1_RIL HMD_Cracker GC_Techno Commercial_26.03.2025.txt,,LOW,FOUND
Q24G10050\Q24G10050R2_RIL HMD_Cracker GC_Techno Commercial_26.03.2025.txt,Q24G10050R2,HIGH,FOUND
Q24G10050\Q24G10069_RIL_HMD_MEG GC Upgradation.txt,,LOW,FOUND
Q24G10050\Q24G10069R1_RIL_HMD_MEG GC Upgradation.txt,Q24G10069R1,HIGH,FOUND
Q24G10050\Q24G10069R2_RIL_HMD_MEG GC Upgradation.txt,Q24G10069R2,HIGH,FOUND
Q24G10050\Q24G10069R3_RIL_HMD_MEG GC Upgradation - Commercial.txt,Q24G10069R3,HIGH,FOUND
Q24G10050\Q24G10069R4_RIL_HMD_MEG GC Upgradation - Commercial.txt,Q24G10069R4,HIGH,FOUND
Q24G10050\Q24G10069R5_RIL_HMD_MEG GC Upgradation - Commercial.txt,Q24G10069R5,HIGH,FOUND
Q24G10063\Q24G10063_RIL_VMD_1000168311.txt,Q24G10063,HIGH,NOT_FOUND
Q24G10068\Q24G10068_Ril_DMD_HDP Plant.txt,,LOW,FOUND
Q24G10068\Q24G10068R1_Ril_DMD_HDP Plant.txt,Q24W10068,HIGH,NOT_FOUND
Q24G10068\Q24G10068R2_Ril_DMD_HDP Plant.txt,Q24W10068,HIGH,NOT_FOUND
Q24G10068\Q24G10068R3_Ril_DMD_HDP Plant.txt,Q24W10068R3,HIGH,NOT_FOUND
Q24G10068\Q24G10068R4_Ril_DMD_HDP Plant.txt,Q24W10068R4,HIGH,NOT_FOUND
Q24G10068\Q24G10068R5_Ril_DMD_HDP Plant.txt,Q24W10068R5,HIGH,NOT_FOUND
Q24G10070\Q24G10070_Aromatic GC Upgradation_RIL JMD.txt,Q24G10070,HIGH,FOUND
Q24G10070\Q24G10070R1_Aromatic GC Upgradation_RIL JMD.txt,Q24G10070R1,HIGH,FOUND
Q24G10070\Q24G10070R2_Aromatic GC Upgradation_RIL JMD.txt,Q24G10070R2,HIGH,FOUND
Q24G10070\Q24G10070R3_Aromatic GC Upgradation_RIL JMD_Commercial 18032025.txt,Q24G10070R2,HIGH,FOUND
Q24G10070\Q24G10070R4_Aromatic GC Upgradation_RIL JMD_1000215160_Commercial.txt,Q24G10070R4,HIGH,FOUND
Q24G10070\Q24G10070R5_Aromatic GC Upgradation_RIL JMD_1000215160_Commercial.txt,Q24G10070R5,HIGH,FOUND
Q24G10074\Q24G10074_RIL_DMD_Technical Offer.txt,Q24G10074,HIGH,FOUND
Q24G10074\Q24G10074R1_RIL_DMD.txt,Q24G10074R1,HIGH,FOUND
Q24G10074\Q24G10074R2_RIL_DMD_TechnoCommercial.txt,Q24G10074R2,HIGH,FOUND
Q24G10074\Q24G10074R3_RIL_DMD_Commercial.txt,Q24G10074R3,HIGH,FOUND
Q24G10074\Q24G10074R4_RIL_DMD_Commercial.txt,Q24G10074R4,HIGH,FOUND
Q24G10074\Q24G10074R5_RIL_DMD_Commercial.txt,Q24G10074R5,HIGH,FOUND
Q24G10075\Q24G10074R1_Nayara Technical Offer.txt,Q24G10074R1,HIGH,FOUND
Q24N10058\Q24N10058R1_GC Replacement_HMEL_070225.txt,Q24N10058R1,HIGH,NOT_FOUND
Q24N10062\Q24N10062R1_T.EN_RIL_NMD_28.01.2025.txt,Q24N10062R1,HIGH,NOT_FOUND
Q24N10063\Q24N10063R1_Bechtel_RIL DMD.txt,Q24N10063R1,HIGH,NOT_FOUND
Q24N10063\Q24N10063R2_Bechtel_RIL DMD.txt,Q24N10063R2,HIGH,NOT_FOUND
Q24N10063\Q24N10063R3_Bechtel_RIL DMD.txt,Q24N10063R3,HIGH,NOT_FOUND
Q24N10063\Q24N10063R4_Bechtel_RIL DMD.txt,Q24N10063R4,HIGH,NOT_FOUND
Q24N10063\Q24N10063R5_Commercial offer_Bechtel_RIL DMD.txt,Q24N10063R5,HIGH,NOT_FOUND
Q24N10063\Q24N10063R6_Commercial offer_Bechtel_RIL DMD.txt,Q24N10063R6,HIGH,NOT_FOUND
Q24S10048\Q24S10048R1_HPCL UOP O2 analyser_07.05.2025.txt,Q24S10063,HIGH,FOUND
Q24S10049\Q24S10049R1_Megha_PRU unit_ IOCL Barauni - Technical.txt,,LOW,NOT_FOUND
Q24S10056\Q24S10056_MEGHA_EPCC_CO+CO2+O2_TECHNO COMMERCIAL.txt,,LOW,FOUND
Q24S10070\Compliance to BOQ.txt,Q24S10070_Tender,HIGH,FOUND
Q24S10070\MEIL - AMADAS final price offer.txt,Q24S10070R1,HIGH,FOUND
Q24S10070\Q24S10070R1_AMADAS_IOCLPARADEEP_Commercial.txt,Q24S10070R1,HIGH,FOUND
Q24S10073\ATC Docs 4_Technical.txt,,LOW,NOT_FOUND
Q24S10073\Q24S10073_HPCL Visakh.txt,Q24S10073,HIGH,FOUND
Q24S10074\Q24S10074_VOC_GC.txt,Q24S10074,HIGH,FOUND
Q24W10071\Q24W10071_RIL_VMD_PP GC - Offer..txt,,LOW,FOUND
Q24W10071\Q24W10071R1_RIL_VMD_PP GC - Offer.txt,,LOW,FOUND
Q24W10071\Q24W10071R2_RIL_VMD_PP GC - Offer..txt,,LOW,FOUND
Q24W10071\Q24W10071R3_RIL_VMD_PP GC - Commercial Offer..txt,,LOW,FOUND
Q24W10092\Q24W10092_GC Polysilicon Facility_RIL_JMD.txt,Q24W10092,HIGH,FOUND
Q24W10092\Q24W10092R2_GC Polysilicon Facility_RIL_JMD.txt,Q24W10092R2,HIGH,FOUND
Q24W10092\Q24W10092R3_GC Polysilicon Facility_RIL_JMD_14.08.25.txt,Q24W10092R3,HIGH,FOUND
Q24W10092\Q24W10092R4_GC Polysilicon Facility_RIL_JMD_18.08.25.txt,Q24W10092R4,HIGH,NOT_FOUND
Q24W10095\Q24W10095_O2_IOCL Panipat INDMAX Heater offer.txt,Q24W10095,HIGH,FOUND
Q24W10105\Q24W10105_RIL_NMD_GC Replacement.txt,,LOW,FOUND
Q24W10105\Q24W10105C0_RIL_NMD_GC Replacement.txt,Q24W10105C0,HIGH,FOUND
Q24W10105\Q24W10105R1_RIL_NMD_GC Replacement_.txt,,LOW,FOUND
Q24W10105\Q24W10105R2_RIL_NMD_GC Replacement.txt,,LOW,FOUND
Q24W10105\Q24W10105R3_RIL_NMD_GC Replacement.txt,,LOW,FOUND
Q24W10109\Q24W10109.txt,,LOW,FOUND
Q24W10117\Q24W10117R1_JNK_Wobbe Index Analyzer at RIL DMD_Techo Commercial offer.txt,,LOW,NOT_FOUND
Q24W10117\Q24W10117R2_JNK_Wobbe Index Analyzer at RIL DMD_Techno Commoffer.txt,,LOW,NOT_FOUND
Q24W10117\Q24W10117R3_JNK_Wobbe Index and Density Analyzer at RIL DMD_Technical offer.txt,,LOW,NOT_FOUND
Q24W10117\Q24W10117R4_JNK_Wobbe Index and Density Analyzer at RIL DMD_Technical offer.txt,,LOW,NOT_FOUND
Q24W10118\Priced Bid Q24W10118R6 Adage Reliance CPVC CEMS_12.05.2025.txt,C,HIGH,FOUND
Q24W10118\Q24W10118R1_Worley_RIL DMD_CEMS.txt,,LOW,FOUND
Q24W10118\Q24W10118R1_Worley_RIL DMD_CEMS_Commented.txt,,LOW,FOUND
Q24W10118\Q24W10118R3_Worley_RIL DMD_CEMS.txt,,LOW,FOUND
Q24W10118\Q24W10118R4_Worley_RIL DMD_CEMS.txt,Q24W10118R4,HIGH,NOT_FOUND
Q24W10118\Q24W10118R5_Worley_RIL DMD_CEMS.txt,Q24W10118R5,HIGH,NOT_FOUND
Q24W10121\Q24W10121_Tata Projects_HCDW Technical offer.txt,Q24W10121,HIGH,NOT_FOUND
Q24W10121\Q24W10121R1_Tata Projects_HCDW Technical offer.txt,Q24W10121R1,HIGH,NOT_FOUND
Q24W10121\Q24W10121R2_Tata Projects_HCDW Technical offer.txt,Q24W10121R2,HIGH,NOT_FOUND
Q24W10121\Q24W10121R3_Tata Projects_HCDW Technical offer.txt,Q24W10121R3,HIGH,NOT_FOUND
Q24W10121\Q24W10121R4_Tata Projects_HCDW Technical offer.txt,Q24W10121R4,HIGH,NOT_FOUND
Q24W10121\Q24W10121R5_Tata Projects_HCDW Techo Commercial offer.txt,Q24W10121R5,HIGH,FOUND
Q24W10122\Q24W10122R1_EDC CEMS_RIL DMD - Offer.txt,Q24W10122R1,HIGH,FOUND
Q24W10122\Q24W10122R3_EDC CEMS_RIL DMD - Offer.txt,Q24W10122R3,HIGH,FOUND
Q24W10122\Q24W10122R4_EDC CEMS_RIL DMD - Offer.txt,Q24W10122R3,HIGH,FOUND
Q24W10122\Q24W10122R5_EDC CEMS_RIL DMD - Offer.txt,Q24W10122R5,HIGH,FOUND
Q24W10122\Q24W10123R6_EDC PROCESS_RIL DMD.txt,Q24W10123R6,HIGH,NOT_FOUND
Q24W10122\Q24W10123R7_EDC PROCESS_RIL DMDR1.txt,Q24W10123R7,HIGH,NOT_FOUND
Q24W10123\Q24W10123R1_EDC PROCESS_RIL DMD - Technical Offer.txt,Q24W10123R1,HIGH,NOT_FOUND
Q24W10123\Q24W10123R2_EDC_PROCESS_RIL DMD_19.02.2025.txt,Q24W10123R2,HIGH,NOT_FOUND
Q24W10123\Q24W10123R3_EDC PROCESS_RIL DMD_13.03.2025.txt,Q24W10123R3,HIGH,NOT_FOUND
Q24W10123\Q24W10123R4_EDC PROCESS_RIL DMD.txt,Q24W10123R4,HIGH,NOT_FOUND
Q24W10123\Q24W10123R5_EDC PROCESS_RIL DMD.txt,Q24W10123R5,HIGH,NOT_FOUND
Q24W10123\Q24W10123R6_EDC PROCESS_RIL DMD.txt,Q24W10123R6,HIGH,NOT_FOUND
Q24W10123\Q24W10123R7_EDC PROCESS_RIL DMDR1.txt,,LOW,FOUND
Q24W10123\Q24W10123R8_EDC PROCESS_RIL DMDR1_18.07.2025.txt,,LOW,FOUND
Q24W10123\Q24W10123R9_EDC PROCESS_RIL DMDR1_30.07.2025.txt,Q24W10123R9,HIGH,NOT_FOUND
Q24W10123\TECHNICAL SUMMARY_Q24W10123R10_EDC PROCESS_RIL DMD_TECHNICAL.txt,Q24W10123R10,HIGH,NOT_FOUND
Q24W10124\Q24W10124_Technip_RIL DMD_Acetylene Analyser Technical offer_.txt,Q24W10124,HIGH,NOT_FOUND
Q24W10124\Q24W10124R1_Technip_RIL DMD_Acetylene Analyser Technical offer.txt,Q24W10124R1,HIGH,NOT_FOUND
Q24W10124\Q24W10124R2_Technip_RIL DMD_Acetylene Analyser Technical offer.txt,Q24W10124R2,HIGH,NOT_FOUND
Q24W10124\Q24W10124R3_Technip_RIL DMD_Acetylene Analyser Technical offer.txt,BID,HIGH,NOT_FOUND
Q24W10124\Q24W10124R4_Technip_RIL DMD_Acetylene Analyser Technical offer.txt,Q24W10124R4,HIGH,NOT_FOUND
Q24W10124\Q24W10124R5_Technip_RIL DMD_Acetylene Analyser Technical offer.txt,Q24W10124R5,HIGH,NOT_FOUND
Q24W10124\Q24W10124R6_Technip_RIL DMD_Acetylene Analyser Technical offer.txt,Q24W10124R6,HIGH,NOT_FOUND
Q24W10124\Q24W10124R7_Technip_RIL DMD_Acetylene Analyser Technical offer.txt,Q24W10124R6,HIGH,NOT_FOUND
Q24W10124\Q24W10124R8_Technip_RIL DMD_Acetylene Analyser Technical offer.txt,Q24W10124R8,HIGH,NOT_FOUND
"Q24W10125\Q24W10125_SRU Stack Analyzer for SOX, NOX, CO.txt",Q24W10125,HIGH,NOT_FOUND
"Q24W10125\Q24W10125_Tender_SRU Stack Analyzer for SOX, NOX, CO_.txt",Q24W10125_Tender,HIGH,FOUND
"Q24W10125\Q24W10125R1_SRU Stack Analyzer for SOX, NOX, CO_.txt",Q24W10125R1,HIGH,NOT_FOUND
"Q24W10125\Q24W10125R2_SRU Stack Analyzer for SOX, NOX, CO_.txt",Q24W10125R2,HIGH,NOT_FOUND
"Q24W10125\Q24W10125R3_SRU Stack Analyzer for SOX, NOX, CO_.txt",Q24W10125R3,HIGH,FOUND
"Q24W10125\Q24W10125R4_SRU Stack Analyzer for SOX, NOX, CO_.txt",Q24W10125R3,HIGH,FOUND
Q24W10126\Q24W10126R0_O2 in CL2 ANALYSER SYSTEM.txt,Q24W10126,HIGH,FOUND
Q24W10126\Q24W10126R1_O2 in CL2 ANALYSER.txt,Q24W10126R1,HIGH,FOUND
Q24W10126\Q24W10126R2_O2 in CL2 ANALYSER SYSTEM.txt,Q24W10126R2,HIGH,FOUND
Q24W10126\Q24W10126R3_O2 in CL2 ANALYSER SYSTEM_COMMERCIAL (1).txt,Q24W10126R3,HIGH,FOUND
Q24W10126\Q24W10126R3_O2 in CL2 ANALYSER SYSTEM_COMMERCIAL.txt,Q24W10126R3,HIGH,FOUND
Q24W10126\Q24W10126R4_O2 in CL2.txt,Q24W10126,HIGH,FOUND
Q24W10126\Q24W10126R5_O2 in CL2.txt,Q24W10126,HIGH,FOUND
Q24W10127\2526G010 Technoquest - Sterling Green Hydrogen.txt,2526G010,HIGH,FOUND
Q24W10128\Q24W10128R1_VCM CEMS_RIL DMD.txt,Q24W10128R1,HIGH,FOUND
Q24W10128\Q24W10128R2_VCM CEMS_RIL DMD.txt,Q24W10128R2,HIGH,FOUND
Q24W10128\Q24W10128R3_VCM CEMS_RIL DMD.txt,Q24W10128R3,HIGH,FOUND
Q24W10128\Q24W10128R4_VCM CEMS_RIL DMD.txt,Q24W10128R4,HIGH,FOUND
Q24W10128\Q24W10128R5_VCM CEMS_RIL DMD.txt,Q24W10128R5,HIGH,FOUND
Q24W10128\Q24W10128R6_VCM CEMS_RIL DMD.txt,Q24W10128R6,HIGH,FOUND
Q24W10129\Q24W10129R1_TCE_RIL DMD_Chloro Alkali package.txt,Q24W10129,HIGH,FOUND
Q24W10129\Q24W10129R2_TCE_RIL DMD_Chloro Alkali package.txt,Q24W10129,HIGH,FOUND
Q24W10129\Q24W10129R3_TCE_RIL DMD_Chloro Alkali package.txt,Q24W10129,HIGH,FOUND
Q24W10129\Q24W10129R4_TCE_RIL DMD_Chloro Alkali package - Commercial offer.txt,Q24W10129,HIGH,FOUND
Q24W10129\Q24W10129R4_TCE_RIL DMD_Chloro Alkali package.txt,Q24W10129,HIGH,FOUND
Q24W10130\Q24W10130R1_Technip_RIL DMD_DBN Cracker - Offer.txt,Q24W10130R1,HIGH,FOUND
Q24W10130\Q24W10130R2_Technip_RIL DMD_DBN Cracker - Offer.txt,Q24W10130R2,HIGH,FOUND
Q24W10130\Q24W10130R3_Technip_RIL DMD_DBN Cracker - Offer.txt,Q24W10130R3,HIGH,FOUND
Q24W10130\Q24W10130R4_Technip_RIL DMD_DBN Cracker - Offer.txt,Q24W10130R4,HIGH,FOUND
Q24W10130\Q24W10130R5_Technip_RIL DMD_DBN Cracker - Offer.txt,Q24W10130R5,HIGH,FOUND
Q24W10130\Q24W10130R6_Technip_RIL DMD_DBN Cracker - Offer.txt,Q24W10130R6,HIGH,FOUND
Q24W10130\Q24W10130R7_Technip_RIL DMD_DBN Cracker - Commercial Offer.txt,Q24W10130R7,HIGH,FOUND
Q24W10131\Q24W10131R1_VCM_Process_RIL NMD.txt,Q24W10131,HIGH,FOUND
Q24W10136\Q24W10132_Technip_RIL NMD_Acetylene_DBN Cracker.txt,Q24W10132,HIGH,NOT_FOUND
Q24W10136\Q24W10132R1_Technip_RIL NMD_Acetylene_DBN Cracker.txt,Q24W10132R1,HIGH,NOT_FOUND
Q24W10136\Q24W10132R2_Technip_RIL NMD_Acetylene_DBN Cracker.txt,Q24W10132R2,HIGH,NOT_FOUND
Q24W10136\Q24W10132R3_Technip_RIL NMD_Acetylene_DBN Cracker.txt,Q24W10132R2,HIGH,NOT_FOUND
Q24W10136\Q24W10132R4_Technip_RIL NMD_Acetylene_DBN Cracker.txt,Q24W10132R4,HIGH,NOT_FOUND
Q24X10030\Q24X10030 EM Singapore Jurong.txt,Q24X10030,HIGH,FOUND
Q24X10030\Q24X10030R1 EM Singapore Jurong.txt,Q24X10030R1,HIGH,FOUND
Q24X10030\Q24X10030R2 EM Singapore Jurong.txt,Q24X10030R2,HIGH,FOUND
Q2501B001\Offer#Q2501B001R1_GREENSOL_CEMS.txt,Q2501B001R1,HIGH,FOUND
Q2501B004\Offer#Q2501B004R1_Dalmia_Ariyalur_Techno_Commercial.txt,Q2501B004R1,HIGH,FOUND
Q2501C001\Q2501C001R1_Technip_GNFC_AMUGL.txt,Q2501C001R1,HIGH,FOUND
Q2501C001\Q2501C001R2_Technip_GNFC_AMUGL.txt,Q2501C001R2,HIGH,FOUND
Q2501E002\Offer#Q2501E002_Tata Steel H2 analyser system Techno commercial offer.txt,Q2501E002,HIGH,FOUND
Q2501E004\OFFER#Q2501E004R1_L&T _TECHNICAL_COMMERCIAL.txt,Q2501E004R1,HIGH,FOUND
Q2501E004\OFFER#Q2501E004R2_L&T _TECHNO COMMERCIAL.txt,Q2501E004R2,HIGH,FOUND
Q2501E004\OFFER#Q2501E004R3_L&T _TECHNICAL_COMMERCIAL.txt,Q2501E004R3,HIGH,FOUND
Q2501E006\OFFER#Q2501E006_SAIL_DSP_CV_ANALYSER_TECHNO_COMMERCIAL.txt,Q2501E006,HIGH,FOUND
Q2501E008\OFFER#Q2501E008R1_L&T _Techno commercial.txt,Q2501E008R1,HIGH,FOUND
Q2501E008\OFFER#Q2501E008R2_L&T _Technical.txt,Q2501E008R2,HIGH,FOUND
Q2501E008\OFFER#Q2501E008R3_L&T _Techno commercial_.txt,Q2501E008R3,HIGH,FOUND
Q2501E010\Q2501E010R1_Ellenbarrie_ASU.txt,Q2501E010R1,HIGH,FOUND
Q2501E010\Q2501E010R2_Ellenbarrie_ASU.txt,Q2501E010R2,HIGH,FOUND
Q2501E010\Q2501E010R3_Ellenbarrie_ASU.txt,Q2501E010R3,HIGH,FOUND
Q2501E010\Q2501E010R4_Ellenbarrie_ASU.txt,Q2501E010R4,HIGH,FOUND
Q2501E010\Q2501E010R5_Ellenbarrie_ASU.txt,Q2501E010R5,HIGH,FOUND
Q2501E010\Q2501E010R6_Ellenbarrie_ASU.txt,Q2501E010R6,HIGH,FOUND
Q2501E010\Q2501E010R7_Ellenbarrie_ASU.txt,Q2501E010R7,HIGH,FOUND
Q2501E011\Offer#Q2501E011R1_JSPL_CH4_TECHNICAL.txt,Q2501E011R1,HIGH,FOUND
Q2501E011\Q2501E011R2_JSPL_CH4.txt,Q2501E011R2,HIGH,FOUND
Q2501G001\2526G01R2 Aarti Industries limited CEMS - Jhagadia (1).txt,2526G01,HIGH,FOUND
Q2501G001\2526G01R2 Aarti Industries limited CEMS - Jhagadia.txt,2526G01,HIGH,FOUND
Q2501H001\OFFER#_Q2501H001_Re Sustainability_TECHNO COMMERCIAL.txt,Q2501H001,HIGH,FOUND
Q2501M001\OFFER#Q2501W001_Chandak Group  _Techno Commercial.txt,Q2501W001,HIGH,FOUND
Q2501M003\OFFER#Q2501M003_TCE_RIL_TECHNICAL.txt,Q2501M003,HIGH,FOUND
Q2501M003\OFFER#Q2501M003R1_TCE_RIL_TECHNICAL.txt,Q2501M003R1,HIGH,FOUND
Q2501M003\OFFER#Q2501M003R2_TCE_RIL_TECHNICAL.txt,Q2501M003R2,HIGH,FOUND
Q2501M003\OFFER#Q2501M003R3_TCE_RIL_TECHNICAL.txt,Q2501M003R3,HIGH,FOUND
Q2501M003\OFFER#Q2501M003R4_TCE_RIL_TECHNICAL.txt,Q2501M003R4,HIGH,FOUND
Q2501N001\Offer#Q2501N001_AIR LIQUIDE__TECHNICAL..txt,Q2501N001,HIGH,FOUND
Q2501N001\Offer#Q2501N001R1_AIR LIQUIDE__TECHNICAL.txt,Q2501N001R1,HIGH,FOUND
Q2501N001\Offer#Q2501N001R2_AIR LIQUIDE__TECHNICAL..txt,Q2501N001R2,HIGH,FOUND
Q2501N001\Offer#Q2501N001R3_AIR LIQUIDE__TECHNICAL.txt,Q2501N001R3,HIGH,FOUND
Q2501N001\Offer#Q2501N001R4_AIR LIQUIDE__TECHNICAL.txt,Q2501N001R4,HIGH,FOUND
Q2501N002\OFFER_Q2501N002R1_TUNA_RAIGARH_TECHNICAL..txt,Q2501N003R1,HIGH,FOUND
Q2501N003\OFFER_Q2501N003R1_TUNA_RAIPUR_TECHNICAL..txt,Q2501N003R1,HIGH,FOUND
Q2501N004\Q2501N004R1_SMS India_JSW Dolvi.txt,Q2501N004R1,HIGH,FOUND
Q2501N005\OFFER#Q2501N005_DANIELI COROUS _Techno commercial.txt,Q2501N005,HIGH,FOUND
Q2501N005\OFFER#Q2501N005R1_DANIELI COROUS _Techno commercial-.txt,Q2501N005R1,HIGH,FOUND
Q2501N007\Offer#Q2501N007_AIR LIQUIDE__TECHNICAL.txt,Q2501N007,HIGH,FOUND
Q2501N007\Offer#Q2501N007R1_AIR LIQUIDE__TECHNICAL.txt,Q2501N007R1,HIGH,FOUND
Q2501N007\Offer#Q2501N007R2_AIR LIQUIDE__TECHNICAL.txt,Q2501N007R2,HIGH,FOUND
Q2501N007\Offer#Q2501N007R3_AIR LIQUIDE__TECHNOCOMMERCIAL..txt,Q2501N007R2,HIGH,FOUND
Q2501N007\Offer#Q2501N007R4_AIR LIQUIDE__TECHNOCOMMERCIAL.txt,Q2501N007R4,HIGH,FOUND
Q2501N007\Offer#Q2501N007R5_AIR LIQUIDE__TECHNOCOMMERCIAL..txt,Q2501N007R4,HIGH,FOUND
Q2501N008\Offer#Q2501N008_AIR LIQUIDE__TECHNICAL.txt,Q2501N008,HIGH,FOUND
Q2501N008\Offer#Q2501N008R1_AIR LIQUIDE__TECHNICAL.txt,Q2501N008R1,HIGH,FOUND
Q2501N008\Offer#Q2501N008R2_AIR LIQUIDE__TECHNICAL.txt,Q2501N008R2,HIGH,FOUND
Q2501N011\OFFER#Q2408N065R2_Jubilant Ingrevia _TECHNICAL_COMMERCIAL.txt,Q2408N065R2,HIGH,FOUND
Q2501N012\Offer#Q2408N062R1_CHAMBAL FERTILISERS AND CHEMICALS LIMITED _TECHNICAL_COMMERCIAL.txt,Q2408N062R1,HIGH,FOUND
Q2501N013\OFFER#Q2409N077R2_ J.K.CEMENT WORKS _TECHNO COMMERCIAL.txt,Q2409N077R2,HIGH,FOUND
Q2501X001\Q2501X001R1_Indorama_Standalone NH3.txt,Q2501X001R1,HIGH,FOUND
Q2501X001\Q2501X001R2_Indorama_Standalone NH3.txt,Q2501X001R2,HIGH,FOUND
Q2501X002\OFFER#Q2501X002_SIEMENS_THAILAND_KILN_INLET.txt,Q2501X002,HIGH,FOUND
Q2501X003\Offer#Q2501X003_Siemens_SAS_Kiln_Inlet_Techno_commercial_offer.txt,Q2501X003,HIGH,FOUND
Q2502B005\OFFER#Q2502B005_MUKUND_SUMI_DUST_AAQMS_TECHNO_COMMERCIAL.txt,Q2502B005,HIGH,FOUND
Q2502B005\OFFER#Q2502B005R1_MUKUND_SUMI_AAQMS_TECHNICAL.txt,Q2502B005R1,HIGH,FOUND
Q2502B005\OFFER#Q2502B005R4_MUKUND_SUMI_AAQMS_TECHNO COMMERCIAL.txt,Q2502B005R4,HIGH,FOUND
Q2502B009\OFFER#Q2502B009_JSW Steel _Technical.txt,Q2502B009,HIGH,FOUND
Q2502B009\OFFER#Q2502B009R1_JSW Steel_Techno Commercial.txt,Q2502B009R1,HIGH,FOUND
Q2502B010\OFFER#Q2502B010_JSW Steel_Technical.txt,Q2502B010,HIGH,FOUND
Q2502B010\OFFER#Q2502B010R1_JSW Steel_Techno commercial.txt,Q2502B010R1,HIGH,FOUND
Q2502B014\Q2502B014_BHEL EDN_FGD_SCR.txt,Q2502B014,HIGH,FOUND
Q2502B014\Q2502B014R1_BHEL EDN_FGD_SCR.txt,Q2502B014R1,HIGH,FOUND
Q2502C006\Q2502C006_Technip_GMPL_AAQMS_CEMS.txt,Q2502C006,HIGH,FOUND
Q2502C006\Q2502C006R1_Technip_GMPL_AAQMS_CEMS.txt,Q2502C006R1,HIGH,FOUND
Q2502E012\OFFER#Q2502E012_JSW_BPSL_CV_ANALYSER_TECHNO_COMMERCIAL.txt,Q2502E012,HIGH,FOUND
Q2502E013\Offer#Q2502E013_HPL_CEMS_TECHNICAL.txt,Q2502E013,HIGH,FOUND
Q2502E014\OFFER#Q2502E014_PRIME METALS_TECHNICAL.txt,Q2502E014,HIGH,FOUND
Q2502E014\OFFER#Q2502E014R1_PRIME METALS_TECHNICAL.txt,Q2502E014R1,HIGH,FOUND
Q2502E014\OFFER#Q2502E014R2_PRIME METALS_TECHNOCOMMERCIAL DATED 28.05.25.txt,Q2502E014R2,HIGH,FOUND
Q2502E015\OFFER#Q2502E015R1_INDORAMA (IRC Agrochemicals pvt ltd) _Techno Commercial.txt,Q2502E015R1,HIGH,FOUND
Q2502E015\OFFER#Q2502E015R2_INDORAMA (IRC Agrochemicals) _Techno commercial.txt,Q2502E015R2,HIGH,FOUND
Q2502E021\Q2502E021R2_CFBC Boiler_Rungta Mines.txt,Q2502E021R2,HIGH,FOUND
Q2502E021\Q2502E021R3_CFBC Boiler_Rungta Mines_Techno_Commercial Offer.txt,Q2502E021R3,HIGH,FOUND
Q2502E022\Q2502E022_SAIL BSL_CDI.txt,Q2502E022,HIGH,FOUND
Q2502E022\Q2502E022R1_SAIL Bokaro_CDI.txt,Q2502E022R1,HIGH,FOUND
Q2502E024\OFFER#Q2502E024_METSO _Techno commercial.txt,Q2502E024,HIGH,FOUND
Q2502E025\Q2502E025_SAIL Bhilai_CDI.txt,Q2502E025,HIGH,FOUND
Q2502E029\OFFER#Q2502E029_ Steel Plantech India Pvt. Ltd._Technical.txt,Q2502E029,HIGH,FOUND
Q2502H005\OFFER_Q2502H005_Coromandel_Kakinada _Techno commercial.txt,Q2502H005,HIGH,FOUND
Q2502H005\OFFER_Q2502H005R1_Coromandel_Kakinada _Techno commercial-.txt,Q2502H005,HIGH,FOUND
Q2502H005\OFFER_Q2502H005R2_Coromandel_Kakinada _Techno commercial.txt,Q2502H005R2,HIGH,FOUND
Q2502H005\OFFER_Q2502H005R3_Coromandel_Kakinada _Techical.txt,Q2502H005R3,HIGH,FOUND
Q2502H005\OFFER_Q2502H005R4_Coromandel_Kakinada _Techical.txt,Q2502H005R4,HIGH,FOUND
Q2502H005\OFFER_Q2502H005R5_Coromandel_Kakinada _Techno commercial.txt,Q2502H005R5,HIGH,FOUND
Q2502H006\Offer#Q2502H006_H2_PURITY_APGENCO.txt,Q2502H006,HIGH,FOUND
"Q2502H007\OFFER_Q2502H007R1_Heildelberg Cement, Zuari Cement_Techno commercial.txt",Q2502H007R1,HIGH,FOUND
Q2502H008\OFFER#_Q2502H008_Infinity Automation solutions _Technical.txt,Q2502H008,HIGH,FOUND
Q2502H008\OFFER#_Q2502H008R1_Infinity Automation solutions _Techno commercial.txt,Q2502H008R1,HIGH,FOUND
Q2502H009\OFFER#Q2502H009_Ultratech cement_Technical.txt,Q2502H009,HIGH,FOUND
Q2502H009\OFFER#Q2502H009R1_Ultratech cement_Techno Commercial.txt,Q2502H009R1,HIGH,FOUND
Q2502H009\OFFER#Q2502H009R2_Ultratech cement_Techno Commercial (1).txt,Q2502H009R2,HIGH,FOUND
Q2502H009\OFFER#Q2502H009R2_Ultratech cement_Techno Commercial.txt,Q2502H009R2,HIGH,FOUND
Q2502H010\OFFER#Q2502H010_PES ENGINEERS PVT LTD_TECHNICAL.txt,Q2502H010,HIGH,FOUND
Q2502H010\OFFER#Q2502H010R1_PES ENGINEERS PVT LTD_TECHNOCOMMERCIAL.txt,Q2502H010R1,HIGH,FOUND
Q2502M004\Q2502M004_Toyo_BCGCL_Ammonia Synthesis Unit.txt,Q2502M004,HIGH,FOUND
Q2502M004\Q2502M004R1_Toyo_BCGCL_Ammonia Synthesis Unit.txt,Q2502M004R1,HIGH,FOUND
Q2502M004\Q2502M004R2_Toyo_BCGCL_Ammonia Synthesis Unit.txt,Q2502M004R2,HIGH,FOUND
Q2502M005\TECHNICAL_BID_AAQMS_compressed.txt,,LOW,FOUND
Q2502N017\Offer#Q2502N017_AIR LIQUIDE__TECHNICAL.txt,Q2502N017,HIGH,FOUND
Q2502N017\Offer#Q2502N017R1_AIR LIQUIDE__TECHNICAL.txt,Q2502N017R1,HIGH,FOUND
Q2502N017\Offer#Q2502N017R2_AIR LIQUIDE__TECHNICAL.txt,Q2502N017R2,HIGH,FOUND
Q2502N021\Q2502N021_BHEL_H2 Purity.txt,Q2502N021,HIGH,FOUND
Q2502N022\Offer#Q2502N022_AIR LIQUIDE__TECHNICAL.txt,Q2502N022,HIGH,FOUND
Q2502N022\Offer#Q2502N022R1_AIR LIQUIDE__TECHNICAL DATED 03.06.25.txt,Q2502N022R1,HIGH,FOUND
Q2502N023\OFFER#Q2502N023_KUANTUM PAPERS _TECHNICAL.txt,Q2502N023,HIGH,FOUND
Q2502N023\OFFER#Q2502N023R1_KUANTUM PAPERS _TECHNICAL.txt,Q2502N023R1,HIGH,FOUND
Q2503B016\OFFER#Q2503B016 _JSW  Energy Ltd_ Technical.txt,Q2503B016,HIGH,FOUND
Q2503B016\OFFER#Q2503B016 _JSW  Energy Ltd_ Techno commercial.txt,Q2503B016,HIGH,FOUND
Q2503B017\Offer#Q2503B017_JSW_AAQMS_TECHNO_COMMERCIAL.txt,Q2503B017,HIGH,FOUND
Q2503C007\OFFER#Q2503C007_CPCL_MOBILE_AAQMS_TECHNO_COMMERCIAL.txt,Q2503C007,HIGH,FOUND
Q2503C007\OFFER#Q2503C007R1_CPCL_MOBILE_AAQMS_TECHNO_COMMERCIAL.txt,Q2503C007R1,HIGH,FOUND
Q2503C008\OFFER#Q2502C005_The Fertilisers & Chemicals Travncore Limited_Technical.txt,Q2502C005,HIGH,FOUND
Q2503C008\OFFER#Q2502C005R1_The Fertilisers & Chemicals Travncore Limited_Technical.txt,Q2502C005R1,HIGH,FOUND
Q2503C008\OFFER#Q2502C005R2_The Fertilisers & Chemicals Travncore Ltd_Techno commercial.txt,Q2502C005R2,HIGH,FOUND
Q2503E030\OFFER#Q2503E030_Tata Steel Ltd (Kalinganagar)_Technical..txt,Q2503E030,HIGH,FOUND
Q2503E030\OFFER#Q2503E030R1_Tata Steel Ltd (Kalinganagar)_Technical..txt,Q2503E030R1,HIGH,FOUND
"Q2503E031\OFFER#Q2503E031 _ Dalmia Cement , Rajgangpur_Techno commercial.txt",Q2503E031,HIGH,FOUND
Q2503E032\Offer#Q2503E032_TSL_AAQMS_TECHNICAL.txt,Q2503E032,HIGH,FOUND
Q2503E033\Offer#Q2503E033_JSPL_TECHNICAL.txt,Q2503E033,HIGH,FOUND
Q2503E034\OFFER#Q2503E034_NMDC_TECHNICAL.txt,Q2503E034,HIGH,FOUND
Q2503E034\OFFER#Q2503E034R1_NMDC_Techno commercial.txt,Q2503E034R1,HIGH,FOUND
Q2503E034\OFFER#Q2503E034R2_NMDC_Technical.txt,Q2503E034R2,HIGH,FOUND
Q2503E035\OFFER#Q2503E03_NUVOCO_Arasmeta_TECHNICAL.txt,Q2503E03,HIGH,FOUND
Q2503E035\OFFER#Q2503E03R1_NUVOCO_VISTAS_TECHNICAL.txt,Q2503E03R1,HIGH,FOUND
Q2503E035\OFFER#Q2503E03R2_NUVOCO_VISTAS_TECHNO_COMMERCIAL.txt,Q2503E03R2,HIGH,FOUND
Q2503E036\OFFER#Q2503E036_Bhilai Techneeds_Techno commercial.txt,Q2503E036,HIGH,FOUND
Q2503E037\Offer#Q2503E037_H2_PURITY_DVC_BUDGETARY.txt,Q2503E037,HIGH,FOUND
Q2503E037\Offer#Q2503E037R1_H2_PURITY_DVC_BUDGETARY (1).txt,Q2503E037R1,HIGH,FOUND
Q2503E037\Offer#Q2503E037R1_H2_PURITY_DVC_BUDGETARY.txt,Q2503E037R1,HIGH,FOUND
Q2503E038\OFFER#Q2503E038_RUNGTA_MINES_LTD_TECHNICAL.txt,Q2503E038,HIGH,FOUND
Q2503E039\OFFER#Q2503E039_SHYAM_METALIKS_LTD_TECHNICAL.txt,Q2503E039,HIGH,FOUND
Q2503E040\OFFER#Q2503E040_TCE HINDALCO_Technical.txt,Q2503E040,HIGH,FOUND
Q2503G004\2503GS011 GSFC Vadodara O2 PPM.txt,2503GS011,HIGH,FOUND
Q2503H014\OFFER#_Q2503H014_PH1 INDUSTRIES _TECHNO COMMERCIAL.txt,Q2503H014,HIGH,FOUND
"Q2503H015\OFFER#Q2503H015_JSW Steel,Salem  _Technical.txt",Q2503H015,HIGH,FOUND
Q2503H017\OFFER#Q2503H017_BHEL_Techno commercial.txt,Q2503H017,HIGH,FOUND
Q2503H018\Lotus wireless - CV Analyser offer 26.03.25 (1).txt,Q2503H09R1,HIGH,FOUND
Q2503M006\2425W082 -OFFER FOR KILN INLET GAS ANALYSER SYSTEM FOR UTCL DALLA CEMENT.txt,2425W082,HIGH,FOUND
"Q2503M007\Q2503M007_Aker Solutions_OCIOR Green Ammonia Project, Odisha.txt",Q2503M007,HIGH,FOUND
"Q2503M007\Q2503M007R1_Aker Solutions_OCIOR Green Ammonia Project, Odisha.txt",Q2503M007R1,HIGH,FOUND
"Q2503M007\Q2503M007R2_Aker Solutions_OCIOR Green Ammonia Project, Odisha.txt",Q2503M007R2,HIGH,FOUND
Q2503M009\Q2503M009_ITT Engineering_Petronet_PDH.txt,Q2503M009,HIGH,FOUND
Q2503M011\Q2503M011_Shubh Ventures_O2 Monitor.txt,Q2503M011,HIGH,FOUND
Q2503M011\Q2503M011R1_Shubh Ventures_O2 Monitor.txt,Q2503M011R1,HIGH,FOUND
Q2503M013\Q2503M013_L&T_Ammonia Synthesis Plant.txt,Q2503M013,HIGH,FOUND
Q2503M014\OFFER#Q2503M014_INOX_AIR_PRODUCTS_LTD.txt,Q2503M014,HIGH,FOUND
Q2503N025\Offer#Q2503N025_AIR LIQUIDE__TECHNICAL..txt,Q2503N025,HIGH,FOUND
Q2503N029\Offer#Q2503N029_INOX_AIR_PRODUCTS_LTD_TECHNO_COMMERCIAL.txt,Q2503N029,HIGH,FOUND
Q2503N031\OFFER#Q2503N031_ Ultratech Cement Limited_Technical.txt,Q2503N031,HIGH,FOUND
Q2503N031\OFFER#Q2503N031R1_ Ultratech Cement Limited_Techno Commercial.txt,Q2503N031R1,HIGH,FOUND
Q2503N032\OFFER#Q2503N032_ KHD Humboldt Wedag_Technical.txt,Q2503N032,HIGH,FOUND
Q2503N032\OFFER#Q2503N032R1_ KHD Humboldt Wedag_Technical.txt,Q2503N032R1,HIGH,FOUND
Q2503N032\OFFER#Q2503N032R2_ KHD Humboldt Wedag_Technical.txt,Q2503N032R2,HIGH,FOUND
Q2503N032\OFFER#Q2503N032R3_ KHD Humboldt Wedag_Technical.txt,Q2503N032R3,HIGH,FOUND
Q2503N032\OFFER#Q2503N032R4_ KHD Humboldt Wedag_Techno commercial.txt,Q2503N032R4,HIGH,FOUND
Q2503N033\OFFER#Q2503N033_Sonapur Minerals & Oils Pvt. Ltd. _Technical.txt,Q2503N033,HIGH,FOUND
Q2503N033\OFFER#Q2503N033R1_Sonapur Minerals & Oils Pvt. Ltd. _Techno commercial.txt,Q2503N033R1,HIGH,FOUND
Q2503N034\Email 16-06-2025.txt,,LOW,NOT_FOUND
Q2503N034\Offer#Q2503N034_ISGEC_TECHNICAL.txt,Q2503N034,HIGH,FOUND
Q2503N034\Offer#Q2503N034R2_ISGEC_TECHNICAL.txt,Q2503N034R2,HIGH,FOUND
Q2503N034\Offer#Q2503N034R4_ISGEC_TECHNO_COMMERCIAL.txt,Q2503N034R4,HIGH,FOUND
Q2503N036\OFFER#Q2502N024_Isgec Heavy Engineering _Technical.txt,Q2502N024,HIGH,FOUND
Q2503N037\Offer#Q2502N019_AIR LIQUIDE__TECHNICAL.txt,Q2502N019,HIGH,FOUND
Q2503N038\Q2503N038_BHEL_H2 Purity.txt,Q2503N038,HIGH,FOUND
Q2503N039\Q2503N039_Nuberg_NTPC_FCEV.txt,Q2503N039,HIGH,FOUND
Q2503N040\Offer#Q2503N040_AIR LIQUIDE__TECHNICAL.txt,Q2503N040,HIGH,FOUND
Q2503N041\Q2503N041_ACME_Green Ammonia.txt,Q2503N041,HIGH,FOUND
Q2503N041\Q2503N041R1_ACME_Green Ammonia.txt,Q2503N041R1,HIGH,FOUND
Q2503N042\OFFER#Q2503N042_Boldrocchi India_Techno Commercial.txt,Q2503N042,HIGH,FOUND
Q2503X006\Offer#Q2503X006_Siemens_France_Qatar_Energy_CEMS_Techno_commercial_offer.txt,Q2503X006,HIGH,FOUND
Q2504AKIC003\OFFER#Q2503AKIC002_SAIC_TECHNICAL.txt,Q2503AKIC002,HIGH,FOUND
Q2504B018\OFFER#Q2504B018_Incubate Hub_Techno- commercial.txt,Q2504B018,HIGH,FOUND
Q2504B025\OFFER#Q2504B025_SCHENCK_PROCESS_FINE_COAL_SILO_TECHNICAL.txt,Q2504B025,HIGH,FOUND
Q2504B025\OFFER#Q2504B025R1_QLAR_FINE_COAL-SILO_TECHNICAL.txt,Q2504B025R1,HIGH,FOUND
Q2504B025\OFFER#Q2504B025R2_QLAR_FINE_COAL-SILO_TECHNO_COMMERCIAL.txt,Q2504B025R2,HIGH,FOUND
Q2504B026\OFFER#Q2504B026_KIRLOSKAR_FERROUS_PCI_TECHNICAL.txt,Q2504B026,HIGH,FOUND
Q2504B026\OFFER#Q2504B026R1_KIRLOSKAR_FERROUS_PCI_TECHNICAL.txt,,LOW,FOUND
Q2504B027\OFFER#Q2504B027_QLAR_CMI & BF OL.txt,Q2504B027,HIGH,FOUND
Q2504B027\OFFER#Q2504B027R1_QLAR_FINE_COAL-SILO_TECHNICAL.txt,Q2504B027R1,HIGH,FOUND
Q2504B027\OFFER#Q2504B027R2_QLAR_FINE_COAL-SILO_TECHNICAL.txt,Q2504B027R2,HIGH,FOUND
"Q2504B040\OFFER#Q2504B040_JSW Steel, Vijayanagar Works_Techno commercial.txt",Q2504B040,HIGH,FOUND
"Q2504B043\OFFER#Q2504B043_JSW Steel, Vijayanagar Works_Techno commercial.txt",Q2504B043,HIGH,FOUND
Q2504B044\OFFER#Q2504B044_AIR WATER INDIA PVT LTD.txt,Q2504B044,HIGH,FOUND
Q2504B044\OFFER#Q2504B044R1_AIR WATER INDIA PVT LTD.txt,Q2504B044R1,HIGH,FOUND
Q2504B044\OFFER#Q2504B044R2_AIR WATER INDIA PVT LTD.txt,Q2504B044R2,HIGH,FOUND
Q2504B044\OFFER#Q2504B044R3_AIR WATER INDIA PVT LTD TECHNICAL.txt,Q2504B044R3,HIGH,FOUND
Q2504C010\OFFER#Q2504C010_BPCL_KOCHI_AAQMS.txt,Q2503C007,HIGH,FOUND
Q2504C012\OFFER#Q2504C012 _Birla Opus Paints _Techno commercial.txt,Q2504C012,HIGH,FOUND
Q2504E043\Q2504E043_EIGL_Online Gas Chromatograph.txt,Q2504E043,HIGH,FOUND
Q2504E043\Q2504E043R1_EIGL_Online Gas Chromatograph.txt,Q2504E043R1,HIGH,FOUND
Q2504E044\TECHNO_COMMERCIAL_BID_1.txt,,LOW,FOUND
Q2504E045\OFFER#Q2504E045_SIC_LIME_PVT_LTD.txt,Q2504E045,HIGH,FOUND
Q2504E047\Offer_ Q2502E028_Tata steel Ltd_ Jamshedpur _Technical.txt,Q2502E028,HIGH,FOUND
Q2504E050\Offer#Q2504E050_H2_PURITY_SYSTEM.txt,Q2504E050,HIGH,FOUND
Q2504E051\Offer#Q2302E015R8_CO_CO2_O2_H2_measurement system before  after boiler_Techno-Commercial.txt,Q2302E015R8,HIGH,FOUND
Q2504E052\OFFER#Q2504E052_JSW STEEL_TECHNICAL.txt,Q2504E052,HIGH,FOUND
Q2504E054\OFFER#Q2504E054_TRACE_N2_NMDC_NAGARNAR_LTD.txt,Q2504E054,HIGH,FOUND
Q2504E054\OFFER#Q2504E054R1_TRACE_N2_NMDC_NAGARNAR_LTD.txt,Q2504E054R1,HIGH,FOUND
Q2504E054\OFFER#Q2504E054R2_TRACE_N2_NMDC_NAGARNAR_LTD.txt,Q2504E054R2,HIGH,FOUND
Q2504E055\OFFER#Q2504E055_Primetals Technologies India Pvt. Ltd._Techno commercial.txt,Q2504E055,HIGH,FOUND
Q2504E055\OFFER#Q2504E055R1_Primetals Technologies India Pvt. Ltd._Techno commercial.txt,Q2504E055R1,HIGH,FOUND
Q2504E055\OFFER#Q2504E055R2_Primetals Technologies India Pvt. Ltd._Techno commercial.txt,Q2504E055R2,HIGH,FOUND
Q2504E055\OFFER#Q2504E055R3_Primetals Technologies India Pvt. Ltd._Techno commercial.txt,Q2504E055R3,HIGH,FOUND
Q2504E055\OFFER#Q2504E055R4_Primetals Technologies India Pvt. Ltd._Techno commercial.txt,Q2504E055R4,HIGH,FOUND
Q2504E055\OFFER#Q2504E055R5_Primetals Technologies India Pvt. Ltd._Techno commercial.txt,Q2504E055R5,HIGH,FOUND
Q2504E056\OFFER#Q2504E056 _L&T _TECHNICAL.txt,Q2504E056,HIGH,FOUND
Q2504E057\OFFER#Q2504E057_L&T _TECHNO COMMERCIAL.txt,Q2504E057,HIGH,FOUND
Q2504G008\2526G018 AMNS Gandhidham Galvanizing line H2 & O2 measurement.txt,2526G018,HIGH,FOUND
Q2504G009\Offer#Q2504G009_RIL_VMD_TECHNO_COMMERCIALL.txt,Q2504G009,HIGH,FOUND
Q2504H019\ADAGE_ANALYTICS_BID.txt,,LOW,FOUND
Q2504H020\OFFER#Q2504H020_SAI LIFE SCIENCES LIMITED_Techno commercial.txt,Q2504H020,HIGH,FOUND
Q2504H022\OFFER#Q2504H022_Hetero Labs Limited_Techno commercial.txt,Q2504H022,HIGH,FOUND
Q2504H024\BID SUBMISSION ANALYTICS.txt,,LOW,NOT_FOUND
Q2504M015\OFFER_Q2503M008_Deccan Fine Chemicals _Technical.txt,Q2503M008,HIGH,FOUND
Q2504N047\OFFER#Q2504N047_SMS India Pvt Ltd. _Technical.txt,Q2504N047,HIGH,FOUND
Q2504N047\OFFER#Q2504N047R1_SMS India Pvt Ltd. _Technical.txt,Q2504N047R1,HIGH,FOUND
Q2504N047\OFFER#Q2504N047R2_SMS India Pvt Ltd. _Techno Commercial.txt,Q2504N047R2,HIGH,FOUND
Q2504N047\OFFER#Q2504N047R3_SMS India Pvt Ltd. _ Techno Commercial.txt,Q2504N047R3,HIGH,FOUND
Q2504N047\OFFER#Q2504N047R4_SMS India Pvt Ltd.-Techno Commercial--.txt,Q2504N047R4,HIGH,FOUND
Q2504N047\OFFER#Q2504N047R5_SMS India Pvt Ltd.-Techno Commercial.txt,Q2504N047R5,HIGH,FOUND
Q2504N051\OFFER#Q2410N079R4_Pakka Packaging_TECHNICAL_COMMERCIAL.txt,Q2410N079R4,HIGH,FOUND
Q2504N052\Q2504N052_BHEL_H2 Purity.txt,Q2503N038,HIGH,FOUND
Q2504N053\OFFER#_Q2502N018_ ASVA ENTERPRISES _TECHNICAL.txt,Q2502N018,HIGH,FOUND
Q2504N053\OFFER#_Q2502N018R1_ ASVA ENTERPRISES _TECHNO_COMMERCIAL.txt,Q2502N018R1,HIGH,FOUND
Q2504N054\OFFER#Q2504N054_Ashoka Engineering India_Technical.txt,Q2504N054,HIGH,FOUND
Q2504N054\OFFER#Q2504N054R1_Ashoka Engineering India__Techno Commercial.txt,Q2504N054R1,HIGH,FOUND
Q2504N055\OFFER_Q2504N055_GFL_TECHNICAL.txt,Q2504N055,HIGH,FOUND
Q2504N056\OFFER#Q2504N056_ Ultratech Cement Limited_Technical.txt,Q2504N056,HIGH,FOUND
Q2504N057\OFFER#Q2504N057_KUANTUM PAPERS _TECHNICAL..txt,Q2504N057,HIGH,FOUND
Q2504N058\OFFER#Q2504N058_ KHD Humboldt _Technical.txt,Q2504N058,HIGH,FOUND
Q2504N058\OFFER#Q2504N058R1_ KHD Humboldt _Techno commercial.txt,Q2504N058R1,HIGH,FOUND
Q2504N059\OFFER#Q2504N059_ JK Cement Works _Technical.txt,Q2504N059,HIGH,FOUND
Q2504N060\Q2504N060_SMS India_JSW Dolvi_Dry Gas.txt,Q2504N060,HIGH,FOUND
Q2504N060\Q2504N060R1_SMS India_JSW Dolvi_Dry Gas.txt,Q2504N060R1,HIGH,FOUND
Q2504N060\Q2504N060R2_SMS India_JSW Dolvi_Dry Gas.txt,Q2504N060R2,HIGH,FOUND
Q2504N060\Q2504N060R3_SMS India_JSW Dolvi_Dry Gas.txt,Q2504N060R3,HIGH,FOUND
Q2504N060\Q2504N060R4_SMS India_JSW Dolvi_Dry Gas.txt,Q2504N060R4,HIGH,FOUND
Q2504N060\Q2504N060R5_SMS India_JSW Dolvi_Dry Gas.txt,Q2504N060R4,HIGH,FOUND
Q2504N061\Q2504N061_SMS India_JSW Dolvi_TDLAS.txt,Q2504N061,HIGH,FOUND
Q2504N061\Q2504N061R1_SMS India_JSW Dolvi_TDLAS.txt,Q2504N061R1,HIGH,FOUND
Q2504N061\Q2504N061R2_SMS India_JSW Dolvi_TDLAS.txt,Q2504N061R2,HIGH,FOUND
Q2504N061\Q2504N061R3_SMS India_JSW Dolvi_TDLAS.txt,Q2504N061R3,HIGH,FOUND
Q2504N061\Q2504N061R4_SMS India_JSW Dolvi_TDLAS.txt,Q2504N061R4,HIGH,FOUND
Q2504N062\Offer#Q2504N062_AIR LIQUIDE__TECHNICAL..txt,Q2504N062,HIGH,FOUND
Q2504X008\OFFER#Q2504X008_Siemens_Cemex_Techno_commerical_offer.txt,Q2504X008,HIGH,FOUND
"Q2504X010\OFFER#__Q2504X010_ Siemens, Thailand _Techno commercial.txt",Q2504X010,HIGH,FOUND
Q2505B045\OFFER#Q2505B045_MSSSL_TECHNICAL (1).txt,Q2505B045,HIGH,FOUND
Q2505B045\OFFER#Q2505B045_MSSSL_TECHNICAL.txt,Q2505B045,HIGH,FOUND
Q2505C014\Offer#Q2505C014_CHETTINAD_CEMENT_TECHNO_COMMERCIAL.txt,Q2505C014,HIGH,FOUND
Q2505C015\OFFER#Q2505C015_NCL_INDIA_LTD_NEYVELI_TECHNO_COMMERCIAL.txt,Q2505C015,HIGH,FOUND
Q2505C015\OFFER#Q2505C015R1_NCL_INDIA_LTD_NEYVELI_TECHNO_COMMERCIAL.txt,Q2505C015R1,HIGH,FOUND
Q2505C015\OFFER#Q2505C015R2_NCL_INDIA_LTD_NEYVELI_TECHNO_COMMERCIAL.txt,Q2505C015R2,HIGH,FOUND
Q2505C015\OFFER#Q2505C015R3_NCL_INDIA_LTD_NEYVELI_TECHNO_COMMERCIAL.txt,Q2505C015R3,HIGH,FOUND
Q2505C016\OFFER#Q2505C016_SAIPEM INDIA PROJECTS PRIVATE LIMITED_TECHNICAL..txt,Q2505C016,HIGH,FOUND
Q2505C017\Offer#Q2505C017_JSW_SALEM_PORTACABIN_TECHNICAL.txt,Q2505C017,HIGH,FOUND
Q2505E058\Certificate (Requested in ATC).txt,Q2411E152,HIGH,FOUND
Q2505E059\OFFER#Q2505E059_SAIL ISP_CV_ANALYSER_SYSYTEM _TECHNICAL.txt,Q2505E059,HIGH,FOUND
Q2505E059\OFFER#Q2505E059R1_SAIL ISP_CV_ANALYSER_SYSYTEM _TECHNICAL.txt,Q2505E059R1,HIGH,FOUND
Q2505E059\OFFER#Q2505E059R2_SAIL ISP_CV_ANALYSER_SYSYTEM _TECHNICAL.txt,Q2505E059R2,HIGH,FOUND
Q2505E059\OFFER#Q2505E059R5_SAIL ISP_CV_ANALYSER_SYSTEM _TECHNICAL.txt,Q2505E059R4,HIGH,FOUND
Q2505E061\OFFER#Q2505E061_Primetals Technologies India Pvt. Ltd._Technical.txt,Q2505E061,HIGH,FOUND
Q2505E061\OFFER#Q2505E061R1_Primetals Technologies India Pvt. Ltd._Technical.txt,Q2505E061R1,HIGH,FOUND
Q2505E061\OFFER#Q2505E061R2_Primetals Technologies India Pvt. Ltd._Technical.txt,Q2505E061R2,HIGH,FOUND
Q2505E061\OFFER#Q2505E061R3_Primetals Technologies India Pvt. Ltd._Technical_.txt,Q2505E061R3,HIGH,FOUND
Q2505E061\OFFER#Q2505E061R4_Primetals Technologies India Pvt. Ltd._Technical.txt,Q2505E061R4,HIGH,FOUND
Q2505E062\OFFER#Q2505E062_SAIL_BHILAI_CV_ANALYSER_TECHNICAL.txt,Q2505E062,HIGH,FOUND
Q2505E062\OFFER#Q2505E062R1_SAIL_BHILAI_CV_ANALYSER_TECHNICAL.txt,Q2505E062R1,HIGH,FOUND
Q2505E062\OFFER#Q2505E062R2_SAIL_BHILAI_CV_ANALYSER_TECHNO_COMMERCIAL.txt,Q2505E062R2,HIGH,FOUND
Q2505E063\Offer#Q2505E063_RUNGTA_MINES_HTT.txt,Q2505E063,HIGH,FOUND
"Q2505E065\OFFER#Q2505E065_Nuvoco, Sonadih_Techno commercial.txt",Q2505E065,HIGH,FOUND
Q2505E066\Offer#Q2505E066_CEMS_TECHNICAL.txt,Q2505E066,HIGH,FOUND
Q2505G010\Q2505G010_Waree Energies_IFFCO_HRS.txt,Q2505G010,HIGH,FOUND
Q2505G010\Q2505G010R1_Waree Energies_IFFCO_HRS.txt,Q2505G010R1,HIGH,FOUND
Q2505G011\2526G024 OFFER FOR CV ANALYSER SYSTEM FOR BOROIL.txt,2526G024,HIGH,FOUND
Q2505H025\Offer#Q2505H025_DALVKOT_BIOFUELS_CO_ANALYSER.txt,Q2505H025,HIGH,FOUND
Q2505H026\Offer#Q2505H026- HPCL Visakh - ZAG.txt,–,HIGH,FOUND
Q2505H027\Q2505H027_BHEL Hyd_BCGCL_Syngas Purification Unit.txt,Q2505H027,HIGH,FOUND
Q2505N064\OFFER#Q2505N064 _Vardhman Special Steel Limited _Technical.txt,Q2505N064,HIGH,FOUND
Q2505N064\OFFER#Q2505N064R1 _Vardhman Special Steel Limited _Technical.txt,Q2505N064R1,HIGH,FOUND
Q2505N064\OFFER#Q2505N064R2 _Vardhman Special Steel Ltd  _Techno commercial.txt,Q2505N064R2,HIGH,FOUND
Q2505N065\Q2505N065_Super Technical India Pvt Ltd_FCEV.txt,Q2505N065,HIGH,FOUND
Q2505N065\Q2505N065R1_Super Technical India Pvt Ltd_FCEV.txt,Q2505N065R1,HIGH,FOUND
Q2505N066\Offer#Q2505N066_AIR LIQUIDE__TECHNICAL.txt,Q2505N066,HIGH,FOUND
Q2505N067\Q2505N067_Offer.txt,Q2505N067,HIGH,FOUND
Q2505N070\OFFER#Q2505N070_ Isgec Heavy Engineering _(Birla carbon AP)_Techno commercial.txt,Q2505N070,HIGH,FOUND
Q2505N070\OFFER#Q2505N070R1_ Isgec Heavy Engineering _(Birla carbon AP)_Technical.txt,Q2505N070R1,HIGH,FOUND
Q2505N070\OFFER#Q2505N070R2_ Isgec Heavy Engineering _(Birla carbon AP)_Technical.txt,Q2505N070R2,HIGH,FOUND
Q2505N070\OFFER#Q2505N070R3_ Isgec Heavy Engineering _(Birla carbon AP)_Techno commercial.txt,Q2505N070R3,HIGH,FOUND
Q2505N071\OFFER#Q2505N071_Dalmia cement _Technical.txt,Q2505N071,HIGH,FOUND
Q2505N071\OFFER#Q2505N071R1_Dalmia cement _Technical.txt,Q2505N071R1,HIGH,FOUND
Q2505N071\OFFER#Q2505N071R2_Dalmia cement _TechnoCommercial.txt,Q2505N071R2,HIGH,FOUND
Q2505N072\OFFER#Q2505N072_ISGEC_WEST_KENYA_OXYGEN_TECHNICAL.txt,Q2505N072,HIGH,FOUND
Q2505N072\OFFER#Q2505N072R1_ISGEC_WEST_KENYA_OXYGEN_TECHNICAL.txt,Q2505N072R1,HIGH,FOUND
Q2505N073\Offer#Q2505N073_AIR LIQUIDE__TECHNOCOMMERCIAL.txt,Q2505N073,HIGH,FOUND
Q2505N073\Offer#Q2505N073R1_AIR LIQUIDE__TECHNICAL DATED 12.06.25.txt,Q2505N073R1,HIGH,FOUND
Q2505N073\Offer#Q2505N073R2_AIR LIQUIDE__TECHNOCOMMERCIAL.txt,Q2505N073R2,HIGH,FOUND
Q2505N073\Offer#Q2505N073R3_AIR LIQUIDE__TECHNICAL DATED 29.08.25.txt,Q2505N073R3,HIGH,FOUND
Q2505N074\OFFER#Q2505N074_Nuvoco_Technical.txt,Q2505N074,HIGH,FOUND
"Q2505N075\OFFER#Q2505N075_Adani Cement , Ambuja Cements  - Darlaghat_Technical.txt",Q2505N075,HIGH,FOUND
"Q2505N075\OFFER#Q2505N075R1_Adani Cement , Ambuja Cements - Darlaghat_Techno commercial.txt",Q2505N075R1,HIGH,FOUND
"Q2505N075\OFFER#Q2505N075R2_Adani Cement , Ambuja Cements - Darlaghat_TechnoCommercial.txt",Q2505N075R2,HIGH,FOUND
Q2505N076\Offer#Q2505N076_AIR LIQUIDE__TECHNICAL..txt,Q2505N076,HIGH,FOUND
Q2505N076\Offer#Q2505N076R1_AIR LIQUIDE__TECHNICAL DATED 02.06.25.txt,Q2505N076R1,HIGH,FOUND
Q2505N078\Offer#Q2505N078_SOFCON_SYSYTEMS_PVT_LTD_TECHNOCOMMERCIAL.txt,Q2505N078,HIGH,FOUND
Q2506B046\OFFER#Q2506B046_LAURUS BIO PRIVATE LIMITED_Technical.txt,Q2506B046,HIGH,FOUND
Q2506B046\OFFER#Q2506B046R1_LAURUS BIO PRIVATE LIMITED_Techno comercial.txt,Q2506B046R1,HIGH,FOUND
Q2506B048\OFFER#Q2506B048_EPSILON CARBON_LASER_O2_TECHNICAL.txt,Q2506B048,HIGH,FOUND
"Q2506B049\OFFER#_Q2506B049_ Hindalco Industries Limited, Belgaum _Technical.txt",Q2506B049,HIGH,FOUND
"Q2506B049\OFFER#_Q2506B049R1_ Hindalco Industries Limited, Belgaum _Techno commercial.txt",Q2506B049R1,HIGH,FOUND
"Q2506B049\OFFER#_Q2506B049R2_ Hindalco Industries Limited, Belgaum _Techno commercial.txt",Q2506B049R2,HIGH,FOUND
Q2506B052\Q2506B052  - ADAGE OFFER_ACC WADI CEMENT WORKS -KILN INLET SYSTEM.txt,Q2506B052,HIGH,FOUND
Q2506E067\OFFER#Q2506E067_RUNGTA_MINES_LTD_TECHNO_COMMERCIAL.txt,Q2506E067,HIGH,FOUND
Q2506E068\OFFER#Q2506E068_TSL_CV_TECHNICAL.txt,Q2506E068,HIGH,FOUND
Q2506E069\OFFER#Q2506E069_TSL_KPO_TAILGAS_TECHNICAL.txt,Q2506E069,HIGH,FOUND
Q2506E069\OFFER#Q2506E069R1_TSL_KPO_TAILGAS_TECHNO_COMMERCIAL.txt,Q2506E069R1,HIGH,FOUND
Q2506E069\OFFER#Q2506E069R2_TSL_KPO_TAILGAS_TECHNO_COMMERCIAL.txt,Q2506E069R2,HIGH,FOUND
Q2506E070\OFFER#Q2506E070_NTPC_TECHNICAL.txt,Q2506E070,HIGH,FOUND
Q2506E071\Q2506E071_L&T_GSFC Sikka.txt,Q2506E071,HIGH,FOUND
Q2506E071\Q2506E071R1_L&T_GSFC Sikka.txt,Q2506E071R1,HIGH,FOUND
Q2506E071\Q2506E071R2_L&T_GSFC Sikka.txt,Q2506E071R2,HIGH,FOUND
Q2506E071\Q2506E071R3_L&T_GSFC Sikka.txt,Q2506E071R3,HIGH,FOUND
Q2506E071\Q2506E071R4_L&T_GSFC Sikka.txt,Q2506E071R4,HIGH,FOUND
Q2506E073\OFFER#Q2506E073_Primemetals  _Techno commercial.txt,Q2506E073,HIGH,FOUND
Q2506E073\OFFER#Q2506E073R1_Primemetals  _Techno commercial.txt,Q2506E073R1,HIGH,FOUND
Q2506E073\OFFER#Q2506E073R2_Primemetals  _Techno commercial.txt,Q2506E073R2,HIGH,FOUND
Q2506E074\OFFER#Q2506E074_TSL_KPO_LASER_O2_TECHNICAL.txt,Q2506E074,HIGH,FOUND
Q2506E075\Offer#Q2506E075_TSL_JSR_CEMS.txt,Q2506E075,HIGH,FOUND
Q2506E076\OFFER#Q2506E076_JSPL_RAIGARH_CV_TECHNICAL.txt,Q2506E076,HIGH,FOUND
Q2506E077\OFFER#Q2506E077_SMS_INDIA_BUDGETARY.txt,Q2506E077,HIGH,FOUND
Q2506E078\OFFER#Q2506E078_DAYANAND CONSTRUCTION AND ENGINEERING_Technical-.txt,Q2506E078,HIGH,FOUND
Q2506E078\OFFER#Q2506E078R1_DAYANAND CONSTRUCTION AND ENGINEERING_Techno commercial.txt,Q2506E078R1,HIGH,FOUND
Q2506E079\Offer#Q2506E079_NTPC_CO_TECHNICAL.txt,Q2506E079,HIGH,FOUND
Q2506E081\Q2506E081_Matix Fertiliser_Passivation Air.txt,Q2506E081,HIGH,FOUND
Q2506E081\Q2506E081R1_Matix Fertiliser_Passivation Air.txt,Q2506E081R1,HIGH,FOUND
Q2506E081\Q2506E081R2_Matix Fertiliser_Passivation Air.txt,Q2506E081R2,HIGH,FOUND
Q2506E081\Q2506E081R3_Matix Fertiliser_Passivation Air.txt,Q2506E081R3,HIGH,FOUND
Q2506E081\Q2506E081R4_Matix Fertiliser_Passivation Air.txt,Q2506E081R4,HIGH,FOUND
Q2506E082\Offer_  Q2506E082_Tata steel Ltd  Gamharia _Techno commercial.txt,Q2506E082,HIGH,FOUND
Q2506E083\OFFER#Q2506E083_TSL_KPO_LDS_PCI_TECHNOCOMMERCIAL.txt,Q2506E083,HIGH,FOUND
Q2506E084\OFFER#Q2506E084 _INDIAN INSTITUTE OF TECHNOLOGY -Dhanbad _ Technical.txt,Q2506E084,HIGH,FOUND
Q2506E084\OFFER#Q2506E084R1 _INDIAN INSTITUTE OF TECHNOLOGY -Dhanbad _ Techno commercial.txt,Q2506E084R1,HIGH,FOUND
Q2506E085\OFFER#Q2506E085 _INDIAN INSTITUTE OF TECHNOLOGY -Dhanbad _ Technical.txt,Q2506E085,HIGH,FOUND
Q2506E085\OFFER#Q2506E085R1 _INDIAN INSTITUTE OF TECHNOLOGY -Dhanbad _ Techno commercial.txt,Q2506E085R1,HIGH,FOUND
Q2506E086\OFFER#Q2506E086_TLT_ENG_CV_MIXED_GAS_TECHNICAL.txt,Q2506E086,HIGH,FOUND
Q2506E086\OFFER#Q2506E086R2_TLT_ENG_CV_MIXED_GAS_TECHNO-COMMERCIAL (1).txt,Q2506E086R3,HIGH,FOUND
Q2506E086\OFFER#Q2506E086R2_TLT_ENG_CV_MIXED_GAS_TECHNO-COMMERCIAL.txt,Q2506E086R2,HIGH,FOUND
Q2506H029\OFFER#Q2506H029_TATA PROJECTS LTD _TECHNICAL.txt,Q2506H029,HIGH,FOUND
Q2506H029\Q2506H029R1_Tata Projects_CEMS_Nabinagar.txt,Q2506H029R1,HIGH,FOUND
"Q2506H031\OFFER_Q2506H031_Heildelberg Cement, Zuari Cement_Technical.txt",Q2506H031,HIGH,FOUND
Q2506H032\Q2506H032_SAIPEM_RIL Hazira.txt,Q2506H032,HIGH,FOUND
Q2506H032\Q2506H032R1_SAIPEM_RIL Hazira.txt,Q2506H032R1,HIGH,FOUND
Q2506H032\Q2506H032R2_SAIPEM_RIL Hazira.txt,Q2506H032R2,HIGH,FOUND
Q2506H032\Q2506H032R3_SAIPEM_RIL Hazira.txt,Q2506H032R3,HIGH,FOUND
Q2506H032\Q2506H032R4_SAIPEM_RIL Hazira.txt,Q2506H032R4,HIGH,FOUND
Q2506H032\Q2506H032R5_SAIPEM_RIL Hazira_Technocommercial.txt,Q2506H032R5,HIGH,FOUND
Q2506H033\OFFER#Q2506H033_AMNS_TECHNICAL.txt,Q2506H033,HIGH,FOUND
Q2506H033\OFFER#Q2506H033R1_AMNS_TECHNOCOMMERCIAL_.txt,Q2506H033R1,HIGH,FOUND
Q2506H034\PRICE-Q2506H034- OFFER FOR ADANI CEMENT- COAL APPLICATION .txt,Q2506H034,HIGH,FOUND
Q2506M017\Q2506M017_Technimont_Egyptian Chemical Industries.txt,Q2506M017,HIGH,FOUND
Q2506M017\Q2506M017R1_Technimont_Egyptian Chemical Industries.txt,Q2506M017R1,HIGH,FOUND
Q2506M017\Q2506M017R2_Technimont_Egyptian Chemical Industries.txt,Q2506M017R2,HIGH,FOUND
Q2506M019\Q2506M019 TECHNICAL OFFER FOR CV ANALYSER SYSTEM FOR OIL NMDC PROJECT.txt,Q2506M019,HIGH,FOUND
Q2506M020\Q2506W020 OFFER FOR CEMS GAS ANALYSER SYSTEM FOR BCGCL WNA PLANT.txt,Q2506M020,HIGH,FOUND
Q2506M021\OFFER#Q2506M021_RIL_DMD_WORLEY_TECHNICAL.txt,Q2501M003R4,HIGH,FOUND
Q2506N079\Offer Q2506N079R1 - ADANI LAKHERI CEMENT_Techno commercial.txt,Q2506N079R1,HIGH,FOUND
Q2506N079\OFFER#_Q2410N088_ACC LAKHERI _TECHNICAL.txt,Q2410N088,HIGH,FOUND
Q2506N082\OFFER#Q2506N082_ANKUR_FERTILIZERS_LTD_TECHNICAL.txt,Q2506N082,HIGH,FOUND
Q2506N083\Q2506N083_KHD Humboldt Wedag_Gold Crest Cement_Cement Line.txt,Q2506N083,HIGH,FOUND
Q2506N083\Q2506N083R1_KHD Humboldt Wedag_Gold Crest Cement_Cement Line.txt,Q2506N083R1,HIGH,FOUND
Q2506N083\Q2506N083R2_KHD Humboldt Wedag_Gold Crest Cement_Cement Line.txt,Q2506N083R2,HIGH,FOUND
Q2506N083\Q2506N083R3_KHD Humboldt Wedag_Gold Crest Cement_Cement Line.txt,Q2506N083R3,HIGH,FOUND
Q2506N085\Offer#Q2506N085_AIR LIQUIDE__TECHNICAL.txt,Q2506N085,HIGH,FOUND
Q2506N086\Q2506N086_ISGEC_Mundra Petrochemical_Shelter.txt,Q2506N086,HIGH,FOUND
Q2506N086\Q2506N086R1_ISGEC_Mundra Petrochemical_Shelter_Technical.txt,Q2506N086R1,HIGH,FOUND
Q2506N086\Q2506N086R2_ISGEC_Mundra Petrochemical_Shelter.txt,Q2506N086R2,HIGH,FOUND
Q2506N087\OFFER#Q2506N087_KHD Humboldt Wedag_Gold Crest_TECHNICAL Dated 19.06.25.txt,Q2506N087,HIGH,FOUND
Q2506N087\OFFER#Q2506N087R1_KHD Humboldt Wedag_Gold Crest_TECHNICAL.txt,Q2506N087R1,HIGH,FOUND
Q2506N089\OFFER#Q2506N089_UTCL_BIRLA_WHITE_TECHNO_COMMERCIAL.txt,Q2506N089,HIGH,FOUND
Q2506N090\Q2506N090_SMS India_SAIL IISCO_CDQ.txt,Q2506N090,HIGH,FOUND
Q2506N092\Offer#Q2506N092_AIR LIQUIDE__TECHNICAL..txt,Q2507N092,HIGH,FOUND
"Q2506X011\OFFER#__Q2506X011_ Siemens, Thailand _Techno commercial.txt",Q2506X011,HIGH,FOUND
Q2506X012\Q2506X012_Indorama_Nitric Acid Plant.txt,Q2506X012,HIGH,FOUND
Q2506X012\Q2506X012R1_Indorama_Nitric Acid Plant.txt,Q2506X012R1,HIGH,FOUND
Q2506X012\Q2506X012R2_Indorama_Nitric Acid Plant.txt,Q2506X012R2,HIGH,FOUND
Q2506X012\Q2506X012R3_Indorama_Nitric Acid Plant.txt,Q2506X012R3,HIGH,FOUND
Q2507AKAI015\Offer#Q2507AKAI015 R1_Indorama_CO_system.txt,Q2507AKAI015,HIGH,FOUND
Q2507AKAI015\Offer#Q2507AKAI015 R2_Indorama_CO_system.txt,Q2507AKAI015,HIGH,FOUND
Q2507C018\OFFER#Q2507C018_SUMMITS_HYGRONICS.txt,Q2507C018,HIGH,FOUND
Q2507C019\OFFER#Q2507C019_THE INDIA CEMENTS LTD PCO.txt,Q2507C019,HIGH,FOUND
Q2507C019\OFFER#Q2507C019R1_THE INDIA CEMENTS LTD PCO.txt,,LOW,FOUND
Q2507C020\OFFER#Q2507C020 KILN INLET CHETTINAD CEMENT.txt,Q2507C020,HIGH,FOUND
Q2507C020\OFFER#Q2507C020R1_KILN INLET CHETTINAD CEMENT.txt,Q2507C020,HIGH,FOUND
Q2507C021\OFFER#Q2507C021 DCW APH TECHNICAL.txt,Q2507C021,HIGH,FOUND
Q2507C021\OFFER#Q2507C021R1 DCW APH TECHNICAL.txt,Q2507C021R1,HIGH,FOUND
Q2507E088\OFFER#Q2507E088_TSL_JSR_TDLS_H2_MODIFICATION_TECHNO_COMMERCIAL.txt,Q2507E088,HIGH,FOUND
Q2507E088\OFFER#Q2507E088R2_TSL_JSR_TDLS_H2_TECHNO_COMMERCIAL (2).txt,Q2507E088R2,HIGH,FOUND
Q2507E089\OFFER#Q2507E089 _IIFCO_Technical.txt,Q2507E089,HIGH,FOUND
Q2507E094\Q2507E094_Matix Fertiliser_Aux Boiler.txt,Q2507E094,HIGH,FOUND
Q2507E094\Q2507E094R1_Matix Fertiliser_Aux Boiler.txt,Q2507E094R1,HIGH,FOUND
Q2507E096\OFFER#Q2507E096 _NMDC_Technical.txt,Q2507E096,HIGH,FOUND
Q2507E096\OFFER#Q2507E096R1 _NMDC_Technical.txt,Q2507E096R1,HIGH,FOUND
Q2507E096\OFFER#Q2507E096R2_NMDC_Techno commercial.txt,Q2507E096R2,HIGH,FOUND
Q2507E097\Q2507E097_TSML_CEMS.txt,Q2507E097,HIGH,FOUND
Q2507E098\OFFER#Q2507E098_Mecon Limited_(SAIL DSP)_Technical.txt,Q2507E098,HIGH,FOUND
Q2507E099\OFFER#Q2507E099_PRIME METALS_TECHNICAL.txt,Q2507E099,HIGH,FOUND
Q2507E099\OFFER#Q2507E099R1_PRIME METALS_TECHNICAL.txt,Q2507E099R1,HIGH,FOUND
Q2507E100\OFFER#Q2507E100_L&T _Techno commercial.txt,Q2507E100,HIGH,FOUND
Q2507E100\OFFER#Q2507E100R1_L&T _Techno commercial.txt,Q2507E100R1,HIGH,FOUND
Q2507E101\OFFER#Q2507E101_ELLENBARRIE_THC_TECHNO COMMERCIAL.txt,Q2507E101,HIGH,FOUND
Q2507E103\Offer#Q2507E103_VEDENTA ESL BOKARO CEMS TECHNICAL.txt,Q2507E103,HIGH,FOUND
Q2507E104\OFFER#Q2507E104_Tata steel Ltd _Technical_.txt,Q2507E104,HIGH,FOUND
Q2507E105\OFFER#Q2507E105_ELLENBARRIE_TRACE O2_TECHNO-COMMERCIAL.txt,Q2507E105,HIGH,FOUND
Q2507E107\OFFER#Q2507E107_DCBL-RAJGANGPUR.txt,Q2507E107,HIGH,FOUND
Q2507E109\OFFER#Q2507E109_SAIL BOKARO O2 IN H2.txt,Q2507E109,HIGH,FOUND
Q2507E109\OFFER#Q2507E109R1_SAIL BOKARO O2 IN H2 TECHNO COMMERCIAL.txt,Q2507E109R1,HIGH,FOUND
Q2507H036\OFFER#Q2507H036_TATA PROJECTS LTD _TECHNICAL.txt,Q2506H036,HIGH,FOUND
Q2507H038\Offer#Q2507H038_HPCL_VIZAG_AAQMS_BUDGETARY.txt,Q2507H038,HIGH,FOUND
Q2507H039\Offer#Q2507H039_S-TECH SERVICES PVT LTD.txt,Q2507H039,HIGH,FOUND
Q2507M023\Q2507M073 TECHNICAL OFFER FOR FLOW MONITOR FOR SHREE DIGVIJAY CEMENT.txt,Q2507M073,HIGH,FOUND
Q2507M023\Q2507M073R1 COMMERCIAL OFFER FOR FLOW MONITOR FOR SHREE DIGVIJAY CEMENT.txt,Q2507M073R1,HIGH,FOUND
Q2507M024\Q2507M024  OFFER FOR O2 GAS ANALYSER SYSTEM FOR DANIELI CENTRO COMBUSTION INDIA.txt,Q2507M024,HIGH,FOUND
Q2507M025\Q2507M025_L&T_RCF Thal.txt,Q2507M025,HIGH,FOUND
Q2507N093\Q2507N093_Super Technical India Pvt Ltd_Green Hydrogen_GC.txt,Q2507N093,HIGH,FOUND
Q2507N093\Q2507N093R1_Super Technical India Pvt Ltd_Green Hydrogen_GC.txt,Q2507N093R1,HIGH,FOUND
Q2507N094\Offer#Q2507N094_AIR LIQUIDE__TECHNICAL.txt,Q2507N094,HIGH,FOUND
Q2507N095\Q2507N095_DCBL_AAQMS_CEMS.txt,Q2507N095,HIGH,FOUND
Q2507N095\Q2507N095R1_DCBL_AAQMS_CEMS.txt,Q2507N095R1,HIGH,FOUND
Q2507N095\Q2507N095R2_DCBL_CEMS & Opacity.txt,Q2507N095R2,HIGH,FOUND
Q2507N095\Q2507N095R3_DCBL_CEMS & Opacity.txt,Q2507N095R3,HIGH,FOUND
Q2507N096\Offer#Q2507N096_ISGEC_JSW_DOLVI.txt,Q2507N096,HIGH,FOUND
Q2507N096\Offer#Q2507N096R1_ISGEC_JSW_DOLVI.txt,Q2507N096R1,HIGH,FOUND
Q2507N096\Offer#Q2507N096R3_ISGEC_JSW_DOLVI.txt,Q2507N096R3,HIGH,FOUND
Q2507N096\Offer#Q2507N096R4_ISGEC_JSW_DOLVI.txt,Q2507N096R4,HIGH,FOUND
Q2507N097\Offer#Q2507N097_AIR LIQUIDE__TECHNICAL_DATED 04.08.25.txt,Q2507N097,HIGH,FOUND
Q2507N098\Offer#Q2507N098_AIR LIQUIDE__TECHNICAL.txt,Q2507N098,HIGH,FOUND
Q2507N099\OFFER#Q2508N099_Isgec Heavy Engineering _Technical.txt,Q2507N099,HIGH,FOUND
Q2507N099\OFFER#Q2508N099R1_Isgec Heavy Engineering _Technical.txt,Q2507N099R1,HIGH,FOUND
Q2507N099\OFFER#Q2508N099R2_Isgec Heavy Engineering _Techno commercial.txt,Q2507N099R2,HIGH,FOUND
Q2507N099\OFFER#Q2508N099R3_Isgec Heavy Engineering _Techno commercial.txt,Q2507N099R3,HIGH,FOUND
Q2507N100\OFFER#Q2507N100_Gulshan Chemicals Pvt Ltd_Technical.txt,Q2507N100,HIGH,FOUND
Q2507N103\OFFER# Q2507N103_DANIELI COROUS _Techno commercial.txt,Q2507N103,HIGH,FOUND
Q2507N103\OFFER# Q2507N103R1_DANIELI COROUS _Techno commercial-.txt,Q2507N103R1,HIGH,FOUND
Q2507N104\OFFER#Q2507N104_SMS India Pvt Ltd. _Techno Commercial.txt,Q2507N104,HIGH,FOUND
Q2507N104\OFFER#Q2507N104R1_SMS India Pvt Ltd. _Techno Commercial.txt,Q2507N104R1,HIGH,FOUND
Q2507N105\Offer#Q2507N105_AIR LIQUIDE__TECHNICAL_DATED 03.09.25.txt,Q2507N105,HIGH,FOUND
Q2507N107\Offer#Q2507N107_NIPPON_STEEL_SAIL_CDQ.txt,Q2507N107,HIGH,FOUND
Q2507N107\Offer#Q2507N107R2_NIPPON_STEEL_SAIL_CDQ_TECHNO COMMERCIAL.txt,Q2507N107R2,HIGH,FOUND
Q2507N109\Offer#Q2507N109_ISGEC_RML_TECHNICAL.txt,Q2507N109,HIGH,FOUND
Q2507N109\Offer#Q2507N109R1_ISGEC_RML_TECHNO_COMMERCIAL.txt,Q2507N109R1,HIGH,FOUND
Q2508AKAI018\Q2508AKAI018_Emirates Biotech_Samsung Group_CEMS.txt,Q2508AKAI018,HIGH,FOUND
Q2508AKAI019\Offer#Q2508AKAI019_ Indorama ICS(Industries Chimiques du Sénégal).txt,Q2508AKAI019,HIGH,FOUND
"Q2508AKAI019\OFFER#Q2508E110_Indorama, ICS (Industries Chimiques du Sénégal)_Technical.txt",Q2508E110,HIGH,FOUND
Q2508AKAI020\AKAI2503PR960027 HOT Engineering.txt,,LOW,FOUND
Q2508C022\Q2508C022_Technip India_RCF Thal_Ammonia Revamp.doc.txt,Q2508C022,HIGH,FOUND
Q2508C023\OFFER#_Q2508C023_ Chettinad Cement Corporation Pvt Ltd_Techno commercial.txt,Q2508C023,HIGH,FOUND
Q2508C024\OFFER#Q2508C024 _FLSmidth Cement_Techno commercial.txt,Q2508C024,HIGH,FOUND
"Q2508E111\OFFER_Q2508E111_Jindal Steel & Power Ltd, Angul_Technical.txt",Q2508E111,HIGH,FOUND
Q2508E112\OFFER#Q2508E112_Eastern Metec Pvt Ltd_Technical.txt,Q2508E112,HIGH,FOUND
Q2508E114\OFFER#Q2508E114_SAIL_IISCO_TAIL GAS TECHNO COMMERCIAL.txt,Q2508E114,HIGH,FOUND
Q2508E115\OFFER#Q2508E115_TCE HINDALCO_TECHNICAL..txt,Q2503E040,HIGH,FOUND
Q2508E115\OFFER#Q2508E115R1_TCE HINDALCO_TECHNICAL.txt,Q2503E040R1,HIGH,FOUND
Q2508E115\OFFER#Q2508E115R2_TCE HINDALCO_TECHNICAL.txt,Q2503E040R2,HIGH,FOUND
Q2508E117\Q2508E117_Indevelop_JSW Dolvi_CV.txt,Q2508E117,HIGH,FOUND
Q2508G011\Q2508G011_RIL VMD_CEMS.txt,Q2508G011,HIGH,FOUND
Q2508H041\Q2508H041_BHEL Hyd_IOCL Digboi_CEMS.txt,Q2508H041,HIGH,FOUND
Q2508H041\Q2508H041R1_BHEL Hyd_IOCL Digboi_CEMS.txt,Q2508H041R1,HIGH,FOUND
Q2508M026\Q2508M026_OFFER SPETCO PROJECT_THERMAX.txt,Q2508M026,HIGH,FOUND
Q2508N110\Certificate(Requested in ATC).txt,,LOW,FOUND
Q2508N111\OFFER#Q2508N111_Isgec Heavy Engineering _Technical.txt,Q2508N111,HIGH,FOUND
Q2508N112\OFFER#Q2508N112_Isgec Heavy Engineering _Technical.txt,Q2508N112,HIGH,FOUND
Q2508N112\OFFER#Q2508N112R1_Isgec Heavy Engineering _Technical.txt,Q2508N112R1,HIGH,FOUND
Q2508N112\OFFER#Q2508N112R2_Isgec Heavy Engineering _Technical.txt,Q2508N112R2,HIGH,FOUND
Q2508N112\OFFER#Q2508N112R3_Isgec Heavy Engineering _Techno commercial.txt,Q2508N112R3,HIGH,FOUND
Q2508N114\OFFER#_Q2508N114_Council Of Scientific And Industrial Research_Techno commercial.txt,Q2508N114,HIGH,FOUND
Q2508N114\OFFER#_Q2508N114_R1_19-08-2025 Council Of Scientific And Industrial Research_Techno commercial (1).txt,Q2508N114,HIGH,FOUND
Q2508N114\Offer#Q2508N114_CSIR LDS_.txt,Q2508N114,HIGH,FOUND
"Q2508N116\OFFER#Q2508N116_Hindalco Industries Limited, Renukoot _Technical.txt",Q2508N116,HIGH,FOUND
Q2508N117\Offer#Q2508N117_UPRVUNL_H2 PURITY.txt,Q2508N117,HIGH,FOUND
Q2508N118\Offer#Q2508N118_Siemens Energy India Limited_H2 PURITY.txt,Q2508N118,HIGH,FOUND
Q2508N119\OFFER#Q2508N119_DALMIA CEMENT_TECHNICAL.txt,Q2508N119,HIGH,FOUND
Q2508N119\OFFER#Q2508N119R2_DALMIA CEMENT_TECHNICAL.txt,Q2508N119R2,HIGH,FOUND
Q2508N120\OFFER#Q2508N120_wonder cement _Technical__.txt,Q2508N120,HIGH,FOUND
Q2508N120\OFFER#Q2508N120R1_wonder cement _Techno commercial.txt,Q2508N120R1,HIGH,FOUND
Q2508N120\OFFER#Q2508N120R2_wonder cement _Techno commercial_.txt,Q2508N120R2,HIGH,FOUND
Q2508N120\OFFER#Q2508N120R3_wonder cement _Techno commercial.txt,Q2508N120R3,HIGH,FOUND
Q2508N121\Q2508N121_SMS_SAIL IISCO_TDLAS.txt,Q2508N121,HIGH,FOUND
Q2508X013\OFFER#Q2508X013_AMETEK_PORTA_CABIN_TECHNO COMMERCIAL.txt,Q2508X013,HIGH,FOUND
Q2509B057\OFFER#Q2509B057_Greensol power system _Technical.txt,Q2509B057,HIGH,FOUND
Q2509B057\OFFER#Q2509B057R1_Greensol power system _Techno commercial.txt,Q2509B057R1,HIGH,FOUND
Q2509B058\OFFER#Q2509B058_Greenesol Power System_Technical.txt,Q2509B058,HIGH,FOUND
Q2509B058\OFFER#Q2509B058R1_Greenesol Power System_Techno commercial.txt,Q2509B058R1,HIGH,FOUND
Q2509B059\Offer#Q2509B059R1_MRPL_AAQMS_TECHNO COMMERCIAL_.txt,Q2509B059R1,HIGH,FOUND
Q2509B059\Offer#Q2509B059R2_MRPL_AAQMS_TECHNO COMMERCIAL_.txt,Q2509B059R2,HIGH,FOUND
Q2509B059\Offer#Q2509B059R3_MRPL_AAQMS_TECHNO COMMERCIAL_.txt,Q2509B059R3,HIGH,FOUND
Q2509B060\OFFER#Q2509B060_EXXON MOBIL TECHNO COMMERCIAL .txt,Q2509B060,HIGH,FOUND
Q2509B060\OFFER#Q2509B060R2_EXXON MOBIL TECHNO COMMERCIAL.txt,Q2509B060R2,HIGH,FOUND
Q2509C025\OFFER#Q2509C025_FLSmidth Cement_Technical.txt,Q2509C025,HIGH,FOUND
Q2509C025\OFFER#Q2509C025R1_FLSmidth Cement_Techno commercial.txt,Q2509C025R1,HIGH,FOUND
Q2509C026\Offer _Q2509C026R1_The Ramco cements Ltd_Technical_.txt,Q2509C026R1,HIGH,FOUND
Q2509C026\Offer _Q2509C026R2_The Ramco cements Ltd_Technical.txt,Q2509C026R2,HIGH,FOUND
Q2509C026\Offer _Q2509C026R3_The Ramco cements Ltd_Technical.txt,Q2509C026R3,HIGH,FOUND
Q2509C026\Offer _Q2509C026R4_The Ramco cements Ltd_Technical.txt,Q2509C026R4,HIGH,FOUND
Q2509C026\Offer _Q2509C026R5_The Ramco cements Ltd_Technical_.txt,Q2509C026R5,HIGH,FOUND
Q2509C026\Offer _Q2509C026R6_The Ramco cements Ltd_Techno commercial.txt,Q2509C026R6,HIGH,FOUND
Q2509C026\OFFER#_Q2509C026_The Ramco Cements Limited_Technical.txt,Q2509C026,HIGH,FOUND
Q2509C027\OFFER#Q2509C027 Continental Engineers O2 system.txt,Q2509C027,HIGH,FOUND
Q2509C028\OFFER#Q2509C028_CK Airtech India Private Limited_Technical.txt,Q2509C028,HIGH,FOUND
Q2509E120\OFFER#Q2509E120 KILN INLET & PHO JUD CEMENT TECHNICAL.txt,Q2509E120,HIGH,FOUND
Q2509E120\OFFER#Q2509E120R1 KILN INLET & PHO JUD CEMENT TECHNO COMMERCIAL.txt,Q2509E120R1,HIGH,FOUND
Q2509E121\OFFER#Q2509E121_ DVC_ Techno Commercial.txt,Q2509E121,HIGH,FOUND
Q2509E121\OFFER#Q2509E121R1_ DVC_ Techno Commercial.txt,Q2509E121R1,HIGH,FOUND
Q2509E121\OFFER#Q2509E121R2_ DVC_ Techno Commercial.txt,Q2509E121R2,HIGH,FOUND
Q2509E122\Q2509E122_SAIL Bokaro_Dry Gas_.txt,Q2509E122,HIGH,FOUND
Q2509E123\OFFER#Q2509E123 Indevelop Technology PCI Technical.txt,Q2509E123,HIGH,FOUND
Q2509E123\OFFER#Q2509E123R2 Indevelop Technology Triple Probe Techno Commercial.txt,Q2509E123R2,HIGH,FOUND
Q2509G012\OFFER#Q2509G012_WORLEY_RIL_POLISILICON_TECHNICAL_DATED 07.11.25.txt,Q2509G012,HIGH,FOUND
Q2509G013\OFFER#Q2509G013_SHRIRAM VINYL & CHEMICAL INDUSTRIES TECHNICAL.txt,Q2509G013,HIGH,FOUND
Q2509G014\OFFER#Q2509G014_GNFC_CO-CH4.txt,Q2510G015,HIGH,FOUND
Q2509H046\Offer#Q2509H046 Resustainability CEMS.txt,Q2509H046,HIGH,FOUND
Q2509H046\Offer#Q2509N130R2_NIPPON_STEEL_SAIL_ISP CDQ_TECHNICAL.txt,Q2509N130R2,HIGH,FOUND
Q2509H047\Offer#Q2509H047_TATA PROJECTS LTD CV ANALYZER TECHNICAL.txt,Q2509H047,HIGH,FOUND
Q2509H047\Offer#Q2509H047R1_TATA PROJECTS LTD CV ANALYZER TECHNO COMMERCIAL.txt,Q2509H047R1,HIGH,FOUND
"Q2509H048\OFFER#_Q2509H048_Adani Cement Limited, Orient Cement Ltd - Devapur _Technical.txt",Q2509H048,HIGH,FOUND
Q2509H050\Offer#Q2509H050_SPIC HF TECHNICAL.txt,Q2509H050,HIGH,FOUND
Q2509H051\OFFER#Q2509H051_KESORAM CEMENT LTD PHO.txt,Q2509H051,HIGH,FOUND
"Q2509H052\OFFER#Q2509H052 Heidelberg Cement India Limited, Zuari Cements.txt",Q2509H052,HIGH,FOUND
Q2509N122\OFFER#Q2509N122_ENIC _Technical.txt,Q2509N122,HIGH,FOUND
Q2509N122\OFFER#Q2509N122R1_ENIC _Techno commercial.txt,Q2509N122R1,HIGH,FOUND
Q2509N123\OFFER#Q2509N123_Star cement_Technical.txt,Q2509N123,HIGH,FOUND
Q2509N123\OFFER#Q2509N123R1_Star cement_Techno commercial.txt,Q2509N123R1,HIGH,FOUND
Q2509N124\Offer#Q2509N124_AIR LIQUIDE__TECHNICAL..txt,Q2509N124,HIGH,FOUND
Q2509N126\Offer#Q2509N126_AIR LIQUIDE_TECHNICAL.txt,Q2509N126,HIGH,FOUND
Q2509N126\Offer#Q2509N126R1_AIR LIQUIDE_TECHNICAL.txt,Q2509N126R1,HIGH,FOUND
Q2509N126\Offer#Q2509N126R3_AIR LIQUIDE_TECHNICAL.txt,Q2509N126R3,HIGH,FOUND
Q2509N127\OFFER#Q2509N127_Goyal Group_Techno commercial.txt,Q2509N127,HIGH,FOUND
Q2509N127\OFFER-SQ2508N187-GOYAL GAS-ANALYSERS.txt,SQ2508N187,HIGH,FOUND
Q2509N128\OFFER#Q2509N128_STAR CEMENT LTD.txt,Q2509N128,HIGH,FOUND
Q2509N128\OFFER#Q2509N128R1_STAR CEMENT LTD.txt,Q2509N128R1,HIGH,FOUND
Q2509N129\OFFER#Q2509N129_Jindal Saw_Technical.txt,Q2509N129,HIGH,FOUND
Q2509N130\Offer#Q2509N130_NIPPON_STEEL_SAIL_ISP CDQ_TECHNICAL.txt,Q2509N130,HIGH,FOUND
Q2509N130\Offer#Q2509N130R1_NIPPON_STEEL_SAIL_ISP CDQ_TECHNICAL.txt,Q2509N130R1,HIGH,FOUND
Q2509N130\Offer#Q2509N130R2_NIPPON_STEEL_SAIL_ISP CDQ_TECHNICAL.txt,Q2509N130R2,HIGH,FOUND
Q2509N130\Offer#Q2509N130R3_NIPPON_STEEL_SAIL_ISP CDQ_TECHNICAL.txt,Q2509N130R3,HIGH,FOUND
Q2509N130\Offer#Q2509N130R4_NIPPON_STEEL_SAIL_ISP CDQ_TECHNO COMMERCIAL.txt,Q2509N130R4,HIGH,FOUND
Q2509N131\OFFER#Q2509N131 NFL NANGAL TECHNICAL.txt,Q2509N131,HIGH,FOUND
Q2509X015\Q2509X015_Gas Analysis_Mexinol_200MW.txt,Q2509X015,HIGH,FOUND
Q2510C029\OFFER#Q2510C029 ISSOJET BURNPUR EXTRACTIVE O2.txt,Q2510C029,HIGH,FOUND
Q2510C030\OFFER#Q2510C030 The India Cement Ltd Kiln Techno Commerciall.txt,Q2510C030,HIGH,FOUND
Q2510C031\OFFER#_Q2510C031_ Southern Petrochemical Industries Corporation Limited (SPIC)_Technical.txt,Q2510C031,HIGH,FOUND
Q2510C031\OFFER#_Q2510C031R1_ Southern Petrochemical Industries Corporation ltd (SPIC)_Technical.txt,Q2510C031R1,HIGH,FOUND
Q2510C031\OFFER#_Q2510C031R2_ SPIC_Techno commercial.txt,Q2510C031R2,HIGH,FOUND
Q2510E130\OFFER#Q2510E130_SAIL BOKARO H2 IN O2.txt,Q2510E130,HIGH,FOUND
Q2510E131\TECHNICAL BID_FINAL SUBMITTED.txt,,LOW,FOUND
Q2510E132\OFFER#Q2510E132_Tata Steel Limited_Technical dated 03.11.25.txt,Q2510E132,HIGH,FOUND
Q2510E133\Offer#Q2510E133R2_IMFA_Technical.txt,Q2510E133R2,HIGH,FOUND
Q2510E134\OFFER#Q2510E134_Tata Steel Limited_Technical_dated 24.11.25.txt,Q2510E134,HIGH,FOUND
Q2510E137\Offer#Q2510E137_O2_Measurement_system_Technical_Offer.txt,Q2510E137,HIGH,FOUND
Q2510E138\OFFER#Q2510E138_BCPL_Technical.txt,Q2510E138,HIGH,FOUND
Q2510E142\OFFER#Q2510E142 _Mecon  Limited_Technocommercial.txt,Q2510E142,HIGH,FOUND
Q2510G015\OFFER#Q2510G015_GNFC_Techno commercial.txt,Q2510G015,HIGH,FOUND
Q2510G015\OFFER#Q2510G015R1_GNFC_Technical.txt,Q2510G015R1,HIGH,FOUND
Q2510H053\OFFER#Q2510H053_Hindustan Petroleum Corporation Ltd_Techno commercial.txt,Q2510H053,HIGH,FOUND
Q2510H053\OFFER#Q2510H053R1_Hindustan Petroleum Corporation Ltd_Techno commercial.txt,Q2510H053R1,HIGH,FOUND
Q2510H053\OFFER#Q2510H053R2_Hindustan Petroleum Corporation Ltd_Techno commercial.txt,Q2510H053R2,HIGH,FOUND
Q2510H054\Offer#Q2510H054_NCL_AAQMS_Techno_commercial_offer.txt,Q2510H054,HIGH,FOUND
Q2510H056\OFFER#Q2510H056 UTCL-SARALNAGAR CEMENT WORKS.txt,Q2510H056,HIGH,FOUND
Q2510H058\Additional Doc 3 (Requested in ATC).txt,,LOW,NOT_FOUND
Q2510H059\OFFER#Q2510H059 UTCL TADIPATRI Techno Commerciall.txt,Q2510C030,HIGH,FOUND
Q2510H062\OFFER#Q2510H062 ADANI ORIENT CEMENT LTD.txt,Q2510H062,HIGH,FOUND
Q2510M027\OFFER#Q2510M027_SOPAN_TECHNICAL_DATED 06.11.25.txt,Q2510M027,HIGH,FOUND
Q2510N132\OFFER#Q2510N132 ACC LAKHERI CEMENTS.txt,Q2510N132,HIGH,FOUND
Q2510N133\OFFER#Q2510N133_Pakka Packaging _Technical_.txt,Q2510N133,HIGH,FOUND
Q2510N133\OFFER#Q2510N133R1_Pakka Packaging _Technical.txt,Q2510N133R1,HIGH,FOUND
Q2510N133\OFFER#Q2510N133R2_Pakka Packaging _Techno commercial.txt,Q2510N133R2,HIGH,FOUND
Q2510N133\OFFER#Q2510N133R3_Pakka Packaging _Techno commercial.txt,Q2510N133R3,HIGH,FOUND
Q2510N133\OFFER#Q2510N133R4_Pakka Packaging _Techno commercial.txt,Q2510N133R4,HIGH,FOUND
Q2510N134\OFFER#Q2510N134_Naini Papers _Technical.txt,Q2510N134,HIGH,FOUND
Q2510N134\OFFER#Q2510N134R1_Naini Papers _Techno commercial.txt,Q2510N134R1,HIGH,FOUND
Q2510N135\Offer#Q2510N135 ENVEA ULTRAMAT 23 .txt,Q2510N135,HIGH,FOUND
Q2510N137\Offer#Q2510N137_AIR LIQUIDE__TECHNICAL.txt,Q2510N137,HIGH,FOUND
Q2510N139\OFFER Q2510N139R4 Jubilant Ingrevia Life Sciences Limited Techno commercial.txt,Q2510N139R4,HIGH,FOUND
"Q2510N139\OFFER#Q2510N139_Jubilant Ingrevia, Life Sciences Limited_Technical.txt",Q2510N139,HIGH,FOUND
"Q2510N139\OFFER#Q2510N139R1_Jubilant Ingrevia, Life Sciences Limited_Techno commercial.txt",Q2510N139R1,HIGH,FOUND
"Q2510N139\OFFER#Q2510N139R2_Jubilant Ingrevia, Life Sciences Limited_Techno commercial.txt",Q2510N139R2,HIGH,FOUND
"Q2510N139\OFFER#Q2510N139R3_Jubilant Ingrevia, Life Sciences Limited_Techno commercial.txt",Q2510N139R3,HIGH,FOUND
Q2510N141\Q2510N141_EIL_BCGCL_CEMS.txt,Q2510N141,HIGH,FOUND
Q2510N142\Q2510N142_Danieli Corus_SAIL Durgapur.txt,Q2510N142,HIGH,FOUND
Q2510N143\Q2510N143_Jakson Ltd_NTPC.txt,Q2510N143,HIGH,FOUND
Q2510N143\Q2510N143R1_Jakson Ltd_NTPC.txt,Q2510N143R1,HIGH,FOUND
Q2510N143\Q2510N143R5_Jakson Ltd_NTPC.txt,Q2510N143R5,HIGH,FOUND
Q2510X016\Q2510X016_Siemens Australia_WTP Gas Plant.txt,Q2510X016,HIGH,FOUND
Q2510X017\Offer_ Q2510X017_NEM Energy B.V. _CEMS _Techno commercial.txt,Q2510X017,HIGH,FOUND
Q2511B061\OFFER#Q2511B061_AIR WATER INDIA PVT LTD TECHNICAL.txt,Q2511B061,HIGH,FOUND
Q2511C032\Offer _Q2511C032_The India cements Ltd_Technical.txt,Q2511C032,HIGH,FOUND
Q2511C032\Offer _Q2511C032R1_The India cements Ltd_Technical.txt,Q2511C032R1,HIGH,FOUND
Q2511C032\Offer _Q2511C032R2_The India cements Ltd_Techno commercial_.txt,Q2511C032R2,HIGH,FOUND
Q2511C032\Offer _Q2511C032R3_The India cements Ltd_Technical.txt,Q2511C032R3,HIGH,FOUND
Q2511C033\OFFER#Q2511C033 AMALGAMATIONS VALEO CLUTCH PVT LTD.txt,Q2511C033,HIGH,FOUND
Q2511C033\OFFER#Q2511C033R1 AMALGAMATIONS VALEO CLUTCH PVT LTD.txt,Q2511C033R1,HIGH,FOUND
Q2511C033\OFFER#Q2511C033R2 AMALGAMATIONS VALEO CLUTCH PVT LTD.txt,Q2511C033R2,HIGH,FOUND
Q2511E143\OFFER#Q2511E143 UTCL HIRMI CEMENTS WORK.txt,Q2511E143,HIGH,FOUND
Q2511E143\OFFER#Q2511E143R1 UTCL HIRMI CEMENTS WORK.txt,Q2511E143R1,HIGH,FOUND
Q2511E144\OFFER#Q2511E144 DCBL CEMS.txt,Q2511E144,HIGH,FOUND
Q2511E146\OFFER#Q2511E146 JINDAL PANTHER CEMS.txt,Q2511E146,HIGH,FOUND
Q2511E150\OFFER#Q2511E150_TSL NINL CO&O2 TDLS.txt,Q2511E150,HIGH,FOUND
Q2511E150\OFFER#Q2511E15OR2_CO_O2_TDLS_OPTION1-3 SYSTEMS.txt,Q2511E150R2,HIGH,FOUND
Q2511E152\Offer#Q2511E152 _TSL_FERRO ALLOY_CEMS.txt,Q2511E152,HIGH,FOUND
Q2511E153\OFFER#Q2511E153_TSL  CO&O2 TDLS.txt,Q2511E153,HIGH,FOUND
Q2511E153\OFFER#Q2511E153R1_TSL  CO&O2 TDLS.txt,Q2511E153R1,HIGH,FOUND
Q2511E153\OFFER#Q2511E153R2_TSL CO&O2 TDLS.txt,Q2511E153R2,HIGH,FOUND
Q2511E154\OFFER#Q2511E154_SAIL_RSP_TECHNO COMMERCIAL.txt,Q2511E154,HIGH,FOUND
Q2511E155\OFFER#Q2511E155-JSPL ANGUL SHS MASS SPECS.txt,Q2511E155,HIGH,FOUND
Q2511E155\OFFER#Q2511E155R1-JSPL ANGUL SHS MASS SPECS.txt,Q2511E155R1,HIGH,FOUND
Q2511E156\OFFER#Q2511E156 TSL PANEL WITH SHS .txt,Q2511E156,HIGH,FOUND
Q2511E157\OFFER#Q2511E157 JSPL RAIGARH .txt,Q2511E157,HIGH,FOUND
Q2511E157\OFFER#Q2511E157R1 JSPL RAIGARH CEMS .txt,Q2511E157R1,HIGH,FOUND
Q2511G017\OFFER#Q2511G017 ADANI KUTCH COPPER LTD.txt,Q2511G017,HIGH,FOUND
Q2511G018\Q2511G018_L&T_QAFCO_3500 MTPD Ammonia Plant_.txt,Q2511G018,HIGH,FOUND
Q2511H063\Offer#Q2511H063-TSGENCO_DILUTION ANALYSERS.txt,Q2511H063,HIGH,FOUND
Q2511H063\Offer#Q2511H063R1-TSGENCO_DILUTION ANALYSERS.txt,Q2511H063R1,HIGH,FOUND
Q2511H065\OFFER_Q2511H065_Coromandel_Kakinada _Technical.txt,Q2511H065,HIGH,FOUND
Q2511H065\OFFER_Q2511H065R1_Coromandel_Kakinada _Technical.txt,Q2511H065R1,HIGH,FOUND
Q2511H065\OFFER_Q2511H065R2_Coromandel_Kakinada _Technical.txt,Q2511H065R2,HIGH,FOUND
Q2511H065\OFFER_Q2511H065R3_Coromandel_Kakinada _Techno commercial.txt,Q2511H065R3,HIGH,FOUND
Q2511M028\OFFER#Q2511M028 _RCF_Techno commercial.txt,Q2511M028,HIGH,FOUND
Q2511M029\Q2511M029  TECHNICAL OFFER FOR CEMS AND CAAQMS SYSTEM FOR TATASTEEL TARAPUR PROJECT.txt,Q2511M029,HIGH,FOUND
Q2511N145\OFFER#Q2511N145_DCBL-RAJGANGPUR.txt,Q2511N145,HIGH,FOUND
Q2511N145\OFFER#Q2511N145R1_DCBL-RAJGANGPUR.txt,Q2511N145R1,HIGH,FOUND
Q2511N146\Offer#Q2511N146_NIPPON_STEEL_DUST_SAIL_ISP CDQ_TECHNICAL.txt,Q2511N146,HIGH,FOUND
Q2511N147\Offer#Q2511N029R1_AIR LIQUIDE__TECHNICAL.txt,Q2511N029R1,HIGH,FOUND
Q2511N148\Offer#Q2511N148 ISGEC ADANI WILMAR LTD CEMS.txt,Q2511N148,HIGH,FOUND
Q2511N148\Offer#Q2511N148R1 ISGEC ADANI WILMAR LTD CEMS.txt,Q2511N148R1,HIGH,FOUND
"Q2511X019\OFFER#Q2511X019_ Siemens, Thailand _Techno commercial.txt",Q2511X019,HIGH,FOUND
"Q2511X019\OFFER#Q2511X019R1_ Siemens, Thailand _Techno commercial.txt",Q2511X019R1,HIGH,FOUND
Q2511X020\OFFER#_ Q2511X020 _ Cimerwa _Techno commercial.txt,Q2511X020,HIGH,FOUND
Q2512AKAI033\empty.txt,,LOW,NOT_FOUND
Q2512C034\OFFER#Q2512C034_LNVT_ACL Mundra_Technical.txt,Q2512C034,HIGH,FOUND
Q2512C035\Offer _Q2512C035_The India cements Ltd_Technical.txt,Q2512C035,HIGH,FOUND
Q2512C036\OFFER#Q2512C036_JSW SALEM_Techno commercial.txt,Q2512C036,HIGH,FOUND
Q2512C037\OFFER#_Q2512C037_ Southern Petrochemical Industries Corporation ltd (SPIC)_Technical.txt,Q2512C037,HIGH,FOUND
Q2512C037\OFFER#_Q2512C037R1_ Southern Petrochemical Industries Corporation ltd (SPIC)_Technical.txt,Q2512C037R1,HIGH,FOUND
Q2512C037\OFFER#_Q2512C037R2_ Southern Petrochemical Industries Corporation ltd (SPIC)_Techno commercial.txt,Q2512C037R2,HIGH,FOUND
Q2512E162\Offer#Q2512E162_SAIL BHILAI_DRY GAS SYSTEM_BUDGETARY_OFFERR.txt,Q2512E162,HIGH,FOUND
Q2512E163\Offer#Q2512E163 JSPL ANGUL CO APH.txt,Q2512E163,HIGH,FOUND
Q2512E163\Offer#Q2512E163R1 JSPL ANGUL CO APH.txt,Q2512E163R1,HIGH,FOUND
Q2512E164\Offer#Q2512E164 ADANI FARAKKA HAG.txt,Q2512E164,HIGH,FOUND
Q2512E165\OFFER#Q2512E165 SHYAM METALICS  TOP GAS EXTRACTIVE.txt,Q2512E165,HIGH,FOUND
Q2512E165\OFFER#Q2512E165R2 SHYAM METALICS  TOP GAS EXTRACTIVE.txt,Q2512E165R2,HIGH,FOUND
Q2512E165\OFFER#Q2512E165R3 SHYAM METALICS  TOP GAS EXTRACTIVE.txt,Q2512E165R3,HIGH,FOUND
Q2512E165\OFFER#Q2512E165R4 SHYAM METALICS  TOP GAS EXTRACTIVE.txt,Q2512E165R4,HIGH,FOUND
Q2512E166\OFFER#Q2512E166_L&T _Technical.txt,Q2512E166,HIGH,FOUND
Q2512E166\OFFER#Q2512E166R1_L&T _Technical.txt,Q2512E166R1,HIGH,FOUND
Q2512E166\OFFER#Q2512E166R2_L&T _Techno commercial.txt,Q2512E166R2,HIGH,FOUND
Q2512E167\OFFER#Q2512E167_L&T_TSL_JSR_TECHNICALL.txt,Q2512E167,HIGH,FOUND
Q2512E167\OFFER#Q2512E167R1_L&T_TSL_JSR_TECHNICALL.txt,Q2512E167R1,HIGH,FOUND
Q2512E167\OFFER#Q2512E167R2_L&T_TSL_JSR_TECHNICALL.txt,Q2512E167R2,HIGH,FOUND
Q2512E167\OFFER#Q2512E167R3_L&T_TSL_JSR_TECHNICALL.txt,Q2512E167R3,HIGH,FOUND
Q2512E167\OFFER#Q2512E167R4_L&T_TSL_JSR_TECHNICALL.txt,Q2512E167R4,HIGH,FOUND
Q2512E168\Offer#Q2601E001_RUNGTA MINES LTD.txt,Q2601E001,HIGH,FOUND
Q2512E168\Offer#Q2601E001R1_RUNGTA MINES LTD.txt,Q2601E001R1,HIGH,FOUND
Q2512E169\OFFER#Q2512E169 MECON LTD-SAIL BOKARO TAIL GAS 900.txt,Q2512E169,HIGH,FOUND
Q2512E170\OFFER#Q2512E170_L&T _Technical.txt,Q2512E170,HIGH,FOUND
Q2512E170\OFFER#Q2512E170R1_L&T _Technical.txt,Q2512E170R1,HIGH,FOUND
Q2512E171\OFFER#Q2512E171_Godawari Power And Ispat Ltd CV for NG.txt,Q2512E171,HIGH,FOUND
Q2512G019\Q2512G019_Mysore Ammonia & Chemicals_UHP Ammonia.txt,Q2512G019,HIGH,FOUND
Q2512G020\Q2512G020_RIL JMD_CEMS.txt,Q2512G020,HIGH,FOUND
Q2512H067\Offer#Q2512H067_BHEL_CV_TSL KPO.txt,Q2512H067,HIGH,FOUND
Q2512H068\OFFER#Q2512H068 _Dalmia Cement (Bharat) Limited (DCBL)_Techno commercial.txt,Q2512H068,HIGH,FOUND
Q2512H069\Q2512H069_Enecovery Waste Solutions Private Limited_GC.txt,Q2512H069,HIGH,FOUND
Q2512N150\Q2512N150_EIL_BPCL_CEMS.txt,Q2512N150,HIGH,FOUND
Q2512N151\Q2512N151_Gas Analysis_Siemens Energy India.txt,Q2512N151,HIGH,FOUND
Q2512N151\Q2512N151R1_Gas Analysis_Siemens Energy India.txt,Q2512N151R1,HIGH,FOUND
Q2512N151\Q2512N151R2_Gas Analysis_Siemens Energy India.txt,Q2512N151R2,HIGH,FOUND
Q2512N154\OFFER#Q2512N154_STAR CEMENT LTD.txt,Q2512N154,HIGH,FOUND
Q2512N154\OFFER#Q2512N154R1_STAR CEMENT LTD.txt,Q2512N154R1,HIGH,FOUND
Q2512N154\OFFER#Q2512N154R2_STAR CEMENT LTD.txt,Q2512N154R2,HIGH,FOUND
Q2512N155\Offer_Q2512N155_Isgec Heavy Engineering_Gallantt Ispat_Technical.txt,Q2512N155,HIGH,FOUND
"Q2512N156\OFFER#Q2512N156_Hindalco Industries Limited, Renukoot _Technical.txt",Q2512N156,HIGH,FOUND
"Q2512N156\OFFER#Q2512N156R1_Hindalco Industries Limited, Renukoot _Technical.txt",Q2512N156R1,HIGH,FOUND
"Q2512N156\OFFER#Q2512N156R3_Hindalco Industries Limited, Renukoot _Technical.txt",Q2512N156R3,HIGH,FOUND
Q2512N157\Offer_Q2512N157_Isgec Heavy Engineering_JSW Dolvi_ Technical_.txt,Q2512N157,HIGH,FOUND
Q2512N157\Offer_Q2512N157R1_Isgec Heavy Engineering_JSW Dolvi_ Technical.txt,Q2512N157R1,HIGH,FOUND
Q2512N158\OFFER#Q2512N158 NFL BHATINDA CEMS.txt,Q2512N158,HIGH,FOUND
Q2512N158\OFFER#Q2512N158R1 NFL BHATINDA CEMS.txt,Q2512N158,HIGH,FOUND
Q25260137-SQ2505N120\TECHNICAL OFFER-Q25260137-SQ2505N120-UDAIPUR CEMENT WORKS LTD-6000125340.txt,SQ2505N120,HIGH,FOUND
Q25AKA10020\Q25AKA10020_H2 NH3 FFC  R0.txt,Q25AKA10020,HIGH,FOUND
Q25AKAI10056\Q24AKAI10056 GPS ADNOC Upper Zakum.txt,Q24AKAI10056R1,HIGH,FOUND
Q25AKAI10056\Q24AKAI10056R3 GPS ADNOC Upper Zakum_13052025.txt,Q24AKAI10056R3,HIGH,FOUND
Q25AKAI10062\Q25AKAI10062 tkUIPL ADNOC EDC VCM PLANT.txt,Q25AKAI10062,HIGH,FOUND
Q25AKAI10073\Q25AKAI10073_GC_SCS_ADAS_Qatar Energy_07062025.txt,Q25AKAI10073,HIGH,FOUND
Q25AKAI10081\Q25AKAI10081_MOISTURE ANALYSER_TECHNO COMMERCIAL.txt,Q25AKAI10081,HIGH,FOUND
Q25AKIC10080\Q25AKIC10080_Blue NH3_LINDE_20012025.txt,Q25AKIC10080,HIGH,FOUND
Q25AKIC10085\Q25AKIC10085_Obsolete GC upgrade_Yanbu_aramco.txt,Q25AKIC10085,HIGH,FOUND
Q25AKIC10091\Q25AKIC10091_AKIC_Offer_Calomat 6.txt,Q25AKIC10091,HIGH,FOUND
Q25AKIC10092\Q25AKIC10092_Supply Gate_Calomat 6.txt,Q25AKIC10092,HIGH,FOUND
Q25AKIC10095\GC-Yanbu NGL Aramco_AKIC_Budgetary Quote.txt,,LOW,FOUND
Q25AKIC10096\Q25AKIC10096A_BTU GC_ SAN2.txt,Q25AKIC10096A,HIGH,FOUND
Q25AKIC10096\Q25AKIC10096B_BTU GC_ SAN5.txt,Q25AKIC10096B,HIGH,FOUND
Q25AKIC10098\Q24AKIC10098_COD_pH_YANSAB.txt,Q25AKIC10098,HIGH,FOUND
Q25AKIC10123\Q25X10123 - Valmet TR Khafji Gas Plant.txt,Q25X10123,HIGH,NOT_FOUND
Q25E10021\Q25E10021_HPL_DECOKE.txt,Q25E10021,HIGH,FOUND
Q25E10021\Q25E10021R1_HPL_DECOKE.txt,Q25E10021R1,HIGH,FOUND
Q25E10022\Q25E10022_AIR GAS_Hydrogen Analyser.txt,Q25E10022,HIGH,FOUND
Q25E10023\Q25E10023_HPL_CO ANALYSER.txt,Q25E10021R1,HIGH,FOUND
Q25E10024\Q25E10024_IOCL_Haldia_TEchnical.txt,Q25E10024,HIGH,NOT_FOUND
Q25E10026\Q25E10026_IOCL_Paradip_H2- Tender.txt,Q25E10026,HIGH,FOUND
Q25E10029\Q25E10029_IOCL_Paradip_H2- Tender.txt,Q25E10029,HIGH,FOUND
Q25E10030\Q25E10026_IOCL_Paradip_H2- Tender.txt,Q25E10026,HIGH,FOUND
Q25E10030\Q25E10030_IOCL_Paradip_H2- Tender.txt,Q25E10030,HIGH,FOUND
Q25E10031\Q25E10031R0_O2 Analyser_Adani MPL.txt,Q25E10031R0,HIGH,FOUND
Q25E10031\Q25E10031R1_Vrinda_Adani MPL_O2 Analyser.txt,Q25E10031R1,HIGH,FOUND
Q25E10031\Q25E10031R2_Vrinda_Adani MPL_O2 Analyser.txt,Q25E10031R2,HIGH,FOUND
Q25E10031\Q25E10031R3_Vrinda_Adani MPL_O2 Analyser.txt,Q25E10031R3,HIGH,FOUND
Q25E10031\Q25E10031R4_Vrinda_Adani MPL_O2 Analyser.txt,Q25E10031R4,HIGH,FOUND
Q25E10032\Q25E10032_IOCL_Guwahati_HC+Benzene GC- Tender.txt,Q25E10032,HIGH,FOUND
Q25E10033\Q25E10033_Technical Offer Air Demand.txt,Q25E10033,HIGH,FOUND
Q25E10034\Q25E10034_LINDE_for Analyzer Panel.txt,Q25E10034R0,HIGH,FOUND
Q25E10034\Q25E10034R1_LINDE_for Analyzer Panel.txt,Q25E10034R1,HIGH,FOUND
Q25E10034\Q25E10034R2_LINDE_for Analyzer Panel.txt,Q25E10034R2,HIGH,FOUND
Q25E10034\Q25E10034R3_LINDE_for Analyzer Panel.txt,Q25E10034R3,HIGH,FOUND
Q25E10034\Q25E10034R4_LINDE_for Analyzer Panel.txt,Q25E10034R4,HIGH,FOUND
Q25E10034\Q25E10034R5_LINDE_for Analyzer Panel.txt,Q25E10034R5,HIGH,FOUND
Q25E10034\Q25E10034R6_LINDE_for Analyzer Panel.txt,Q25E10034R6,HIGH,FOUND
Q25E10034\Q25E10034R7_LINDE_for Analyzer Panel.txt,Q25E10034R7,HIGH,FOUND
Q25E10036\Q25E10036C0_HPL_LPG_GC_Offer.txt,Q25E10036C0,HIGH,FOUND
Q25E10036\Q25E10036T0_HPL_LPG_GC_Offer.txt,Q25E10036T0,HIGH,FOUND
Q25E10037\Q25E10037_Offfer for Analyzer Panel & SHS.txt,Q25E10037,HIGH,FOUND
Q25E10037\Q25E10037R1_LINDE_for Analyzer Panel_Commercial offer.txt,Q25E10037R1,HIGH,FOUND
Q25E10038\Q25E10038_LINDE_Container for Analyzer Panel.txt,Q25E10038R0,HIGH,FOUND
Q25G10077\Q25G10077_RIL DMD_Commercial.txt,Q25G10077R1,HIGH,FOUND
Q25G10077\Q25G10077R1_RIL DMD-Commercial.txt,Q25G10077R1,HIGH,FOUND
Q25G10078\Q25G10078_commercial.txt,Q24W10078,HIGH,FOUND
Q25G10079\Q25G10079_11.09.2025.txt,Q25W10079R1,HIGH,FOUND
Q25G10079\Q25G10079_Techno commercial (1).txt,Q25W10079,HIGH,FOUND
Q25G10079\Q25G10079_Techno commercial.txt,Q25W10079,HIGH,FOUND
Q25G10079\Q25G10079R2_27.10.2025.txt,Q25W10079R2,HIGH,FOUND
Q25G10080\Q25G10080_technocommercial.txt,Q24G10080,HIGH,FOUND
Q25G10082\Q25G10082_H2S analyser for SRU stack Technical offer__.txt,Q25G10082,HIGH,FOUND
Q25G10084\Q25G10084_ADANI.txt,Q25G10084,HIGH,NOT_FOUND
Q25G10085\Q25G10085_L&T_Petronet_PP_Gujarat_1.txt,Q25G10085,HIGH,FOUND
Q25G10086\Q25G10086_Distilation_TECHNICAL OFFER.txt,Q25G10086,HIGH,FOUND
Q25G10088\Q25G100886_GC Additional components_TechnoCommercial.txt,Q25G100886,HIGH,FOUND
Q25G10089\Q25G10089_Moisture Analyser system.txt,Q25G10089,HIGH,FOUND
Q25G10090\OFFER#Q25G10090_Adani Petrochemical Ltd._Technial.txt,Q25G10090,HIGH,FOUND
Q25G10090\OFFER#Q25G10090R10_Adani Petrochemical Ltd._Techno commercial.txt,Q25G10090R10,HIGH,FOUND
Q25G10090\OFFER#Q25G10090R1_Adani Petrochemical Ltd._Technial.txt,Q25G10090R1,HIGH,FOUND
Q25G10090\OFFER#Q25G10090R2_Adani Petrochemical Ltd._Technial_.txt,Q25G10090R2,HIGH,FOUND
Q25G10090\OFFER#Q25G10090R3_Adani Petrochemical Ltd._Technial_.txt,Q25G10090R3,HIGH,FOUND
Q25G10090\OFFER#Q25G10090R4_Adani Petrochemical Ltd._Technial_.txt,Q25G10090R4,HIGH,FOUND
Q25G10090\OFFER#Q25G10090R5_Adani Petrochemical Ltd._Technial_.txt,Q25G10090R5,HIGH,FOUND
Q25G10090\OFFER#Q25G10090R6_Adani Petrochemical Ltd._Techno commercial.txt,Q25G10090R6,HIGH,FOUND
Q25G10090\OFFER#Q25G10090R7_Adani Petrochemical Ltd._Techno commercial.txt,Q25G10090R7,HIGH,FOUND
Q25G10090\OFFER#Q25G10090R8_Adani Petrochemical Ltd._Techno commercial.txt,Q25G10090R8,HIGH,FOUND
Q25G10090\OFFER#Q25G10090R9_Adani Petrochemical Ltd._Techno commercial.txt,Q25G10090R9,HIGH,FOUND
Q25G10092\Price Summary sheet_Upgradation of Aromatic GC_1000205171.txt,,LOW,NOT_FOUND
Q25G10092\Q25G10092_Aromatic GC Upgradation_RIL JMD_1000205171.txt,Q24G10092,HIGH,FOUND
Q25G10093\Q25G10093_Firm_Techo Commercial offer_BPCL Bina LLDP-HDPE_L&T_19.03.2026.txt,Q25G10093R2,HIGH,NOT_FOUND
Q25G10093\Q25G10093_Technical offer_BPCL Bina LLDP-HDPE_13.06.2025_.txt,Q25G10093,HIGH,NOT_FOUND
Q25G10093\Q25G10093R1_Techo Commercial offer_BPCL Bina LLDP-HDPE_L&T.txt,Q25G10093R1,HIGH,NOT_FOUND
Q25G10093\Q25G10093R3_Firm_Techo Commercial offer_BPCL Bina LLDP-HDPE_L&T_27.03.2026.txt,Q25G10093R3,HIGH,NOT_FOUND
Q25G10093\Q25G10093R4_Firm_Technical offer_BPCL Bina LLDP-HDPE_L&T_07.05.2026.txt,Q25G10093R4,HIGH,NOT_FOUND
Q25G10093\Q25G10093R5_Firm_Commercial offer_BPCL Bina LLDP-HDPE_L&T_15.05.2026.txt,Q25G10093R5,HIGH,NOT_FOUND
Q25G10093\Q25G10093R6_Firm_Commercial offer_BPCL Bina LLDP-HDPE_L&T_26.05.2026.txt,Q25G10093R6,HIGH,NOT_FOUND
Q25G10093\Q25G10093R7_Technical offer_BPCL Bina LLDP-HDPE_L&T_04.06.2026.txt,Q25G10093R7,HIGH,NOT_FOUND
Q25G10093\Q25G10093R8_Firm_Technical offer_BPCL Bina LLDP-HDPE_L&T_10.06.2026.txt,Q25G10093R8,HIGH,NOT_FOUND
Q25G10093\Q25G10093R9_BPCL Bina LLDP-HDPE_L&T_12.06.2026_Commercial.txt,Q25G10093R9,HIGH,NOT_FOUND
Q25G10094\Q25G10094R1_LTTS_Technical.txt,Q24N10094R1,HIGH,FOUND
Q25G10094\Q25G10094R2_LTTS_Technical.txt,Q24N10094R2,HIGH,FOUND
Q25G10094\Q25G10094R3_LTTS_Techno commercial.txt,Q24N10094R3,HIGH,FOUND
Q25G10095\Q25G10095_L&T_PP_Petronet_IOCL Gujarat.txt,Q25G10095,HIGH,FOUND
Q25G10095\Q25G10095R1_L&T_PP_Petronet_IOCL Gujarat.txt,Q25G10095R1,HIGH,FOUND
Q25G10095\Q25G10095R2_L&T_PP_Petronet_IOCL Gujarat.txt,Q25G10095R2,HIGH,FOUND
Q25G10097\Q25G10097_TECHNO COMMERCIAL OFFER_L&T_IOCL PANIPAT_04.07.25..txt,Q25G10097,HIGH,NOT_FOUND
Q25G10098\Q25G10098_Techno Commercial offer_BPCL Bina_PPU & Butene-1_Project_L&T_07.08.25.txt,Q25G10098,HIGH,FOUND
Q25G10099\Q25G10099_DTA_PP GC_RIL JMD - Offer.txt,Q25G10099,HIGH,FOUND
Q25G10099\Q25G10099R4_DTA_PP GC_RIL JMD - Offer.txt,Q25G10099R4,HIGH,FOUND
Q25G10099\Q25G10099T1_DTA_PP GC_RIL JMD - Offer.txt,Q25G10099T1,HIGH,FOUND
Q25G10099\Q25G10099T2_DTA_PP GC_RIL JMD - Offer.txt,Q25G10099T2,HIGH,FOUND
Q25G10099\Q25G10099T3_DTA_PP GC_RIL JMD - Offer.txt,Q25G10099T3,HIGH,FOUND
Q25G10100\Q25G10100_L&T_Green Ammonia Project_Technical offer.txt,Q25G10100,HIGH,FOUND
Q25G10101\Q25G10101_O2 Analyser_Green PVC_Adani MPL.txt,Q25G10101,HIGH,FOUND
Q25G10101\Q25G10101R1_O2 Analyser_Green PVC_Adani MPL.txt,Q25G10101R1,HIGH,FOUND
Q25G10101\Q25G10101R2_O2 Analyser_Green PVC_Adani MPL.txt,Q25G10101R2,HIGH,FOUND
Q25G10102\Q25G10102_RIL HMD Modification offer.txt,Q25G10102,HIGH,FOUND
Q25G10102\Q25G10102R1_RIL HMD Modification offer.txt,Q25G10102R1,HIGH,FOUND
Q25G10103\Q25G10103T0_GOP Plant_RIL VMD-Offer.txt,Q2510103T0,HIGH,FOUND
Q25G10104\Q25W10189_RIL VMD_FPU GC Upgradation.txt,Q25W10189,HIGH,FOUND
Q25G10106\Q25G10106T0_L&T_IOCL PANIPAT.txt,Q25G10106T0,HIGH,FOUND
Q25G10106\Q25G10106T1C0_L&T_IOCL PANIPAT.txt,Q25G10106T1C0,HIGH,FOUND
Q25G10107\Q25G10107_Moisture Analyser_BPCL Bina.txt,Q25G10107,HIGH,FOUND
Q25G10108\Q25G10108_O2_PY Plant_RIL HMD.txt,Q25G10108,HIGH,FOUND
Q25G10109\Q25G10109C0_LTTS_PH1 Exxonmobil GC-offer.txt,Q25G10109C0,HIGH,FOUND
Q25G10109\Q25G10109T0_LTTS_PH1 Exxonmobil GC-offer.txt,Q25G10109T0,HIGH,FOUND
Q25G10109\Q25G10109T1_LTTS_PH1 Exxonmobil GC-offer.txt,Q25G10109T1,HIGH,FOUND
Q25G10110\Q25G10110_Nayara H2 Analyser_Technical offer.txt,Q25G10110,HIGH,FOUND
Q25G10111\Q25G10111_Nayara Energy_Cycle Gas GC - Offer.txt,Q25G10111T0,HIGH,FOUND
Q25G10113\Q25G10113_RIL_HMD_GC Spares-Offer.txt,Q25G10113,HIGH,FOUND
Q25G10113\Q25G10113R2_RIL_HMD_GC Spares-Offer.txt,Q25G10113R2,HIGH,FOUND
Q25G10114\Q25G10114_RIL_D_EDC_Sampling System_Technical Offer..txt,Q25G10114,HIGH,FOUND
Q25G10114\Q25G10114T1_RIL_D_EDC_Sampling System_Technical Offer..txt,Q25G10114T1,HIGH,FOUND
Q25G10114\Q25G10114T2_RIL_D_EDC_Sampling System_Technical Offer..txt,Q25G10114T2,HIGH,FOUND
Q25G10115\Q25G10115_L&T_KOC.txt,Q25G10115,HIGH,FOUND
Q25G10116\Q25G10116_ADANI_TECHNICAL OFFER_02.12.2025.txt,Q25G10116,HIGH,NOT_FOUND
Q25G10116\Q25G10116R1_ADANI_SHELTER_WOBBE INDEX_05.01.2026.txt,Q25G10116R1,HIGH,NOT_FOUND
Q25G10116\Q25G10116R2_ADANI_SHELTER_WOBBE INDEX_27.01.2026.txt,Q25G10116R2,HIGH,NOT_FOUND
Q25G10117\Q25G10117_L&T_Petronet Dahej_Double wall storage tanks.txt,Q25G10117R0,HIGH,FOUND
Q25G10117\Q25G10117R1_L&T_Petronet Dahej_Double wall storage tanks _Commercial.txt,Q25G10117R1,HIGH,FOUND
Q25G10117\Q25G10117R2_L&T_Petronet Dahej_Double wall storage tanks _Technical.txt,Q25G10117R2,HIGH,FOUND
Q25G10117\Q25G10117R3_L&T_Petronet Dahej_Double wall storage tanks _Technical.txt,Q25G10117R3,HIGH,FOUND
Q25G10119\Q25G10119R0_Viscosity and RVP Analyser system.txt,Q25G10119R0,HIGH,NOT_FOUND
Q25G10120\Q25G10120_Linde_Godrej_Technical offer.txt,Q25G10120,HIGH,FOUND
Q25G10120\Q25G10120R1_Linde_Godrej_Techno-commercial offer.txt,Q25G10120R1,HIGH,FOUND
Q25G10120\Q25G10120R2_Linde_Godrej_Techno-commercial offer..txt,Q25G10120R2,HIGH,FOUND
Q25N10064\Q25N10064_Bechtel_RIL NMD.txt,Q25N10064,HIGH,NOT_FOUND
Q25N10065\Q25N10065_EIL_NRL Aqueous Ammonia offer.txt,Q25N10065,HIGH,FOUND
Q25N10066\Q25N10066_Esteem_O2 & COe_Technical offer.txt,Q25N10066,HIGH,FOUND
Q25N10067\Q25N10067_Bechtel_RIL NMD.txt,Q25N10067,HIGH,NOT_FOUND
Q25N10067\Q25N10067R1_Bechtel_RIL NMD_11.04.25.txt,Q25N10067R1,HIGH,FOUND
Q25N10067\Q25N10067R2_Bechtel_RIL NMD_29.04.25.txt,Q25N10067R2,HIGH,FOUND
Q25N10067\Q25N10067R3_Bechtel_RIL NMD_20.05.25.txt,Q25N10067R3,HIGH,FOUND
Q25N10067\Q25N10067R4_Bechtel_RIL NMD_28.05.25.txt,Q25N10067R4,HIGH,NOT_FOUND
Q25N10067\Q25N10067R5_Bechtel_RIL NMD_04.06.25.txt,Q25N10067R5,HIGH,NOT_FOUND
Q25N10067\Q25N10067R6_Commercial_Bechtel_RIL NMD_16.06.25.txt,Q25N10067R6,HIGH,FOUND
Q25N10067\Q25N10067R7_Commercial_Bechtel_RIL NMD.txt,Q25N10067R7,HIGH,FOUND
Q25N10070\Q25N10070_OFFER_TECHNIP_13.03.2025.txt,Q25N10070,HIGH,NOT_FOUND
Q25N10071\Q25N10071_TECHNIP_06.03.2025.txt,Q25N10071,HIGH,FOUND
Q25N10072\Q25N10072_OFFER_TECHNIP_27.03.2025.txt,Q25N10072,HIGH,NOT_FOUND
Q25N10072\Q25N10072R1_TECHNO-COMMERCIAL OFFER_TECHNIP_02.04.2025.txt,Q25N10072R1,HIGH,NOT_FOUND
Q25N10072\Q25N10072R2_TECHNO-COMMERCIAL OFFER_TECHNIP_10.06.2025.txt,Q25N10072R2,HIGH,NOT_FOUND
Q25N10073\Q25N10073_Multitex Filters_HCDW Technical offer.txt,Q25N10073,HIGH,FOUND
Q25N10074\Q25N10074_TDLS H2S Analyzer_DDE.txt,Q25N10074,HIGH,FOUND
Q25N10076\Q25N10076_Technical offer_BPCL Bina LLDPE-HDPE.txt,Q25N10076,HIGH,NOT_FOUND
Q25N10076\Q25N10076R1_Techno Commercial offer_BPCL Bina LLDPE-HDPE_29.05.2025.txt,Q25N10076R1,HIGH,NOT_FOUND
Q25N10077\Q25N10077_IOCL Panipat H2 Analyser Tender.txt,Q25N10077,HIGH,NOT_FOUND
Q25N10078\Q25N10078_EIL_NRL Aqueous Ammonia offer__.txt,Q25N10078,HIGH,FOUND
Q25N10079\Q25N10079_IOCL Mathura Distillation Analyzer.txt,Q25N10079,HIGH,FOUND
Q25N10080\Q25N10080_BPCL Bina_PP_Technip_Techno Commercial offer.txt,Q26N10102,HIGH,FOUND
Q25N10080\Q25N10080_BPCL Bina_PPU & Butene-1_Project_Technip_offer..txt,Q25N10080,HIGH,FOUND
Q25N10080\Q25N10080R1_Techno Commercial offer_BPCL Bina_PPU & Butene-1_Project_Technip.txt,Q25N10080R1,HIGH,FOUND
Q25N10080\Q25N10080R2_BPCL Bina_PP_Technip_Technical offer.txt,Q26N10102R2,HIGH,FOUND
Q25N10081\Q25N10081_Technical offer Wobbe Index_IOCL Panipat.txt,Q25N10081,HIGH,FOUND
Q25N10082\Q25N10082_Bechtel_RIL NMD_19.06.2025.txt,Q25N10082,HIGH,NOT_FOUND
Q25N10082\Q25N10082R1_Bechtel_RIL NMD_26.06.2025.txt,Q25N10082R1,HIGH,NOT_FOUND
Q25N10082\Q25N10082R2_Bechtel_RIL NMD_17.07.25.txt,Q25N10082R2,HIGH,NOT_FOUND
Q25N10082\Q25N10082R3_Bechtel_RIL NMD_20.02.26.txt,Q25N10082R3,HIGH,NOT_FOUND
Q25N10082\Q25N10082R4_Bechtel_RIL NMD_20.03.26.txt,Q25N10082R4,HIGH,NOT_FOUND
Q25N10082\Q25N10082R5_Technical Offer_RIL NMD_22.04.2026.txt,Q25N10082R5,HIGH,FOUND
Q25N10082\Q25N10082R6 Commercial offer_RIL NMD_15.05.2026.txt,Q25N10082R6,HIGH,FOUND
Q25N10082\Q25N10082R7 Commercial offer_RIL NMD_21.05.2026.txt,Q25N10082R7,HIGH,FOUND
Q25N10083\Q25N10083_Bechtel_RIL DMD_10.07.2025.txt,Q25N10083,HIGH,NOT_FOUND
Q25N10083\Q25N10083R1_Bechtel_RIL DMD_12.02.26.txt,Q25N10083R1,HIGH,NOT_FOUND
Q25N10083\Q25N10083R2_Bechtel_RIL DMD_19.03.2.txt,Q25N10083R2,HIGH,NOT_FOUND
Q25N10083\Q25N10083R3_Commercial offer_RIL DMD_30.03.26.txt,Q25N10083R3,HIGH,FOUND
Q25N10083\Q25N10083R4 offer_RIL DMD_15.04.2026.txt,Q25N10083R4,HIGH,FOUND
Q25N10083\Q25N10083R5_Technical offer_RIL DMD_17.04.2026.txt,Q25N10083R5,HIGH,FOUND
Q25N10083\Q25N10083R6_Commercial offer_H2S GC_RIL DMD_12.05.26.txt,Q25N10083R6,HIGH,FOUND
Q25N10083\Q25N10083R7_Commercial offer_RIL DMD_21.05.26.txt,Q25N10083R7,HIGH,FOUND
Q25N10085\Q25N10085_Techno Commercial offer_Nuberg.txt,Q25N10085,HIGH,NOT_FOUND
Q25N10085\Q25N10085R1_Techno Commercial offer_Nuberg.txt,Q25N10085R1,HIGH,NOT_FOUND
Q25N10086\Q25N10086_Color Analyser at HMEL_Technical offer.txt,Q25N10086,HIGH,FOUND
Q25N10087\Q25N10087_IOCL Panipat O2 Tender.txt,Q25N10087,HIGH,FOUND
Q25N10088\Q25N10088_H2S Analyser_IOCL Mathura_offer.txt,Q25N10088,HIGH,FOUND
Q25N10089\Q25N10089R0_ Techno Commercial offer_HPCL LMBU Project_05.09.2025.txt,Q25N10089R0,HIGH,FOUND
Q25N10089\Q25N10089R1_ Techno Commercial offer_HPCL LMBU Project_23.09.2025.txt,Q25N10089R1,HIGH,FOUND
Q25N10090\Q25N10090_Indian Glycol_Selectivity & Chloride GC.txt,Q25N10090,HIGH,FOUND
Q25N10090\Q25N10090C0_Indian Glycol_Selectivity & Chloride GC.txt,Q25N10090C0,HIGH,FOUND
Q25N10090\Q25N10090T1_Indian Glycol_Selectivity & Chloride GC.txt,Q25N10090T1,HIGH,FOUND
Q25N10090\Q25N10090T2_Indian Glycol_Selectivity & Chloride GC.txt,Q25N10090T2,HIGH,FOUND
Q25N10091\Additional Documents 1_Technical.txt,Q25N10091,HIGH,NOT_FOUND
Q25N10092\Q25N10092_Technical Offer_EIL_IOCL Panipat SRU_.txt,Q25N10092,HIGH,FOUND
Q25N10093\Q25N10093_Gas Chromatograph_BPCL Bina (BREP)_EIL offer_10.12.2025.txt,Q25N10093,HIGH,FOUND
Q25N10097\Q25N10097R1_Bechtel_RIL DMD.txt,Q25N10097R1,HIGH,FOUND
Q25N10097\Q25N10097R2_Bechtel_RIL DMD.txt,Q25N10097R2,HIGH,FOUND
Q25N10097\Q25N10097R3_Commercial Offer_Bechtel_RIL DMD_240326.txt,Q25N10097R3,HIGH,FOUND
Q25N10097\Q25N10097R4_Bechtel_RIL DMD_17.04.2026.txt,Q25N10097R4,HIGH,NOT_FOUND
Q25N10097\Q25N10097R4_Commercial Offer_Bechtel_RIL DMD_270326.txt,Q25N10097R4,HIGH,NOT_FOUND
Q25N10097\Q25N10097R5_Commercial Offer_Ambient GC_RIL DMD_120526.txt,Q25N10097R5,HIGH,FOUND
Q25N10097\Q25N10097T0_Bechtel_RIL DMD.txt,Q25N10097T0,HIGH,NOT_FOUND
Q25N10099\Q25N10099_BPCL Bina_EIL_Process Stream Analyser offer_24.12.2025.txt,Q25N10099,HIGH,FOUND
Q25N10100\Q25N10100_EXXONMOBIL_30.12.2025.txt,Q25N10100,HIGH,FOUND
Q25N10101\Q25N10101_O2_COe Analyser_BQ_Technip.txt,Q25N10101,HIGH,NOT_FOUND
"Q25S10075\Q25S10075_CPCL HVAC 3TR, 5TR Offer.txt",Q25S10075,HIGH,FOUND
Q25S10076\Q25S10076_CPCL GC Offer.txt,Q25S10076,HIGH,FOUND
Q25S10077\Q25S10077_offer_MEIL_PPU.txt,Q25S10077,HIGH,FOUND
Q25S10077\Q25S10077R1_MEGHA_IOCL Gujarat_PPU.txt,Q25S10077R1,HIGH,FOUND
Q25S10079\ATC Docs 1_Q25S10079_BPCL Sulfur Analyzer Offer_FEED.txt,Q25S10079,HIGH,FOUND
Q25S10079\Q25S10079_BPCL Sulfur Analyzer Offer.txt,Q25S10079,HIGH,FOUND
Q25S10080\Q25S10080_MRPL Trace CO2 & O2 offer..txt,Q25S10080,HIGH,NOT_FOUND
Q25S10082\Q25S10082_CPCL Analyzer Shelter Tender.txt,Q25S10082,HIGH,FOUND
Q25S10083\Q25S10083_CPCL_Process Analyzers BQ.txt,Q25S10083,HIGH,FOUND
Q25S10084\Q25S10084_OIW Analyzer_Macain Energy Services offer.txt,Q25S10084,HIGH,NOT_FOUND
Q25S10086\Q25S10086_TECHNICAL OFFER.txt,Q25S10086,HIGH,NOT_FOUND
Q25S10086\Q25S10086R1_TECHNO COMMERCIAL OFFER_HRRL_LLDPE.txt,Q25S10086R1,HIGH,NOT_FOUND
Q25S10086\Q25S10086R2_TECHNO COMMERCIAL OFFER.txt,Q25S10086R2,HIGH,NOT_FOUND
Q25S10087\Q25S10087_TECHNO COMMERCIAL OFFER_HRRL_PPU.txt,Q25S10087,HIGH,NOT_FOUND
Q25S10088\Q25S10088_BPCL Sulfur Analyzer Offer_PRODUCT.txt,Q25S10088,HIGH,FOUND
Q25S10089\Q25S10089_GC_HPCL Visakh Offer.txt,Q25S10089,HIGH,FOUND
Q25S10089\Q25S10089R1_GC_HPCL Visakh Offer.txt,Q25S10089R1,HIGH,FOUND
Q25S10089\Q25S10089R2_GC_HPCL Visakh Offer.txt,Q25S10089R2,HIGH,FOUND
Q25S10090\Q25S10090T1C1_EXXONMOBIL_04.09.2025.txt,Q25S10090T1C1,HIGH,FOUND
Q25S10090\Q25S10090T3C3_EXXONMOBIL_14.10.2025.txt,Q25S10090T3C3,HIGH,FOUND
Q25S10091\Q25S10091_IOCL DIGBOI_TDLS O2.txt,Q25S10091,HIGH,FOUND
Q25S10092\Q25S10092_IOCL DIGBOI_CCU_BHEL_Combustible (CO & H2) (1).txt,Q25S10092R0,HIGH,FOUND
Q25S10092\Q25S10092_IOCL DIGBOI_CCU_BHEL_Combustible (CO & H2).txt,Q25S10092,HIGH,FOUND
Q25S10093\Q25S10093_BQ_BPCL KOCHI_NIR analyser.txt,Q25S10093,HIGH,FOUND
Q25S10093\Q25S10093R1_BQ_Technical offer_BPCL KOCHI_NIR analyser.txt,Q25S10093R1,HIGH,FOUND
Q25S10093\Q25S10093R2_BQ_Techno Commercial offer_BPCL KOCHI_NIR analyser.txt,Q25S10093R2,HIGH,FOUND
Q25S10093\Q25S10093R5_BQ_Techno Commercial offer_BPCL KOCHI_NIR analyser_.txt,Q25S10093R5,HIGH,FOUND
Q25S10094\Q25S10094_CO2_HPCL Visakh Offer.txt,Q25S10094,HIGH,FOUND
Q25S10094\Q25S10094_HPCL CO2 Analyser.txt,Q25S10094_Tender,HIGH,FOUND
Q25S10095\Q25S10095_MRPL_ISOM_GC-BQ.txt,Q25S10095,HIGH,FOUND
Q25S10095\Q25S10095R1_MRPL_ISOM_GC.txt,Q25S10095R1,HIGH,FOUND
Q25W10133\Q25W10133_Emerson_Panel AC.txt,Q25W10133,HIGH,NOT_FOUND
Q25W10135\Q25W10135_RIL NMD_Technical.txt,Q25W10135,HIGH,FOUND
Q25W10137\Q25W10137R6_Worley_RIL JMD.txt,Q25W10137R6,HIGH,FOUND
Q25W10138\Q25W10138_Toyo_HPCL.txt,Q25W10138,HIGH,FOUND
Q25W10138\Q25W10138R1_Toyo_HPCL.txt,Q25W10138R1,HIGH,FOUND
Q25W10139\Q25W10139R1_WSIPL_TechnoCommercial.txt,Q25W10139,HIGH,FOUND
Q25W10140\Q25W10140_RIL JMD GASIFIER.txt,Q25W10140,HIGH,FOUND
Q25W10141\Q25W10141_HPCL_HVAC - Tender.txt,Q25W10141,HIGH,FOUND
Q25W10142\Q25W10142_HPCL Pour Point Analyser Techno Commercial offer.txt,Q25W10142,HIGH,FOUND
Q25W10143\Q25W10143_RIL_JMD.txt,,LOW,FOUND
Q25W10144\Q25W10144_Europem_ONGC Uran_CEMS analyser.txt,Q25W10144,HIGH,NOT_FOUND
Q25W10144\Q25W10144R2_Europem_ONGC Uran_CEMS analyser.txt,Q25W10144R2,HIGH,NOT_FOUND
Q25W10144\Q25W10144R3_Europem_ONGC Uran_CEMS analyser.txt,Q25W10144R3,HIGH,NOT_FOUND
Q25W10144\Q25W10144R4_Europem_ONGC Uran_CEMS analyser.txt,Q25W10144R4,HIGH,FOUND
Q25W10145\Q25W10145_BPCL Bina CCR Moisture Offer.txt,Q25W10145,HIGH,FOUND
Q25W10146\Q25W10146_TOYO_POLYPROPYLENE PLANT.txt,Q25W10146,HIGH,FOUND
Q25W10147\Q25W10147_Praj USA_Gevo_S-25069.txt,Q25W10147,HIGH,FOUND
Q25W10161\Q24W10161_CO and O2 measurement.txt,Q24W10161,HIGH,FOUND
Q25W10162\Q25W10162_HPCL_CEMS_O2_Sulfur.txt,Q25W10162,HIGH,NOT_FOUND
Q25W10163\Q25W10163_L&T_PP.txt,Q25W10163,HIGH,FOUND
Q25W10166\Q25W10166_Tkis_PP_Petronet_IOCL Gujarat.txt,Q25W10166,HIGH,FOUND
Q25W10171\Q25W10171_TECHNO-COMMERCIAL OFFER_TECHNIMONT.txt,Q25W10171,HIGH,NOT_FOUND
Q25W10172\Q25W10172_JNK_Petronas Phoenix_Singapore.txt,Q25W10172,HIGH,FOUND
Q25W10172\Q25W10172R1_JNK_Petronas Phoenix_Singapore - Technical.txt,Q25W10172R1,HIGH,FOUND
Q25W10172\Q25W10172R2_JNK_Petronas Phoenix_Singapore.txt,Q25W10172R2,HIGH,FOUND
Q25W10172\Q25W10172R3_JNK_Petronas Phoenix_Singapore .txt,Q25W10172R3,HIGH,FOUND
Q25W10172\Q25W10172R4_JNK_Petronas Phoenix_Singapore - Techno-commercial.txt,Q25W10172R4,HIGH,FOUND
Q25W10173\Q25W10173_TKIS_HPL_OCU CUMENE.txt,Q25W10173,HIGH,FOUND
Q25W10173\Q25W10173R01_HPL_OCU_CUMENE.txt,Q25W10173R1,HIGH,FOUND
Q25W10174\Q25W10174_TDLS O2 Analyzer_Tecnimont_03.06.2025.txt,Q25W10174,HIGH,FOUND
Q25W10174\Q25W10174R1_TDLS O2 Analyzer_Tecnimont_30.06.2025.txt,Q25W10174R1,HIGH,FOUND
Q25W10174\Q25W10174R2_TDLS O2 Analyzer_Tecnimont_07.07.2025.txt,Q25W10174R2,HIGH,FOUND
Q25W10175\Q25W10175_TOYO_PP_Petronet_Dahej.txt,Q25W10175,HIGH,FOUND
Q25W10175\Q25W10175R1_TOYO_PP_Petronet_IOCL Gujarat.txt,Q25W10175R1,HIGH,FOUND
Q25W10175\Q25W10175R2_TOYO_PP_Petronet_IOCL Gujarat.txt,Q25W10175R2,HIGH,FOUND
Q25W10175\Q25W10175R3_TOYO_PP_Petronet_IOCL Gujarat.txt,Q25W10175R3,HIGH,FOUND
Q25W10175\Q25W10175R4_TOYO_PP_Petronet_IOCL Gujarat.txt,Q25W10175R4,HIGH,FOUND
Q25W10175\Q25W10175R5_TOYO_PP_Petronet_IOCL Gujarat.txt,Q25W10175R5,HIGH,FOUND
Q25W10175\Q25W10175R6_TOYO_PP_Petronet_IOCL Gujarat.txt,Q25W10175R6,HIGH,FOUND
Q25W10175\Q25W10175R7_TOYO_PP_Petronet_IOCL Gujarat.txt,Q25W10175R7,HIGH,FOUND
Q25W10175\Q25W10175R8_TOYO_PP_Petronet_IOCL Gujarat.txt,Q25W10175R8,HIGH,FOUND
Q25W10176\Q25W10176_Tecnimont_PP_Petronet_IOCL Gujarat.txt,Q25W10176,HIGH,FOUND
Q25W10176\Q25W10176R1_Tecnimont_PP_Petronet_IOCL Gujarat.txt,Q25W10176R1,HIGH,FOUND
Q25W10176\Q25W10176R2_Tecnimont_PP_Petronet_IOCL Gujarat.txt,Q25W10176R2,HIGH,FOUND
Q25W10176\Q25W10176R3_Tecnimont_PP_Petronet_IOCL Gujarat.txt,Q25W10176R3,HIGH,FOUND
Q25W10180\Q25W10180_Techinical offer_BPCL Bina LLDP-HDPE.txt,Q25W10180,HIGH,NOT_FOUND
Q25W10180\Q25W10180R1_Techno Commercial offer_BPCL Bina LLDP-HDPE_Tecnimont.txt,Q25W10180R1,HIGH,NOT_FOUND
Q25W10181\Q25W10181_L&T_CCR unit_Petronet Energy_Dahej.txt,Q25W10181,HIGH,FOUND
Q25W10181\Q25W10181R1__L&T_CCR unit_Petronet Energy_Dahej.txt,Q25W10181R1,HIGH,FOUND
Q25W10181\Q25W10181R2__L&T_CCR unit_Petronet Energy_Dahej.txt,Q25W10181R2,HIGH,FOUND
Q25W10182\Q25W10182_Ambient GC_EDC Tank_RIL PMD - Offer.txt,Q25W10182,HIGH,FOUND
Q25W10182\Q25W10182R1_Ambient GC_EDC Tank_RIL PMD - Offer.txt,Q25W10182R1,HIGH,FOUND
Q25W10182\Q25W10182R2_Ambient GC_EDC Tank_RIL PMD - Offer.txt,Q25W10182R2,HIGH,FOUND
Q25W10182\Q25W10182R3_Ambient GC_EDC Tank_RIL PMD - Offer.txt,Q25W10182R3,HIGH,FOUND
Q25W10182\Q25W10182R4_Ambient GC_EDC Tank_RIL PMD - Offer.txt,Q25W10182R4,HIGH,FOUND
Q25W10182\Q25W10182R5_Ambient GC_EDC Tank_RIL PMD - Offer.txt,Q25W10182R5,HIGH,FOUND
Q25W10182\Q25W10182R6_Ambient GC_EDC Tank_RIL PMD - Commercial Offer.txt,Q25W10182R6,HIGH,FOUND
Q25W10182\Q25W10182R7_Ambient GC_EDC Tank_RIL PMD - Technical offer.txt,Q25W10182R7,HIGH,FOUND
Q25W10182\Q25W10182R8_Ambient GC_EDC Tank_RIL PMD - Commercial offer.txt,Q25W10182R8,HIGH,FOUND
Q25W10183\Q25W10183R1_EO purity_SABIC..txt,Q25W10183R1,HIGH,FOUND
Q25W10183\Q25W10183R2_EO purity_SABIC- technical.txt,Q25W10183R2,HIGH,FOUND
Q25W10185\Q25W10185_O2 Analyser_PBR Plant_RIL VMD.txt,Q25W10185,HIGH,FOUND
Q25W10185\Q25W10185R1_O2 Analyser_PBR Plant_RIL VMD - Offer.txt,Q25W10185R1,HIGH,FOUND
Q25W10185\Q25W10185R2_O2 Analyser_PBR Plant_RIL VMD - Offer.txt,Q25W10185R2,HIGH,FOUND
Q25W10185\Q25W10185R3_O2 Analyser_PBR Plant_RIL VMD - Offer.txt,Q25W10185R3,HIGH,FOUND
Q25W10185\Q25W10185R4_O2 Analyser_PBR Plant_RIL VMD - Offer.txt,Q25W10185R4,HIGH,FOUND
Q25W10185\Q25W10185R5_O2 Analyser_PBR Plant_RIL VMD_Commercial Offer_04.09.2025.txt,Q25W10185R5,HIGH,FOUND
Q25W10186\Q25W10186R0_BPCL_CCU_REGEN O2 ANALYSER.txt,Q25W10186,HIGH,FOUND
Q25W10186\Q25W10186R1_BPCL_CCU_REGEN O2 ANALYSER.txt,Q25W10186R1,HIGH,FOUND
Q25W10187\Q1909G117R4_Propylene GC_DMD.txt,Q1909G117R4,HIGH,FOUND
Q25W10188\Q25W10188_Pour point_HPCL_Mumbai- Tender.txt,Q25W10188,HIGH,FOUND
Q25W10189\Q25W10189_RIL NMD_Cracker_Upgradation - Offer.txt,Q25W10189,HIGH,FOUND
Q25W10189\Q25W10189C1_RIL NMD_Cracker_Upgradation_Commercial offer.txt,Q25W10189C0,HIGH,FOUND
Q25W10189\Q25W10189R1_RIL NMD_Cracker_Upgradation - Offer.txt,Q25W10189R1,HIGH,FOUND
Q25W10189\Q25W10189R2_RIL NMD_Cracker_Upgradation_Commercial offer.txt,Q25W10189R2,HIGH,FOUND
Q25W10190\Q25W10190_O2 Analyser_Minor Capex_RIL HMD- Offer (1).txt,Q25W10190,HIGH,FOUND
Q25W10190\Q25W10190_O2 Analyser_Minor Capex_RIL HMD- Offer.txt,Q25W10190,HIGH,FOUND
Q25W10191\Q25W10191_Moisture_PBR-ll_RIL VMD.txt,Q25W10191,HIGH,FOUND
Q25W10191\Q25W10191R1_Moisture_PBR-ll_RIL VMD.txt,Q25W10191R1,HIGH,FOUND
Q25W10191\Q25W10191R2_Moisture_PBR-ll_RIL VMD.txt,Q25W10191R2,HIGH,FOUND
Q25W10191\Q25W10191R3_Moisture_PBR-ll_RIL VMD.txt,Q25W10191R3,HIGH,FOUND
Q25W10192\Q25W10192_O2_COe Analyser_Techno Commercial offer.txt,Q25W10192,HIGH,FOUND
Q25W10192\Q25W10192R1_O2_COe Analyser_Techno Commercial offer_.txt,Q25W10192R1,HIGH,FOUND
Q25W10192\Q25W10192R2_O2_COe Analyser_Techno Commercial offer_.txt,Q25W10192R2,HIGH,FOUND
Q25W10192\Q25W10192R3_O2_COe Analyser_Techno Commercial offer_.txt,Q25W10192R3,HIGH,FOUND
Q25W10192\Q25W10192R4_O2_COe Analyser_Techno Commercial offer_.txt,Q25W10192R4,HIGH,FOUND
Q25W10193\Q25W10193_RIL HMD_GC Upgradation - Offer.txt,Q25W10193T0,HIGH,FOUND
Q25W10193\Q25W10193T1_RIL HMD_GC Upgradation _Technical Offer.txt,Q25W10193T1,HIGH,FOUND
Q25W10193\Q25W10193T2_RIL HMD_GC Upgradation _Technical Offer.txt,Q25W10193T2,HIGH,FOUND
Q25W10194\Q25W10194_WDG VC_Minor Capex_RIL JMD- Offer.txt,Q25W10194,HIGH,FOUND
Q25W10194\Q25W10194R1_WDG VC_Minor Capex_RIL JMD- Offer.txt,Q25W10194R1,HIGH,FOUND
Q25W10195\Q25W10195_Flash Point and RVP Analyser_HPCL Mumbai.txt,Q25W10195,HIGH,FOUND
Q25W10197\Q25W10197R1_HPCL LMBU Project Enquiry for Analyser System .txt,Q25W10197R1,HIGH,FOUND
Q25W10197\Q25W10197R2_HPCL LMBU Project Enquiry for Analyser System .txt,Q25W10197R2,HIGH,FOUND
Q25W10197\Q25W10197T0_Techno Commercial offer_HPCL LMBU Project.txt,Q25W10197T0,HIGH,FOUND
Q25W10198\Q25W10198C0_ASU Unit_RIL Hazira_Commercial offer.txt,Q25W10198C0,HIGH,FOUND
Q25W10198\Q25W10198T0_ASU Unit_RIL Hazira_Technical Offer.txt,Q25W10198T0,HIGH,FOUND
Q25W10198\Q25W10198T1_ASU Unit_RIL Hazira_Technical Offer.txt,Q25W10198T1,HIGH,FOUND
Q25W10200\Q25W10200_Portable Dewpoint Meter_RIL JMD_Techno commercial offer.txt,Q25W10200,HIGH,FOUND
Q25W10201\Q25W10201R3_Thermax_NOVA.txt,Q25W10201R3,HIGH,FOUND
Q25W10201\Q25W10201T0_Thermax_NOVA.txt,Q25W10201,HIGH,FOUND
Q25W10201\Q25W10201T1_Thermax_NOVA.txt,Q25W10201T1,HIGH,FOUND
Q25W10201\Q25W10201T2_Thermax_NOVA.txt,Q25W10201T2,HIGH,FOUND
Q25W10202\Q25W10202_INSTRUMENTS-RFQ-AMETEK-ANALYZER -Q-GENX-26-040.txt,Q25W10202,HIGH,FOUND
Q25W10202\Q25W10202R1_INSTRUMENTS-RFQ-AMETEK-ANALYZER -Q-GENX-26-040.txt,Q25W10202R1,HIGH,FOUND
Q25W10202\Q25W10202T2C0_INSTRUMENTS-RFQ-AMETEK-ANALYZER -Q-GENX-26-040-PRAJ COMMENTS-12.11.2025.txt,Q25W10202T2C0,HIGH,FOUND
Q25W10203\Q25W10203T0_O2_HTC VENT GAS_RIL VMD.txt,Q25W10203,HIGH,FOUND
Q25W10203\Q25W10203T1_O2_HTC VENT GAS_RIL VMD.txt,Q25W10203,HIGH,FOUND
Q25W10203\Q25W10203T2_O2_HTC VENT GAS_RIL VMD.txt,Q25W10203T2,HIGH,FOUND
Q25W10205\Q25W10205_O2 Analyser_Minor Capex_RIL HMD- Offer.txt,Q25W10205,HIGH,FOUND
Q25W10206\Q25W10206R0_TKUIPL_VCM_28.10.2025.txt,Q24W10206,HIGH,FOUND
Q25W10206\Q25W10206R1_TKUIPL_VCM_30.10.2025.txt,Q24W10206R1,HIGH,FOUND
Q25W10206\Q25W10206R2_TKUIPL_VCM_06.11.2025.txt,Q24W10206R2,HIGH,FOUND
Q25W10206\Q25W10206R3_TKUIPL_VCM_02.12.2025.txt,Q24W10206R3,HIGH,FOUND
Q25W10206\Q25W10206R4_TKUIPL_VCM_22.01.2026.txt,Q24W10206R4,HIGH,FOUND
Q25W10207\Q25W10207.txt,Q25W10207R3,HIGH,FOUND
Q25W10207\Q25W10207R0_SERVOMEX_RIL_PTA7_TECHNICAL.txt,Q25W10207,HIGH,FOUND
Q25W10207\Q25W10207R1_PTA7 Project_Commercial_18.11.2025.txt,Q25W10207R1,HIGH,FOUND
Q25W10207\Q25W10207R2_TECHNICAL OFFER.txt,Q25W10207R2,HIGH,FOUND
Q25W10207\Q25W10207R4_SERVOMEX_PTA7_13.01.2026.txt,Q25W10207R4,HIGH,FOUND
Q25W10207\Q25W10207R5.txt,Q25W10207R6,HIGH,FOUND
Q25W10207\Q25W10207R6_03.03.2026.txt,Q25W10207R6,HIGH,FOUND
Q25W10207\Q25W10207R7_Technical Offer_13.03.2026.txt,Q25W10207R7,HIGH,FOUND
Q25W10207\Q25W10207R8_Servomex_Commercial_26.03.2026.txt,Q25W10207R8,HIGH,FOUND
Q25W10208\Q25W10208_TKUIPL_EDC_Offer.txt,Q25W10208,HIGH,NOT_FOUND
Q25W10210\Q25W10210_RIL_N_VCM_Sampling System_Technical Offer..txt,Q25W10210,HIGH,FOUND
Q25W10212\Q25W10212_CRUDE OIL PROJECT_IOCL ASSAM.txt,Q25W10212R0,HIGH,FOUND
Q25W10213\Q25W10137R6_Worley_RIL JMD.txt,Q25W10137R6,HIGH,FOUND
Q25W10214\Offer_Q25W10214_Woodfield Systems.txt,Q25W10214,HIGH,FOUND
Q25W10215\Q25W10215C0_EDC in Water_EDC TANK FARM_RIL PMD.txt,Q25W10215C0,HIGH,FOUND
Q25W10215\Q25W10215R1_EDC in Water_EDC TANK FARM_RIL PMD.txt,Q25W10215R1,HIGH,FOUND
Q25W10215\Q25W10215R2_EDC in Water_EDC TANK FARM_RIL PMD.txt,Q25W10215R2,HIGH,FOUND
Q25W10215\Q25W10215R3_EDC in Water_EDC TANK FARM_RIL PMD.txt,Q25W10215R3,HIGH,FOUND
Q25W10215\Q25W10215R4_EDC in Water_EDC TANK FARM_RIL PMD.txt,Q25W10215R4,HIGH,FOUND
Q25W10215\Q25W10215R5_EDC in Water_EDC TANK FARM_RIL PMD-Commercial.txt,Q25W10215R5,HIGH,FOUND
Q25W10215\Q25W10215R6_EDC in Water_EDC TANK FARM_RIL PMD.txt,Q25W10215R6,HIGH,FOUND
Q25W10218\Q25W10218R0_VISCOSITY METER FOR NAYARA.txt,Q25W10218R0,HIGH,FOUND
Q25W10219\Q25W10219_O2 Analyser_Minor Capex_RIL HMD- Offer.txt,Q25W10219,HIGH,FOUND
Q25W10219\Q25W10219T1_O2 Analyser_Minor Capex_RIL HMD- Offer.txt,Q25W10219T1,HIGH,FOUND
Q25W10220\Q25W10220R0_IOCL Paradeep_Gas & Moisture analysers.txt,Q25W10220R0,HIGH,FOUND
Q25W10221\Q25W10221_H20 in EDC_RIL VMD.txt,Q25W10221,HIGH,FOUND
Q25W10221\Q25W10221T1_H20 in EDC_RIL VMD.txt,Q25W10221T1,HIGH,FOUND
Q25X10031\Q25X10031_H2 Analyser.txt,Q25X10031,HIGH,FOUND
Q25X10031\Q25X10031R1_H2 Analyser.txt,Q25X10031R1,HIGH,FOUND
Q25X10032\Q25X10032 FLUOR EASTMAN POP LONGVIEW.txt,Q25X10032,HIGH,FOUND
Q25X10033\Q25X10033_Linde Dow_Cabinets_racks.txt,Q25X10033,HIGH,NOT_FOUND
Q25X10033\Q25X10033R1_Valmet_Linde Dow_06062025.txt,Q25X10033R1,HIGH,FOUND
Q25X10035\Q25X10035_MIDREX_TOSYALISULB_CDRI-PLANT-1__.txt,Q25X10035,HIGH,FOUND
Q25X10037\Q25X10037_CTCI.txt,Q25X10037,HIGH,FOUND
Q25X10037\Q25X10037R1_CTCI_PTA7_RIL_DMD.txt,Q25X10037R1,HIGH,FOUND
Q25X10037\Q25X10037R2_CTCI_PTA7_RIL_DMD.txt,Q25X10037R2,HIGH,FOUND
Q25X10038\Q25X10038_Siemens_TECHNICAL OFFER.txt,Q25X10038,HIGH,FOUND
Q25X10038\Q25X10038R1_Siemens_TECHNO-COMMERCIAL_16.03.2026.txt,Q25X10038R1,HIGH,FOUND
Q25X10039\Q25X10039R0_TECHNICAL OFFER.txt,Q25X10039,HIGH,FOUND
Q2601B001\Offer#Q2601B001 KIS GROUP .txt,Q2601B001,HIGH,FOUND
Q2601B001\Offer#Q2601B001R1 KIS GROUP.txt,Q2601B001R1,HIGH,FOUND
Q2601B002\Offer#Q2601B002 JSW- O2 ANALYZER.txt,Q2601B0002,HIGH,FOUND
Q2601C001\OFFER#Q2601C001_Saint-Gobain India_Technical_.txt,Q2601C001,HIGH,FOUND
Q2601C002\OFFER#Q2601C002R1_Saint-Gobain India_Techno commercial.txt,Q2601C002R1,HIGH,FOUND
Q2601C002\OFFER#Q2601C002R2_Saint-Gobain India_Techno commercial H2 N2.txt,Q2601C002R2,HIGH,FOUND
Q2601C002\OFFER#Q2601C002R3_Saint-Gobain India_Techno commercial.txt,Q2601C002R3,HIGH,FOUND
Q2601C002\OFFER#Q2601C002R4_Saint-Gobain India_Techno commercial.txt,Q2601C002R4,HIGH,FOUND
"Q2601C002\SAINT GOBAIN - H2,O2 Analyser.pdf 13.01.26.txt",–,HIGH,FOUND
Q2601C003\Offer_Q2601C003_Loesche India Pvt. Ltd._Technical.txt,Q2601C003,HIGH,FOUND
Q2601C004\Q2601C004_Saint Gobain_GC.txt,Q2601C004,HIGH,FOUND
Q2601C004\Q2601C004R1_Saint Gobain_GC.txt,Q2601C004R1,HIGH,FOUND
Q2601C004\Q2601C004R2_Saint Gobain_GC.txt,Q2601C004R2,HIGH,FOUND
Q2601C004\Q2601C004R3_Saint Gobain_GC.txt,Q2601C004R3,HIGH,FOUND
"Q2601C005\OFFER#Q2601C005 _JSW Steel Limited, Salem_Technical.txt",Q2601C005,HIGH,FOUND
Q2601E001\Offer#Q2601E001_Rungta Sons CO At APH.txt,Q2601E001,HIGH,FOUND
Q2601E001\Offer#Q2601E001R1_Rungta Sons CO At APH.txt,Q2601E001R1,HIGH,FOUND
Q2601E002\OFFER#Q2601E002_RUNGTA_MINES_LTD_TECHNICAL.txt,Q2601E002,HIGH,FOUND
Q2601E003\Q2601E003_JSL_DRI.txt,Q2601E003,HIGH,FOUND
Q2601E004\Offer#Q2601E004_TSL_HMC_HALDIA_CEMS.txt,Q2601E004,HIGH,FOUND
Q2601E005\OFFER#Q2601E005_Haldia Petrochemicals Limited_Technical.txt,Q2601E005,HIGH,FOUND
Q2601E005\OFFER#Q2601E005R1_Haldia Petrochemicals Limited_Technical.txt,Q2601E005R1,HIGH,FOUND
Q2601E005\OFFER#Q2601E005R2_Haldia Petrochemicals Limited_Technical.txt,Q2601E005R2,HIGH,FOUND
Q2601E005\OFFER#Q2601E005R3_Haldia Petrochemicals Limited_Techno commercial.txt,Q2601E005R3,HIGH,FOUND
Q2601E006\Offer#Q2601E006 EPISOLON CARBON PVT LTD CV FOR BFG.txt,Q2601E006,HIGH,FOUND
Q2601E007\Offer#Q2601E007 SARRALLE EQUIPEMENT INDIA PVT LTD-EU-JSL ANGUL.txt,Q2601E007,HIGH,FOUND
Q2601E007\Offer#Q2601E007R1 SARRALLE EQUIPEMENT INDIA PVT LTD-EU-JSL ANGUL.txt,Q2601E007R1,HIGH,FOUND
Q2601E008\Offer#Q2601E008 JSL ANGUL O2 TECHNICAL.txt,Q2601E008,HIGH,FOUND
Q2601E009\OFFER#Q2601E009_JSL_Angul_Technical.txt,Q2601E009,HIGH,FOUND
Q2601E010\OFFER#Q2601E010_JSL_Angul_Technical.txt,Q2601E010,HIGH,FOUND
Q2601E013\OFFER#Q2601E013_SAIL ISP_CV_ANALYSER_SYSYTEM _TECHNICAL.txt,Q2601E013,HIGH,FOUND
Q2601E014\Offer#Q2601E014_TSL MIRAMUNDALI CV ANALYZER TECHNICAL.txt,Q2601E014,HIGH,FOUND
Q2601E017\OFFER#Q2601E017_SAIL_ISP_TOP GAS LASER_TECHNICAL.txt,Q2601E017,HIGH,FOUND
Q2601E018\Offer#Q2601E018_L&T_SAIL_BOKARO_CEMS.txt,Q2601E018,HIGH,FOUND
Q2601E018\Offer#Q2601E018R1_L&T_SAIL_BOKARO_CEMS.txt,Q2601E018R1,HIGH,FOUND
Q2601E018\Offer#Q2601E018R3_L&T_SAIL_BOKARO_CEMS.txt,Q2601E018R3,HIGH,FOUND
Q2601G001\Q2601G001_Reliance Industries Limited.txt,Q2601G001,HIGH,FOUND
Q2601H001\OFFER#Q2601H001_My Home Industries Limited_Techno commercial.txt,Q2601H001,HIGH,FOUND
Q2601H001\OFFER#Q2601H001R1_My Home Industries Limited_Techno commercial.txt,Q2601H001R1,HIGH,FOUND
Q2601H002\Offer#Q2601H002_APGENCO HF TECHNO COMMERCIAL.txt,Q2601H002,HIGH,FOUND
"Q2601H003\OFFER#Q2601H003_The India Cements Limited, Vishnupuram_Techno commercial.txt",Q2601H003,HIGH,FOUND
Q2601H004\OFFER#Q2601H004 _Dr. Reddy's Laboratories Limited_Techno commercial.txt,Q2601H004,HIGH,FOUND
Q2601H005\Additional Doc 3 (Requested in ATC).txt,,LOW,NOT_FOUND
Q2601M001\Q2601M001R2_RIL JMD_CEMS.txt,Q2601M001R2,HIGH,FOUND
Q2601M001\QQ2601M001_RIL JMD_CEMS_DATED 23.01.26.txt,Q2601M001,HIGH,FOUND
Q2601M001\QRIL JMD_CEMS.txt,Q2601M001R1,HIGH,FOUND
Q2601M002\Q2601M002_RIL _CEMS _ DATED 12.02.26.txt,Q2601M002,HIGH,FOUND
Q2601N001\OFFER#Q2601N001 JITF-OKHLA HCL Measurementt.txt,Q2601N001,HIGH,FOUND
Q2601N002\OFFER#_Q2601N002_Novargi Engineering Private Limited_Technical.txt,Q2601N002,HIGH,FOUND
Q2601N002\OFFER#_Q2601N002R1_Novargi Engineering Private Limited_Technical.txt,Q2601N002R1,HIGH,FOUND
Q2601N002\OFFER#_Q2601N002R2_Novargi Engineering Private Limited_Techno commercial-.txt,Q2601N002R2,HIGH,FOUND
Q2601N003\OFFER#Q2601N003_J K CEMENT WORKS  TECHNICAL.txt,Q2601N003,HIGH,FOUND
Q2601N004\OFFER#Q2601N004_Tata Steel Limited_Technical..txt,Q2601N004,HIGH,FOUND
Q2601N005\Q2601N005_SMS_AMNS South Africa_BOF.txt,Q2601N005,HIGH,FOUND
Q2601N005\Q2601N005R1_SMS_AMNS South Africa_BOF.txt,Q2601N005R1,HIGH,FOUND
Q2601N005\Q2601N005R2_SMS_AMNS South Africa_BOF.txt,Q2601N005R2,HIGH,FOUND
Q2601N005\Q2601N005R3_SMS_AMNS South Africa_BOF.txt,Q2601N005R3,HIGH,FOUND
Q2601N005\Q2601N005R4_SMS_AMNS South Africa_BOF.txt,Q2601N005R4,HIGH,FOUND
Q2601N005\Q2601N005R5_SMS_AMNS South Africa_BOF.txt,Q2601N005R5,HIGH,FOUND
Q2601N006\Q2601N006_BHEL_H2 Purity.txt,Q2601N006,HIGH,FOUND
Q2601N007\OFFER#Q2601N007_ASTIC ENVIRONMENTAL ENGINEERING CO. LTD _TECHNICAL.txt,Q2601N007,HIGH,FOUND
Q2601N008\OFFER#_Q2601N008_Novargi Engineering _JSL Angul_Technical.txt,Q2601N008,HIGH,FOUND
Q2601N008\OFFER#_Q2601N008R1_Novargi Engineering _JSL Angul_Techno commercial.txt,Q2601N008R1,HIGH,FOUND
Q2602B003\Offer#Q2602H013_JSW_SALEM_PORTACABIN_.txt,Q2602H013,HIGH,FOUND
Q2602B004\Offer_Q2602B004_Tecnicas Reunidas _IOCL Digboi__Technical--.txt,Q2602B004,HIGH,FOUND
Q2602B004\Offer_Q2602B004R1_Tecnicas Reunidas _IOCL Digboi__Technical-.txt,Q2602B004R1,HIGH,FOUND
Q2602B004\Offer_Q2602B004R2_Tecnicas Reunidas _IOCL Digboi_Technical.txt,Q2602B004R2,HIGH,FOUND
Q2602B004\Offer_Q2602B004R3_Tecnicas Reunidas _IOCL Digboi_Technical.txt,Q2602B004R3,HIGH,FOUND
Q2602B004\Offer_Q2602B004R4_Tecnicas Reunidas _IOCL Digboi_Technical.txt,Q2602B004R4,HIGH,FOUND
Q2602B004\Offer_Q2602B004R5_Tecnicas Reunidas _IOCL Digboi_Techno commercial.txt,Q2602B004R5,HIGH,FOUND
Q2602C006\OFFER#_Q2602C006 _FOKUS ASIA (OPC) Pvt Ltd_Technical.txt,Q2602C006,HIGH,FOUND
Q2602C006\OFFER#_Q2602C006R1 _FOKUS ASIA (OPC) Pvt Ltd_Technical.txt,Q2602C006R1,HIGH,FOUND
Q2602C006\OFFER#_Q2602C006R2 _FOKUS ASIA (OPC) Pvt Ltd_Techno commercial.txt,Q2602C006R2,HIGH,FOUND
Q2602C007\Q2602C007_Tecnicas Reunidas_GNFC.txt,Q2602C007,HIGH,FOUND
Q2602C007\Q2602C007R1_Tecnicas Reunidas_GNFC.txt,Q2602C007R1,HIGH,FOUND
Q2602E019\Offer#Q2602E019_TATA METALIKS LTD_CEMS.txt,Q2602E019,HIGH,FOUND
Q2602E019\Offer#Q2602E019R1_TATA METALIKS LTD.txt,Q2602E019R1,HIGH,FOUND
Q2602E019\Offer#Q2602E019R2_TATA METALIKS LTD_CEMS.txt,Q2602E019R2,HIGH,FOUND
Q2602E020\OFFER_Q2602E020_JSPL ANGUL _TECHNICAL DATED 09.02.26.txt,Q2602E020,HIGH,FOUND
Q2602E020\OFFER_Q2602E020R1_JSPL ANGUL _TECHNICAL DATED 12.02.26.txt,Q2602E020R1,HIGH,FOUND
Q2602E022\Offer#Q2602E022_L&T_SAIL_BOKARO_CO.txt,Q2602E022,HIGH,FOUND
Q2602E022\Offer#Q2602E022R1_L&T_SAIL_BOKARO_CO.txt,Q2602E022R1,HIGH,FOUND
Q2602E024\OFFER#Q2602E024_TSL_JSR_TDLS_H2_TECHNO_COMMERCIAL .txt,Q2602E024,HIGH,FOUND
Q2602E025\Offer#Q2602E025_SAIL CET CV FOR COG TECHNICAL.txt,Q2602E025,HIGH,FOUND
Q2602E026\OFFER#Q2602E026 NMDC LTD NAGARNAR TAIL GAS.txt,Q2602E026,HIGH,FOUND
Q2602E027\OFFER#Q2602E027_CONCOM CONSULTANTS_TECHNICAL.txt,Q2602E027,HIGH,FOUND
Q2602E027\OFFER#Q2602E027R2_ CONCOM CONSULTANTS_TECHNICAL_Dated 28.05.26.txt,Q2602E027R2,HIGH,FOUND
Q2602E028\OFFER#Q2602E028_Bhilai Engineering Corporation Ltd _SAIL_Technical-.txt,Q2602E028,HIGH,FOUND
Q2602E028\OFFER#Q2602E028R1_Bhilai Engineering Corporation Ltd _SAIL_Technical-.txt,Q2602E028R1,HIGH,FOUND
Q2602E028\OFFER#Q2602E028R2_Bhilai Engineering Corporation Ltd _SAIL_Technical-Commercial.txt,Q2602E028R2,HIGH,FOUND
Q2602E030\OFFER#Q2602E030 SHYAM METALICS PCI TDLS.txt,Q2602E030,HIGH,FOUND
Q2602E030\OFFER#Q2602E030R2 SHYAM METALICS PCI TDLS & CONVENTIONAL.txt,Q2602E030R2,HIGH,FOUND
"Q2602E031\OFFER#Q2602E031_L&T _SAIL, Bokaro_Technical-.txt",Q2602E031,HIGH,FOUND
Q2602H008\OFFER#Q2602H008_NCL INDUSTRIES LTD _TECHNICAL.txt,Q2602H008,HIGH,FOUND
Q2602H013\OFFER#Q2602H013 IIT HYD.txt,Q2602H013,HIGH,FOUND
Q2602M003\OFFER#Q2602M003_Reliance Industries Limited_CL2&BR2.txt,Q2602M003,HIGH,FOUND
Q2602M004\OFFER#_Q2602M004 _UGteck™Marine Private Limited  _Techno commercial.txt,Q2602M004,HIGH,FOUND
Q2602N010\Q2602N010_BHEL_H2 Purity.txt,Q2602N010,HIGH,FOUND
Q2602N011\Offer#Q2602N011 ANKUR FERTILIZER PVT LTD CEMS.txt,Q2602N011,HIGH,FOUND
Q2602N012\Offer#Q2602N012 ISGEC-BERROY ALLOYS LTD CEMS.txt,Q2602N012,HIGH,FOUND
Q2602N012\Offer#Q2602N012R2 ISGEC-BERROY ALLOYS LTD CEMS.txt,Q2602N012R2,HIGH,FOUND
Q2602N012\Offer#Q2602N012R3 ISGEC-BERROY ALLOYS LTD CEMS.txt,Q2602N012R3,HIGH,FOUND
Q2602N013\OFFER_Q2602N013_Ramky Enviro Engineers Ltd (Delhi Msw) _Technical.txt,Q2602N013,HIGH,FOUND
Q2602N013\OFFER_Q2602N013R1_Ramky Enviro Engineers Ltd (Delhi Msw) _Technical.txt,Q2602N013R1,HIGH,FOUND
Q2602N013\OFFER_Q2602N013R2_Ramky Enviro Engineers Ltd (Delhi Msw) _Techno commercial.txt,Q2602N013R2,HIGH,FOUND
Q2602N014\OFFER#_Q2602N014R1_Novargi Engineering _JSL Angul_Technical.txt,Q2602N014R1,HIGH,FOUND
Q2602N015\OFFER#Q2602N015 JITF-OKHLA HCL Measurementt.txt,Q2602N015,HIGH,FOUND
Q2602N015\OFFER#Q2602N015R2 JITF-OKHLA HCL Measurementt.txt,Q2602N015R2,HIGH,FOUND
"Q2603B005\Offer_Q2603B005_Adani Cement Limited, Orient Cement Ltd - Chittapur__Technical.txt",Q2603B005,HIGH,FOUND
"Q2603B005\Offer_Q2603B005R1_Adani Cement Limited, Orient Cement Ltd - Chittapur__Technical.txt",Q2603B005R1,HIGH,FOUND
Q2603B006\OFFER#Q2603B006 JSW STEEL CV ANALYZER FOR MIXED GAS.txt,Q2603B006,HIGH,FOUND
Q2603B007\OFFER#Q2603B007 JSW BELLARY H2S EXTRACTIVE.txt,Q2603B007,HIGH,FOUND
Q2603B008\OFFER#Q2603B008 JSW COREX COOLING GAS EXTRACTIVE TDLS.txt,Q2603B008,HIGH,FOUND
Q2603E033\Q2603E033_Shyam Metalics and Energy Ltd_CEMS.txt,Q2603E033,HIGH,FOUND
Q2603E033\Q2603E033R1_Shyam Metalics and Energy Ltd_CEMS.txt,Q2603E033R1,HIGH,FOUND
Q2603E034\OFFER#Q2603E034 SAIL ISP WASTE GAS CO&O2 TDLS.txt,Q2603E034,HIGH,FOUND
Q2603E035\OFFER#Q2603E035 JSL JAJPUR CV ANALYZER FOR MIXED GAS.txt,Q2603E035,HIGH,FOUND
Q2603E035\OFFER#Q2603E035R1 JSL JAJPUR CV ANALYZER FOR MIXED GAS.txt,Q2603E035R1,HIGH,FOUND
Q2603E036\OFFER#Q2603E036 JSL ORISSA O2 MEASUREMENT FOR COG BOOSTING STATION.txt,Q2603E036,HIGH,FOUND
Q2603G002\Q2603G002_NPCIL_H2 Purity.txt,Q2603G002,HIGH,FOUND
Q2603H016\OFFER#Q2603H016_ INFINITY AUTOMATION SOLUTION KILN INLET.txt,Q2603H016,HIGH,FOUND
Q2603H018\OFFER#Q2603H018 SAGAR CEMENT.txt,Q2603H018,HIGH,FOUND
Q2603M005\Offer#Q2603M005_Goa Carbon Limited _Technical.txt,Q2603M005,HIGH,FOUND
"Q2603N016\OFFER#Q2603N016 East Delhi Waste Processing HF,HCL,SPM.txt",Q2603N016,HIGH,FOUND
Q2603N017\Q2603N017_Nuberg_Green Hydrogen.txt,Q2603N017,HIGH,FOUND
Q2603N017\Q2603N017R1_Nuberg_Green Hydrogen.txt,Q2603N017R1,HIGH,FOUND
Q2603N017\Q2603N017R2_Nuberg_Green Hydrogen.txt,Q2603N017R2,HIGH,FOUND
Q2603N018\OFFER#Q2603N018_Tata Steel Limited_Technocommercial.txt,Q2603N018,HIGH,FOUND
Q2603N019\OFFER#Q2603N019_Isgec Heavy Engineering _SLR Metaliks_Technical.txt,Q2603N019,HIGH,FOUND
Q2603N019\OFFER#Q2603N019R1_Isgec Heavy Engineering _SLR Metaliks_Technical.txt,Q2603N019R1,HIGH,FOUND
Q2603N020\OFFER#_Q2601N020_Novargi Engineering _JSL Angul_Techno commercial--.txt,Q2603N020,HIGH,FOUND
Q2603N020\OFFER#_Q2601N020R1_Novargi Engineering _JSL Angul_Techno commercial.txt,Q2603N020R1,HIGH,FOUND
Q2603N020\OFFER#_Q2601N020R2_Novargi Engineering _JSL Angul_Technical.txt,Q2603N020R2,HIGH,FOUND
Q2603N021\Offer#Q2603N021 ISGEC ATHARV INTERTRADE PVT LTD.txt,Q2603N021,HIGH,FOUND
Q2603N021\Offer#Q2603N021R1 ISGEC ATHARV INTERTRADE PVT LTD.txt,Q2603N021R1,HIGH,FOUND
Q2603N022\Q2603N022_SMS_Tata NINL_PCI.txt,Q2603N022,HIGH,FOUND
Q2603N022\Q2603N022R1_SMS_Tata NINL_PCI.txt,Q2603N022R1,HIGH,FOUND
Q2603N022\Q2603N022R2_SMS_Tata NINL_PCI.txt,Q2603N022R2,HIGH,FOUND
Q2603N022\Q2603N022R3_SMS_Tata NINL_PCI.txt,Q2603N022R3,HIGH,FOUND
Q2603N023\Offer#Q2603N023 ISGEC-MUFINDI PAPER MILLS LIMITED.txt,Q2603N023,HIGH,FOUND
Q2603N023\Offer#Q2603N023R1 ISGEC-MUFINDI PAPER MILLS LIMITED.txt,Q2603N023R1,HIGH,FOUND
"Q2603N024\OFFER#Q2603N024_Isgec Heavy Engineering_Rai Group Ltd, Mufindi Paper Mills Ltd_Technical.txt",Q2603N024,HIGH,FOUND
Q2603N024\OFFER#Q2603N024R1_Isgec Heavy Engineering_Rai Group Ltd Mufindi Paper Mills Ltd_Technical.txt,Q2603N024R1,HIGH,FOUND
Q2603N024\OFFER#Q2603N024R2_Isgec Heavy Engineering_Rai Group Ltd Mufindi Paper Mills Ltd_Technical.txt,Q2603N024R2,HIGH,FOUND
Q2603N025\OFFER#Q2603N025 SHREE CEMENT LTD.txt,Q2603N025,HIGH,FOUND
Q2603X003\Q2512N151R1_Gas Analysis_Siemens Energy India.txt,Q2512N151R1,HIGH,FOUND
Q2603X004\Offer_Q2603X004_ NEM Energy B.V. _CEMS.txt,Q2603X004,HIGH,FOUND
Q2604B009\OFFER#Q2604B009_JSW Steel Vijayanagar Works_Techno commercial.txt,Q2604B009,HIGH,FOUND
Q2604B010\Commercial Offer _Q2604B010R3_Thermax _IMFA.txt,Q2604B010R3,HIGH,FOUND
Q2604B010\Offer_Q2604B010_Thermax _IMFA__Technical --.txt,Q2604B010,HIGH,FOUND
Q2604B010\Offer_Q2604B010R1_Thermax _IMFA_Technical_.txt,Q2604B010R1,HIGH,FOUND
Q2604B010\Offer_Q2604B010R2_Thermax _IMFA_Techno commercial.txt,Q2604B010R2,HIGH,FOUND
Q2604B011\OFFER#Q2604B011 BMM ISPAT LTD CEMS.txt,Q2604B011,HIGH,FOUND
Q2604B012\OFFER#Q2604B012_LAURUS BIO PRIVATE LIMITED-THC.txt,Q2604B012,HIGH,FOUND
Q2604E037\OFFER_Q2604E037_TSL_WEST BOKARO DIVISION_LASER_O2.txt,Q2604E037,HIGH,FOUND
Q2604E038\OFFER_Q2604E038_HSMB_LASER_& EXTRACTIVE O2_TECHNICAL.txt,Q2604E038,HIGH,FOUND
Q2604E038\OFFER_Q2604E038R1_HSMB_LASER_& EXTRACTIVE O2_TECHNICAL.txt,Q2604E038R1,HIGH,FOUND
Q2604E038\OFFER_Q2604E038R2_HSMB_LASER_& EXTRACTIVE O2_TECHNO_COMMERCIAL.txt,Q2604E038R2,HIGH,FOUND
Q2604E040\OFFER#Q2604E040 CECON BHILAI  CV ANALYZER FOR JSW STEEL.txt,Q2604E040,HIGH,FOUND
Q2604E043\OFFER#Q2604E043 JSL ANGUL CV FOR NATURAL GAS.txt,Q2604E043,HIGH,FOUND
Q2604E044\OFFER#Q2604E044_HI-TEC METAL POWDERS PVT LTD O2 ANALYZER (1).txt,Q2604E044,HIGH,FOUND
Q2604E044\OFFER#Q2604E044_HI-TEC METAL POWDERS PVT LTD O2 ANALYZER.txt,Q2604E044,HIGH,FOUND
Q2604E045\OFFER#Q2604E045 AAMIT ENTERPRISES JCAPCPL.txt,Q2604E045,HIGH,FOUND
Q2604H019\OFFER#Q2604H019_UTCL_Technical.txt,Q2604H019,HIGH,FOUND
Q2604H019\OFFER#Q2604H019R1_UTCL_Techno commercial.txt,Q2604H019R1,HIGH,FOUND
Q2604M007\Q2604M007_NTPC_Ratnagiri Gas and Power Pvt Ltd _H2 Purity _Technical.txt,Q2604M007,HIGH,FOUND
Q2604M007\SQ2507W185 OFFER FOR SERVICE FOR RGPPL.txt,SQ2507W185,HIGH,FOUND
Q2604N026\Q2604N026_Novargi Group_JSPL Angul_CEMS.txt,Q2604N026,HIGH,FOUND
Q2604N027\Offer#Q2604N027_NIPPON_STEEL_AMNS_CDQ_TECHNICAL.txt,Q2604N027,HIGH,FOUND
Q2604N028\OFFER#Q2604N028_ACME Cleantech Solutions Pvt Ltd_13.04.26.txt,Q2604N028,HIGH,FOUND
Q2604N029\OFFER#Q2604N029 SHREE CEMENT LTD-HCL.txt,Q2604N029,HIGH,FOUND
Q2604N029\OFFER#Q2604N029R2 SHREE CEMENT LTD-HCL.txt,Q2604N029R2,HIGH,FOUND
Q2604N030\Offer#Q2604N030_AIR LIQUIDE__TECHNICAL 22.05.26.txt,Q2604N030,HIGH,FOUND
Q2604N031\Q2604N031_Vardhaman Textiles_CEMS..txt,Q2604N031,HIGH,FOUND
Q2604N032\OFFER#Q2604N032_JITF_CEMS.txt,Q2604N032,HIGH,FOUND
Q2605AKIC004\Q2605AKIC004-1-R1_Suadi Iron & Steel Company (Hadeed)_H2S_O2-LEL_Kanoo_12.06.2026.txt,R1,HIGH,FOUND
Q2605AKIC004\Q2605AKIC004-1-R2_Suadi Iron & Steel Company (Hadeed)_H2S_O2-LEL_Kanoo_06.08.2026.txt,R2,HIGH,FOUND
Q2605AKIC004\Q2605AKIC004-1_Suadi Iron & Steel Company (Hadeed)_H2S_O2-LEL_Kanoo_09.06.2026.txt,1,HIGH,FOUND
Q2605AKIC004\Q2605AKIC004-2-R1_Suadi Iron & Steel Company (Hadeed)_H2S_O2-LEL_EEC_14.06.2026.txt,R1,HIGH,FOUND
Q2605AKIC004\Q2605AKIC004-3-R2_Suadi Iron & Steel Company (Hadeed)_H2S_O2-LEL_Al Yamama_12.06.2026.txt,R2,HIGH,FOUND
Q2605AKIC004\Q2605AKIC004-4-R2_Suadi Iron & Steel Company (Hadeed)_H2S_O2-LEL_Saudi Fal_14.06.2026.txt,R2,HIGH,FOUND
Q2605AKIC004\Q2605AKIC004-4-R3_Suadi Iron & Steel Company (Hadeed)_H2S_O2-LEL_Saudi Fal_07.08.2026.txt,R3,HIGH,FOUND
Q2605AKIC004\Q2605AKIC004-5_Suadi Iron & Steel Company (Hadeed)_H2S_O2-LEL_Powerline_14.06.2026.txt,5,HIGH,FOUND
Q2605E047\OFFER#Q2605E047_NUVOCO_SONADIH_CMI.txt,Q2605E047,HIGH,FOUND
Q2605E047\OFFER#Q2605E047R1_NUVOCO_SONADIH_CMI.txt,Q2605E047R1,HIGH,FOUND
Q2605E048\Offer#Q2605E048_THE WEST BENGAL POWER DEVELOPEMENT CORP LTD-H2 PURITY.txt,Q2605E048,HIGH,FOUND
Q2605E048\Offer#Q2605E048R1_THE WEST BENGAL POWER DEVELOPEMENT CORP LTD-H2 PURITY.txt,Q2605E048R1,HIGH,FOUND
Q2605E048\Offer#Q2605E048R2_THE WEST BENGAL POWER DEVELOPEMENT CORP LTD-H2 PURITY.txt,Q2605E048R2,HIGH,FOUND
Q2605E049\Offer#Q2605E049_JSPL_Raigrah_CEMS.txt,Q2605E049,HIGH,FOUND
Q2605E050\OFFER#Q2605E050 _L&T _Technical.txt,Q2605E050,HIGH,FOUND
Q2605E051\Offer#Q2605E051_ASSAM_PETROCHEMICALS CEMS TECHNO COMMERCIAL.txt,Q2605E051,HIGH,FOUND
Q2605H020\Offer#Q2605H020_H2_PURITY_APGENCO.txt,Q2605H020,HIGH,FOUND
Q2605H021\Q2605H021_Dr Reddys_Lab Mass Spectrometer.txt,Q2605H021,HIGH,FOUND
Q2605H022\OFFER#Q2605H022_THE_KCP_LTD- KILN IL FOR CO NO SO2 & O2.txt,Q2605H022,HIGH,FOUND
Q2605N033\OFFER#Q2605N033_ UTCL_Bara Cement works_Technical.txt,Q2605N033,HIGH,FOUND
Q2605N033\OFFER#Q2605N033R1_ UTCL_Bara Cement works_Technical.txt,Q2605N033R1,HIGH,FOUND
Q2605N033\OFFER#Q2605N033R2_ UTCL_Bara Cement works_Techno Commercial.txt,Q2605N033R2,HIGH,FOUND
Q2605N034\OFFER#_Q2605N034_Mass Equipments_Technical.txt,Q2605N034,HIGH,FOUND
Q2605N035\Q2605N035_SMS_SAIL DSP_BF-5.txt,Q2605N035,HIGH,FOUND
Q2605N036\Offer_Q2605N036_ Siemens _TNPGCL _Techno commercial.txt,Q2605N036,HIGH,FOUND
Q2605N037\Offer#Q2605N037 ISGEC-HINDALCO INDUSTRIES CEMS & CO.txt,Q2605N037,HIGH,FOUND
Q2605N038\Q2605N038_Pansen Engineering_CEMS.txt,Q2605N038,HIGH,FOUND
Q2605N039\Q2605N039_DC_Hindalco_CEMS.txt,Q2605N039,HIGH,FOUND
Q2605N040\OFFER#Q2605N040_Indian Institute of Technology Jodhpur_ Technical.txt,Q2605N040,HIGH,FOUND
Q2605N040\OFFER#Q2605N040R1_Indian Institute of Technology Jodhpur_ Techno commercial.txt,Q2605N040R1,HIGH,FOUND
Q2605N041\OFFER#Q2605N041_MVS Engineering_ Technical-.txt,Q2605N041,HIGH,FOUND
Q2605N041\OFFER#Q2605N041R1_MVS Engineering_ Techno commercial.txt,Q2605N041R1,HIGH,FOUND
Q2605N043\OFFER#Q2605N043_KR Pulp & Papers Limited_Technical.txt,Q2605N043,HIGH,FOUND
Q2605N043\OFFER#Q2605N043R1_KR Pulp & Papers Limited_Technical.txt,Q2605N043R1,HIGH,FOUND
Q2606E058\Q2606E058_Indorama Haldia_Sulphuric Acid production Stack.txt,Q2606E058,HIGH,FOUND
Q2606N046\OFFER#Q2606N046_CONSERVE ENERGY INTERNATIONAL PRIVATE LIMITED.txt,Q2606N046,HIGH,FOUND
Q2607C013\Offer#Q2510H061_FACT_HF_Analyser_Techno_commercial_budgetary_quotation.txt,Q2510H061,HIGH,FOUND
Q26AKAI10112\Q26AKAI10112_Valmet_KNPC_HVAC_Shelter.txt,Q26AKAI10112,HIGH,FOUND
Q26E10039\Q26E10039_IOCL Paradip_RVP Analyser_BQ_.txt,Q26E10039,HIGH,FOUND
Q26E10040\Q26E10040_IOCL Paradip_Paramagnetic O2_BQ.txt,Q26E10040,HIGH,FOUND
Q26E10041\Q26E10041R0_NRL_Online H2S Analyser for Fuel Gas Header.txt,Q26E10041R0,HIGH,FOUND
Q26E10042\Q26E10042_IOCL_Haldia_Technical offer.txt,Q26E10042,HIGH,NOT_FOUND
"Q26E10043\Q26E10043_IOCL Barauni Trace CO2,O2& H2O offer_.txt",Q26E10043,HIGH,FOUND
Q26G10121\Q26G10121_RIL DMD 1.5TR & 5TR AC Offer.txt,Q26G10121,HIGH,FOUND
Q26G10122\Q26G10122_H2 Analyser_RIL Dahej.txt,Q26G10122,HIGH,FOUND
Q26G10123\Q26G10123_RIL HMD_PP GC Upgradation-.txt,Q26G10123,HIGH,FOUND
Q26G10123\Q26G10123R1_RIL HMD_PP GC Upgradation-.txt,Q26G10123R1,HIGH,FOUND
Q26G10124\Q26G10124_AVFCCL_L&T_Ammonia-Urea Fertilizer Plant 200326.txt,Q26G10124R0,HIGH,FOUND
Q26G10124\Q26G10124R1_AVFCCL_L&T_Ammonia-Urea Fertilizer Plant 230426.txt,Q26G10124R1,HIGH,FOUND
Q26G10124\Q26G10124R2_AVFCCL_L&T_Ammonia-Urea Fertilizer Plant 300426.txt,Q26G10124R2,HIGH,FOUND
Q26G10124\Q26G10124R3_AVFCCL_L&T_Ammonia-Urea Fertilizer Plant 140726.txt,Q26G10124R3,HIGH,FOUND
Q26G10127\Q26G10127_L&T_IOCL Panipat_Oxygen analyser.txt,Q26G10127,HIGH,FOUND
Q26G10128\Q26G10128_Offer_L&T ACME.txt,Q26G10128,HIGH,FOUND
Q26G10128\Q26G10128R1_Commercial Offer_L&T ACME.txt,Q26G10128R1,HIGH,FOUND
Q26G10128\Q26G10128R2_Technical Offer_L&T ACME.txt,Q26G10128R2,HIGH,FOUND
Q26G10128\Q26G10128R3_Commercial Offer_L&T ACME.txt,Q26G10128R3,HIGH,FOUND
Q26N10102\Q26N10102_BPCL Bina_Technip_Butene-1_Project.txt,Q26N10102,HIGH,FOUND
Q26N10102\Q26N10102R1_BPCL Bina_Butene-1_Technip_Technical offer_30.txt,Q26N10102R1,HIGH,FOUND
Q26N10102\Q26N10102R2_BPCL Bina_Butene-1_Technip_Technical offer.txt,Q26N10102R2,HIGH,FOUND
Q26N10103\Q26N10103_IOCL Panipat_Benzene-Offer.txt,Q26N10103,HIGH,FOUND
Q26N10103\Q26N10103R1_IOCL Panipat_Benzene-Offer.txt,Q26N10103R1,HIGH,FOUND
Q26N10103\Q26N10103R2_IOCL Panipat_Benzene-Offer.txt,Q26N10103R2,HIGH,FOUND
Q26N10106\Q26N10106_IOCL Panipat_GC Tender.txt,Q26N10106,HIGH,FOUND
Q26N10107\Gem-Bidding-seller-un-9128372-Comp4c208f1f855d586a90b42ad5efb4ff3e (1).txt,,LOW,FOUND
Q26N10108\Q26N10108_Gas Chromatograph& Sulphur Analyser_Petronet_EIL offer.txt,Q25N10093,HIGH,FOUND
Q26N10109\Q26N10109_EIL_HPCL MUMBAI_LMBU PROJECT_OFFER.txt,Q26N10109R0,HIGH,NOT_FOUND
Q26N10111\Q26N10111_Technip_Petronet LNG_Anallyser Systems offer.txt,Q26N10111,HIGH,FOUND
Q26N10111\Q26N10111R1_Technip_Petronet LNG_Analyser Systems offer (1).txt,Q26N10111R1,HIGH,FOUND
Q26N10111\Q26N10111R1_Technip_Petronet LNG_Analyser Systems offer.txt,Q26N10111R1,HIGH,FOUND
Q26N10112\Q26N10112_ICON Controls_GAIL Pata_offer_28.05.2026.txt,Q26N10112,HIGH,FOUND
Q26N10113\TechnicalOffer.txt,,LOW,FOUND
Q26S10096\Q26S10096_MRPL_Upgradation of 880 to 888_.txt,Q26S10096,HIGH,FOUND
Q26S10096\Q26S10096R1_MRPL_Upgradation of 880 to 888.txt,Q26S10096R1,HIGH,FOUND
Q26S10096\Q26S10096R2_MRPL_Supply of 888NSL Analyser.txt,Q26S10096R2,HIGH,FOUND
Q26S10097\Q26S10097_BQ_BPCL KOCHI_O2 UOP analyser.txt,Q26S10097,HIGH,FOUND
Q26S10099\Q26S10099_Viscosity Meter_Monitor Engg_HPCL Visakh.txt,Q26S10099,HIGH,FOUND
Q26S10100\Q26S10100_Technip_AVFCCL_Ammonia-Urea Fertilizer Plant 270326.txt,Q26S10100R0,HIGH,FOUND
Q26S10101\Q26S10101_CPCL 6 Stream NIR analyser_BQ_TECHNICAL OFFER.txt,Q26S10101,HIGH,NOT_FOUND
Q26S10102\Q26S10102R0_HPCL VISAKH_Oxygen analyser (1).txt,Q26S10102R0,HIGH,FOUND
Q26S10102\Q26S10102R0_HPCL VISAKH_Oxygen analyser.txt,Q26S10102R0,HIGH,FOUND
Q26S10102\Q26S10102R1_HPCL VISAKH_Oxygen analyser.txt,Q26S10102R1,HIGH,FOUND
Q26S10103\Q26S10103_Yokogawa_IOCL Barauni_Gas Chromatograph.txt,Q26S10103,HIGH,FOUND
Q26S10105\Q26S10105_MRPL_Upgradation of 880NSL to 888NSL.txt,Q26S10105R0,HIGH,FOUND
Q26S10106\Q26S10106_Technip_IOCL Haldia-PRU unit.txt,Q26N10106,HIGH,FOUND
Q26W10222\Q26N10102_BPCL Bina_Technip_Butene-1_Project.txt,Q26N10102,HIGH,FOUND
Q26W10223\Q26W10223_RIL JMD_Extractive O2_Syngas.txt,Q26W10223,HIGH,FOUND
Q26W10224\Q26W10224_Heurtey Petrochem_ADNOC_EDC Furnace.txt,Q26W10224,HIGH,FOUND
Q26W10224\Q26W10224R1_Heurtey Petrochem_ADNOC_EDC Furnace_Commerical.txt,Q26W10224,HIGH,FOUND
Q26W10224\Q26W10224R2_Heurtey Petrochem_ADNOC_EDC Furnace.txt,Q26W10224R2,HIGH,FOUND
Q26W10225\Q25W10225_TOYO_BPCL_KOCHI_PP_12.02.2026.txt,Q26W10225,HIGH,FOUND
Q26W10225\Q25W10225R1_01.04.2026_Commercial.txt,Q26W10225R1,HIGH,FOUND
Q26W10226\Q26W10226_Honeywell_Sulphur and H2 Analyser offer_.txt,Q26G10226,HIGH,FOUND
Q26W10227\Q26W10227_HPCL_MS Blending NIR analyser_BQ_.txt,Q26W10227,HIGH,FOUND
Q26W10228\Q26W10228_RIL_BIO Gas_GC-Technical offer.txt,Q26W10228,HIGH,FOUND
Q26W10229\Q26W10229_RIL JMD_Moisture Analyser.txt,Q26W10229,HIGH,FOUND
Q26W10229\Q26W10229R1_RIL JMD_Moisture Transmitter.txt,Q26W10229R1,HIGH,FOUND
Q26W10230\Q26W10230R0_AVFCCL_Technimont_Ammonia-Urea Fertilizer Plant 200526.txt,Q26W10230R0,HIGH,FOUND
Q26W10230\Q26W10230R1_AVFCCL_Technimont_Ammonia-Urea Fertilizer Plant 080626.txt,Q26W10230R1,HIGH,FOUND
Q26W10231\Q26W10231_Honeywell_IOCL Guj_MS Blending offer_06.05.2026.txt,Q26W10231,HIGH,FOUND
Q26X10040\Q26X10040 _VALMET_GSU_Kazakhstan.txt,Q26X10040,HIGH,NOT_FOUND
Q26X10040\Q26X10040R1 _VALMET_GSU_Kazakhstan.txt,Q26X10040R1,HIGH,NOT_FOUND
Q26X10041\Q26X10041_Qatar Energy_worley_Valmet_AKAI.txt,Q26X10041,HIGH,NOT_FOUND
Q26X10042\Q26X10042 _Samsung E&A_ACME.txt,Q26X10042,HIGH,FOUND
Q26X10042\Q26X10042R1_Samsung E&A_ACME.txt,Q26X10042R1,HIGH,NOT_FOUND
Q26X10045\Q26X10045_SAMSUNG E&A_KHAFJI PROCESS PACKAGE-1_19.02.2026.txt,Q26X10045,HIGH,FOUND
Q26X10046\Q26X10046_SAMSUNG E&A_KHAFJI PROCESS PACKAGE-2_19.02.2026.txt,Q26X10046,HIGH,FOUND
QB22G12540\QB22G12540_R6_RIL JMD_NIR Analyser_22.12.2025.txt,QB22G12540_R6,HIGH,FOUND
QB22G12540\QB22G12540_R7_RIL JMD_NIR Analyser_Techno Commercial.txt,QB22G12540_R7,HIGH,FOUND
QB22G12540\QB22G12540_R8_RIL JMD_NIR Analyser_Techno Commercial.txt,QB22G12540_R8,HIGH,FOUND
QB22G12540\QB22G12540_R9_RIL JMD_NIR Analyser_Techno Commercial.txt,QB22G12540_R9,HIGH,FOUND
SQ2403N059R3\TECHNICAL OFFER-SQ2403N059R3-NTPC-5697166.txt,SQ2403N059R3,HIGH,FOUND
SQ2405N096\TECHNICAL OFFER-SQ2405N096R1-SERVICE-AMC-03_C&I-5_IMC.txt,for,HIGH,FOUND
SQ2406N104R3\PRICED OFFER-SQ2406N104R3-SHREE CEMENT-SPARES.txt,SQ2406N104R3,HIGH,FOUND
SQ2407W049\HPCL MUMBAI-CAMC FOR PAC SULPHUR_PAC DISTILATION_ICON FLASH ANALYSERS.txt,SQ2407W049rev02,HIGH,FOUND
SQ2408N157R1\OFFER-SQ2408N157R1-ISGEC-SPARES.txt,SQ2408N157R1,HIGH,FOUND
SQ2410N187\OFFER-SQ2410N187-STEAM & HYDRO-SPARES.txt,650/EPD/CTPS/HTPS(11068)/,HIGH,NOT_FOUND
SQ2411E307R1\QUOTATION-SQ2411E307R2-DALMIA-SERVICE.txt,SQ2411E307R2,HIGH,NOT_FOUND
SQ2411N203R1\OFFER-SQ2411N203R1-AMBUJA DARLAGHAT-IR SOURCE.txt,SQ2411N203R1,HIGH,FOUND
SQ2411N217\OFFER-SQ2411N217-JK GOTAN-U23-SPM.txt,SQ2411N217,HIGH,FOUND
SQ2412E325R1\OFFER-SQ2412E325R1-SAIL BSP-CV SPARES.txt,SQ2412E325R1,HIGH,FOUND
SQ2412E325R1\OFFER-SQ2412E325R2-SAIL BHILAI-CV SPARES.txt,SQ2412E325R2,HIGH,FOUND
SQ2412E336R1\PRICED OFFER-SQ2412E336R1-UTCL SONARBANGLA-SPARES.txt,SQ2412E336R1,HIGH,NOT_FOUND
SQ2412H155\OFFER-SQ2412H155-ORIENT DEVA-6200092182.txt,SQ2412H155,HIGH,FOUND
SQ2412N233R1\OFFER-SQ2412N233R1-DCM SHRIRAM-SPARES.txt,SQ2412N233R1,HIGH,FOUND
SQ2412N234\OFFER-SQ2412N234R1-AMBUJA RABRIYAWAS-SPARES.txt,,HIGH,FOUND
SQ2412N235\OFFER-SQ2412N235-AIR LIQUIDE-SPARES.txt,SQ2412N235,HIGH,FOUND
SQ2412N235\OFFER-SQ2412N235R1-AIR LIQUIDE-SPARES.txt,SQ2412N235R1,HIGH,FOUND
SQ2412N236\OFFER-SQ2412N234R2-AMBUJA RABRIYAWAS-SPARES .txt,,HIGH,FOUND
SQ2412N239\OFFER-SQ2412N239-NUVOCO VISTAS-FILTER ASSEMBLY.txt,SQ2412N239,HIGH,FOUND
SQ2412N243\OFFER-SQ2412N243-AMBUJA MARWAR-O61 & SPARES.txt,SQ2412N243,HIGH,FOUND
SQ2412N247R1\OFFER-SQ2412N247R1-STPS SURATGARH-SPARES.txt,SQ2412N247R1,HIGH,FOUND
SQ2412N247R1\PRICED OFFER-SQ2412N247R3-RRVUNL-DATA LOGGER & HOSTING.txt,Tender,HIGH,FOUND
SQ2501B001\TECHNICAL OFFER-SQ2501B001-MRPL_AMETEK SPARES-5737147.txt,SQ2501B001,HIGH,FOUND
SQ2501B006\OFFER-SQ2501B006-JSW VIJAYANAGAR-CYLINDER.txt,SQ2501B006,HIGH,FOUND
SQ2501B007\OFFER-SQ2501B007R1-JSW VIJAYANAGAR-SPARES.txt,SQ2501B007R1,HIGH,FOUND
SQ2501B008R1\2) 2246287_tend_doc_2024-11-11-14-36-21_8b4c0769b9d07b4763e94cccaf62f5a2_compressed.txt,SQ2501B008R1,HIGH,FOUND
SQ2501B009\OFFER-SQ2501B009-ORIENT CEMENT-COOLER.txt,SQ2501B009,HIGH,FOUND
SQ2501B012\2246337_tend_doc_2025-01-16-14-07-58_d5db242eb5d8acf70b73bea983070d02.txt,SQ2501B012,HIGH,FOUND
SQ2501B013\OFFER-SQ2501B013R1-JSW VIJAYANAGAR-SPARES.txt,SQ2501B013R1,HIGH,FOUND
SQ2501C001\OFFER-SQ2501C001-METAL POWDER-GASKET.txt,SQ2501C001,HIGH,FOUND
SQ2501C002\PRICED OFFER-SQ2501C002R1-CPCL-5969655.txt,GEM/2025/B/5969655,HIGH,FOUND
SQ2501C007\OFFER-SQ2501C007-SIECHEM TECHNOLOGIES-SPARES.txt,SQ2501C007,HIGH,FOUND
SQ2501E001\PRICED OFFER-SQ2501E001-ADANI JHARKHAND-TEMP INDICATOR.txt,SQ2501E001,HIGH,FOUND
SQ2501E002\OFFER-SQ2501E002R1-TLT-CV SPARES.txt,SQ2501E002R1,HIGH,FOUND
SQ2501E002\OFFER-SQ2501E002R2-TLT-CV SPARES.txt,SQ2501E002R2,HIGH,FOUND
SQ2501E003\OFFER-SQ2501E003-DBPOWER-SERVICE.txt,SQ2501E003,HIGH,FOUND
SQ2501E005\OFFER-SQ2501E005-JSPL ANGUL-INLINE FILTER.txt,SQ2501E005,HIGH,FOUND
SQ2501E007\OFFER-SQ2501E007R2-NMDC-ANALYSERS.txt,SQ2501E007R2,HIGH,FOUND
SQ2501E007\OFFER-SQ2501E007R4-NMDC-ANALYSERS.txt,SQ2501E007R4,HIGH,FOUND
SQ2501E007\OFFER-SQ2501E007R6-NMDC-ANALYSERS AND SHS.txt,SQ2501E007R6,HIGH,FOUND
SQ2501E009\OFFER-SQ2501E009-ADITYAPUR WASTE MANAGEMENT-SPARES.txt,SQ2501E009,HIGH,NOT_FOUND
SQ2501E011\OFFER-SQ2501E011-UTCL HIRMI-SPARES.txt,SQ2501E011,HIGH,FOUND
SQ2501E012\OFFER-SQ2501E012-WBWML-SPARES.txt,SQ2501E012,HIGH,FOUND
SQ2501E018\OFFER-SQ2501E018-JSPL ANGUL-2040LPH PUMP.txt,SQ2501E018,HIGH,FOUND
SQ2501E019\OFFER-SQ2501E019-JSPL ANGUL-RING SENSOR.txt,SQ2501E019,HIGH,FOUND
SQ2501E020\OFFER-SQ2501E020-JSPL ANGUL-IR SOURCE.txt,SQ2501E020,HIGH,FOUND
SQ2501E021\OFFER-SQ2501E021R1-JSPL ANGUL-FLOW METER.txt,SQ2501E021R1,HIGH,FOUND
SQ2501E022\OFFER-SQ2501E022-JSPL ANGUL-FILTER.txt,SQ2501E022,HIGH,FOUND
SQ2501E023\OFFER-SQ2501E023-JSPL ANGUL-RING HEATER.txt,SQ2501E023,HIGH,FOUND
SQ2501E024\OFFER-SQ2501E024R1-DB POWER-KEYPAD.txt,SQ2501E024R1,HIGH,FOUND
SQ2501E026\PRICED OFFER-SQ2501E026R2-JSL-CYLINDER.txt,SQ2501E026R2,HIGH,FOUND
SQ2501E031\PRICED OFFER-SQ2501E031-UTCL KUKURDIH-CERAMIC FILTER.txt,SQ2501E031,HIGH,FOUND
SQ2501E032\PRICED OFFER-SQ2501E032-UTCL RAWAN-WATER FILTER STATION.txt,SQ2501E032,HIGH,FOUND
SQ2501E034\OFFER-SQ2501E034-RNB CEMENT-SPARES.txt,SQ2501E034,HIGH,FOUND
SQ2501E035\TECHNICAL OFFER-SQ2501E035-SAIL BOKARO-5829625.txt,SQ2501E035,HIGH,FOUND
SQ2501E038\OFFER-SQ2501E038-PRIMETALS-CYLINDER.txt,SQ2501E038,HIGH,FOUND
SQ2501G001\PRICE BID_2438S00532 (1).txt,,LOW,FOUND
SQ2501G001\PRICE BID_2438S00532.txt,,LOW,FOUND
SQ2501G002\OFFER-SQ2501G002rev004-GAIL-SERVICE.txt,SQ2501G002rev004,HIGH,FOUND
SQ2501H001\OFFER-SQ2501H001R3-PIONEER-CALCINATION.txt,SQ2501H001R3,HIGH,NOT_FOUND
SQ2501H002\PRICED OFFER-SQ2501H002-RINL-ANALYSER-5712781 - Copy.txt,SQ2501H002,HIGH,FOUND
SQ2501H003\OFFER-SQ2501H003-AMBUJA CEMENT-HTT.txt,SQ2501H003,HIGH,NOT_FOUND
SQ2501H004\OFFER-SQ2501H004-VOLTA IMPEX-U23 SPARES.txt,SQ2501H004,HIGH,FOUND
SQ2501H005\OFFER-SQ2501H005-PIONEER ENGINEERING-REFILLING CYLINDER.txt,SQ2501H005,HIGH,FOUND
SQ2501H006\OFFER-SQ2501H006-ARJAS STEEL-SPARES.txt,SQ2501H006,HIGH,FOUND
SQ2501H007\PRICED OFFER-SQ2501H007-ZUARI YERRANGUNTLA-PROBE.txt,SQ2501H007,HIGH,FOUND
SQ2501H008\PRICED OFFER-SQ2501H008-ZUARI YERRANGUNTLA-HMI.txt,SQ2501H008,HIGH,FOUND
SQ2501H009\OFFER-SQ2501H009-HINDUJA NATIONAL POWER-SPARES.txt,SQ2501H009,HIGH,NOT_FOUND
SQ2501H010\OFFER-SQ2501H010-INDIA CEMENT-PLC UPGRADATION.txt,SQ2501H010,HIGH,NOT_FOUND
SQ2501H011\OFFER-SQ2501H011-ZUARI-WDG-1210.txt,SQ2501H011,HIGH,FOUND
SQ2501H012\OFFER-SQ2501H012-CHETTINAD CEMENT GUNTUR-PROBE.txt,SQ2501H012,HIGH,FOUND
SQ2501H013\OFFER-SQ2501H013-CHETTINAD CEMENT GUNTUR-PUMP.txt,SQ2501H013,HIGH,FOUND
SQ2501H014\PRICED OFFER-SQ2501H014-DALMIA KADAPA-CYLINDERS.txt,SQ2501H014,HIGH,FOUND
SQ2501H015\OFFER-SQ2501H015-PGR-CGA SPARES.txt,SQ2501H015,HIGH,NOT_FOUND
SQ2501H016\OFFER-SQ2501H016-UTCL APCW-SPARES.txt,SQ2501H016,HIGH,FOUND
SQ2501H017\OFFER-SQ2501H017-MY HOME-COOLER.txt,SQ2501H017,HIGH,FOUND
SQ2501H018\OFFER-SQ2501H018-CHETTINAD CEMENT-KALLUR-SPARES.txt,SQ2501H018,HIGH,FOUND
SQ2501H019\OFFER-SQ2501H019-ZUARI YERRANGUNTLA-SPARES.txt,SQ2501H019,HIGH,FOUND
SQ2501H020\OFFER-SQ2501H020-SIRPUR PAPER-COOLER-BUYBACK.txt,SQ2501H020,HIGH,FOUND
SQ2501H021\TECHNICAL OFFER-SQ2501H021-DALMIA KADAPA-U23.txt,SQ2501H021,HIGH,FOUND
SQ2501H022\PRICED OFFER-SQ2501H022-ZUARI YERRANGUNTLA-SILICON TUBES.txt,SQ2501H022,HIGH,FOUND
SQ2501H023\PRICED OFFER-SQ2501H023-ZUARI YERRANGUNTLA-CONDENSATE MONITOR.txt,SQ2501H023,HIGH,FOUND
SQ2501H024\OFFER-SQ2501H024-KAKATIYA CEMENT-MALE CONNECTORS.txt,SQ2501H024,HIGH,FOUND
SQ2501H025\OFFER-SQ2501H025-ARJAS STEEL-SERVICE.txt,SQ2501H025,HIGH,FOUND
SQ2501N001\OFFER-SQ2501N001-STAR CEMENT-PROBE.txt,SQ2501N001,HIGH,FOUND
SQ2501N002R1\PRICED OFFER-SQ2501N002R1-UTCL ADITYA-IR SOURCE.txt,SQ2501N002R1,HIGH,FOUND
SQ2501N003\OFFER-SQ2501N003-YARA FERTILIZERS-SPARES.txt,SQ2501N003,HIGH,FOUND
SQ2501N004\OFFER-SQ2501N004-WONDER CEMENT-ARC.txt,SQ2501N004,HIGH,FOUND
SQ2501N005\PRICED OFFER-SQ2501N005-WONDER CEMENT-TUBE.txt,SQ2501N005,HIGH,FOUND
SQ2501N006\OFFER-SQ2501N006-AMBUJA DARLAGHAT-SPARES.txt,SQ2501N006,HIGH,FOUND
SQ2501N007\PRICED OFFER-SQ2501N007-UTCL ADITYA-CERAMIC FILTER.txt,SQ2501N007,HIGH,FOUND
SQ2501N008\OFFER-SQ2501N008-AIR LIQUIDE-SPARES.txt,SQ2501N008,HIGH,FOUND
SQ2501N009\OFFER-SQ2501N009-UTCL KOTPUTALI-SPARES.txt,SQ2501N009,HIGH,FOUND
SQ2501N010\OFFER-SQ2501N010-KRIBHCO-DATA CONNECTIVITY.txt,SQ2501N010,HIGH,FOUND
SQ2501N010\OFFER-SQ2501N010R1-S005000177-KRIBHCO-DATA CONNECTIVITY.txt,SQ2501N010R1,HIGH,FOUND
SQ2501N011\OFFER-SQ2501N011-V&T ENTERPRISES-PUMP REPAIR KIT.txt,SQ2501N011,HIGH,NOT_FOUND
SQ2501N014\OFFER-SQ2501N014R1-WONDER CEMENT-RETRACTION UNIT-SPARES.txt,SQ2501N014R1,HIGH,NOT_FOUND
SQ2501N015\OFFER-SQ2501N015-UTCL ADITYA-CGA SPARES.txt,SQ2501N015,HIGH,FOUND
SQ2501N016\PRICED OFFER-SQ2501N016-UTCL ADITYA-CART FILTER.txt,SQ2501N016,HIGH,FOUND
SQ2501N017\OFFER-SQ2501N017-UTCL BIRLA WHITE-BAG OF SPARES.txt,SQ2501N017,HIGH,FOUND
SQ2501N018\OFFER-SQ2501N018R2-RRVUNL-SHS SPARES.txt,EMAIL,HIGH,FOUND
SQ2501N018R2\OFFER-SQ2501N018R2-RRVUNL-SHS SPARES.txt,EMAIL,HIGH,FOUND
SQ2501N019\OFFER-SQ2501N019-YARA FERTILIZER-U23 REPAIR.txt,SQ2501N019,HIGH,FOUND
SQ2501N019\OFFER-SQ2501N019R1-YARA FERTILIZER-U23-REPAIR-NEW-BUYBACK.txt,SQ2501N019R1,HIGH,FOUND
SQ2501N019\OFFER-SQ2501N019R2-YARA FERTILIZER-REPAIR-MMI.txt,SQ2501N019R2,HIGH,FOUND
SQ2501N020\OFFER-SQ2501N020-J K WHITE CEMENT-SOV.txt,SQ2501N020,HIGH,FOUND
SQ2501N021\PRICED OFFER-SQ2501N021R2-PSPCL-09_C&I-5_IMC_806.txt,SQ2501N021R2,HIGH,NOT_FOUND
SQ2501N022\OFFER-SQ2501N022-BIRLA CORPORATION-SPARES.txt,SQ2501N022,HIGH,FOUND
SQ2501W004\SQ2501W004 Offer For GC Spares RIL_ HMD.txt,SQ2501W004,HIGH,FOUND
SQ2501W006\PRICED OFFER-AMNS-SQ2501W006R1-6000144536-SERVICE.txt,SQ2501W006R1,HIGH,FOUND
SQ2501X005\OFFER-SQ2501X005-SONA CEMENT-RETRACTION-SPARES (1).txt,SQ2501X005,HIGH,NOT_FOUND
SQ2502B016\OFFER-SQ2502B016R1-KPCL-OIL TRAP FILTER.txt,SQ2502B016R1,HIGH,NOT_FOUND
SQ2502B017\OFFER-SQ2502B017-HOSPET STEEL-SOLENOID VALVES.txt,SQ2502B017,HIGH,FOUND
SQ2502B018\OFFER-SQ2502B018R1-WARP N WEFT-SPARES.txt,SQ2502B018R1,HIGH,FOUND
SQ2502B019\OFFER-SQ2502B019_rev002-GAIL-GC SPARES.txt,SITE,HIGH,FOUND
SQ2502B019\PRICED OFFER-SQ2502B019R3-GAIL_277_25_02.txt,SQ2502B019R3,HIGH,FOUND
SQ2502B020\PRICED OFFER-SQ2502B020R1-JSW VIJAYANAGAR-SPARES.txt,SQ2502B020R1,HIGH,FOUND
SQ2502B021\PRICED OFFER-SQ2502B021R1-JSW VIJAYANAGAR-COOLER.txt,SQ2502B021R1,HIGH,FOUND
SQ2502C009\PRICED OFFER-SQ2502C009-RAMCO RR NAGAR-SPARES.txt,SQ2502C009,HIGH,FOUND
SQ2502E040\1) TECHNICAL OFFER-SQ2502E040R1-IOCL GUWAHATI-6324747.txt,SQ2502E040R1,HIGH,FOUND
SQ2502E041\OFFER-SQ2502E041-IOCL BARAUNI-AMETEK SPARES.txt,SQ2502E041,HIGH,NOT_FOUND
SQ2502E042\OFFER-SQ2502E042-RUNGTA MINES-CYLINDER.txt,SQ2502E042,HIGH,NOT_FOUND
SQ2502E043\OFFER-SQ2502E043-JSPL ANGUL-SPARES.txt,SQ2502E043,HIGH,FOUND
SQ2502E044\OFFER-SQ2502E044-JSPL ANGUL-FILTER.txt,SQ2502E044,HIGH,FOUND
SQ2502E045\PRICED OFFER-SQ2502E045R2-ADANI JHARKHAND-SPARES.txt,SQ2502E045R2,HIGH,FOUND
SQ2502E047\OFFER-SQ2502E047R1-Ipsen Technologies_SERVICE.txt,SQ2502E047R1,HIGH,FOUND
SQ2502E047\QUOTATION-SQ2502E047-FOR EXPER ENGINEER.txt,SQ2502E047,HIGH,NOT_FOUND
SQ2502E050\OFFER-SQ2502E050R1-TATA NINL-ARC.txt,SQ2502E050R1,HIGH,NOT_FOUND
SQ2502E050\TECHNICAL OFFER-SQ2502E050R2-TATA NINL-ARC.txt,SQ2502E050R2,HIGH,NOT_FOUND
SQ2502E051\SCREENSHOTS.txt,,LOW,FOUND
SQ2502E052\PRICED OFFER-SQ2502E052-UTCL HIRMI-TUBE.txt,SQ2502E052,HIGH,FOUND
SQ2502E053\TECHNICAL OFFER-SQ2502E053R1-TSL MERAMANDLI-U23-C6.txt,SQ2502E053R1,HIGH,NOT_FOUND
SQ2502E054\OFFER-SQ2502E054-TANKESHWARI METAL POWDER-SPARES.txt,SQ2502E054,HIGH,FOUND
SQ2502E055\OFFER-SQ2502E055R1-JSPL ANGUL-SOV.txt,SQ2502E055R1,HIGH,FOUND
SQ2502E058\OFFER-SQ2502E058-NTPC-CYLINDER REFILLING.txt,SQ2502E058,HIGH,FOUND
SQ2502E059\e-Proc_sub_1600264045_Gas Cooler ARC_CWH.txt,,LOW,FOUND
SQ2502E061\OFFER-SQ2502E061-BIRLA CORPORATION-PUMP.txt,SQ2502E061,HIGH,FOUND
SQ2502E062\TECHNICAL OFFER-SQ2502E062R1-SAIL RSP-6196663.txt,SQ2502E062R1,HIGH,NOT_FOUND
SQ2502E063\OFFER-SQ2502E063-SAIL BHILAI-MMI.txt,SQ2502E063,HIGH,FOUND
SQ2502E065\OFFER-SQ2502E065-TATA NINL-BAG OF SPARES.txt,SQ2502E065,HIGH,FOUND
SQ2502E071\SERVICE OFFER_SQ2502E071-TSL JSR-1103603112_102.txt,SQ2502E071,HIGH,FOUND
SQ2502E072\e-Proc_sub_Ring Heater 230 VAC_Ceramic Filter_TSL Gamharia.txt,,LOW,FOUND
SQ2502E073\OFFER-SQ2502E073-TSL JSR-PROBE ASSEMBLY.txt,SQ2502E073,HIGH,FOUND
SQ2502E076\PRICED OFFER-SQ2502E076-SAIL IISCO-1400010482.txt,SQ2502E076,HIGH,FOUND
SQ2502E077\OFFER-SQ2502E077-ESL BOKARO-HMI.txt,SQ2502E077,HIGH,FOUND
SQ2502G003\OFFER-SQ2501G003-JK PAPER-O2 SENSOR.txt,SQ2502G003,HIGH,FOUND
SQ2502G004\SQ2502G004_LINDE GMBH-SERVICE.txt,SQ2502G004,HIGH,FOUND
SQ2502H027\PRICED OFFER-SQ2502H027-DALMIA KADAPA-RTD WITH THERMOWELL.txt,SQ2502H027,HIGH,FOUND
SQ2502H032\OFFER-SQ2502H032-UTCL APCW-SOV.txt,SQ2502H032,HIGH,FOUND
SQ2502H033\PRICED OFFER-SQ2502H033-RAMCO CEMENT-PUMP.txt,SQ2502H033,HIGH,FOUND
SQ2502H034\OFFER-SQ2502H034-ORIENT CEMENT-SPARES.txt,SQ2502H034,HIGH,FOUND
SQ2502H035\OFFER-SQ2502H035-BHARATHI CEMENT-SPARES.txt,SQ2502H035,HIGH,FOUND
SQ2502H037\OFFER-SQ2502H037-CHETTINAD CEMENT-TUBE ASSEMBLY.txt,SQ2502H037,HIGH,FOUND
SQ2502H038\OFFER-SQ2502H038-ZUARI-U23.txt,SQ2502H038,HIGH,FOUND
SQ2502H039\OFFER-SQ2502H039-VICAT SAGAR-RETRACTION ASSEMBLY.txt,SQ2502H039,HIGH,NOT_FOUND
SQ2502H042\PRICED OFFER-SQ2502H042-ZUARI YERRANGUNTLA-ACID FILTER ASSEMBLY.txt,SQ2502H042,HIGH,FOUND
SQ2502H043\PRICED OFFER-SQ2502H043R1-UTCL APCW-SPARES.txt,SQ2502H043R1,HIGH,FOUND
SQ2502H046\OFFER-SQ2502H046-CHETTINAD KALLUR-SPARES.txt,SQ2502H046,HIGH,FOUND
SQ2502N023\OFFER-SQ2502N023-JK CEMENT MANGROL-SPARES.txt,SQ2502N023,HIGH,FOUND
SQ2502N025\PRICED OFFER-SQ2502N025R1-WONDER CEMENT-SPARES.txt,SQ2502N025R1,HIGH,FOUND
SQ2502N027\OFFER-SQ2502N027-SHREE CEMENT-WDG1210.txt,SQ2502N027,HIGH,FOUND
SQ2502N028\OFFER-SQ2502N028-ACC GAGAL-SPARES.txt,SQ2502N028,HIGH,FOUND
SQ2502N029\OFFER-SQ2502N029-YARA FERTILISERS-RING HEATER.txt,SQ2502N029,HIGH,FOUND
SQ2502N030\OFFER-SQ2502N030-NPCIL-SPARES.txt,SQ2502N030,HIGH,NOT_FOUND
SQ2502N031R1\OFFER-SQ2502N031R1-UTCL ADITYA-U23.txt,SQ2502N031R1,HIGH,FOUND
SQ2502N032\OFFER-SQ2502N032-AMBUJA DARLAGHAT-TUBE ASSEMBLY.txt,SQ2502N032,HIGH,FOUND
SQ2502N033\PRICED OFFER-SQ2502N033-WONDER CEMENT-SOV.txt,SQ2502N033,HIGH,FOUND
SQ2502N034\PRICED OFFER-SQ2502N034-NTPC SIMHADRI-BHULER-9900294887.txt,SQ2502N034,HIGH,FOUND
SQ2502N035\OFFER-SQ2502N035-STAR CEMENT-SPARES.txt,SQ2502N035,HIGH,FOUND
SQ2502N037\PRICED OFFER-2SQ2502N037R2-WONDER CEMENT-ACID FILTER.txt,2SQ2502N037R2,HIGH,FOUND
SQ2502N038\PRICED OFFER-SQ2502N038-WONDER CEMENT-SPARES.txt,SQ2502N038,HIGH,FOUND
SQ2502N039\PRICED OFFER-SQ2502N039-UTCL ADITYA-CERAMIC FILTER.txt,SQ2502N039,HIGH,FOUND
SQ2502N040R2\PRICED OFFER-SQ2502N040-UTCL ADITYA-SPARES.txt,SQ2502N040,HIGH,FOUND
SQ2502N040R2\PRICED OFFER-SQ2502N040R1-UTCL ADITYA-NEOPRENE TUBE.txt,SQ2502N040R1,HIGH,FOUND
SQ2502N040R2\SCREENSHOTS.txt,,LOW,FOUND
SQ2502N041\OFFER-SQ2502N041-SHREE CEMENT BANGUR-ANALYSER SPARES.txt,SQ2502N041,HIGH,FOUND
SQ2502N042\OFFER-SQ2502N042-HMEL-SPARES.txt,EMAIL,HIGH,FOUND
SQ2502N043\OFFER-SQ2502N043-L&T-SPARES.txt,SQ2502N043,HIGH,NOT_FOUND
SQ2502N044\OFFER-SQ2502N044-AMBUJA DARLAGHAT-ACID FILTER ELEMENT.txt,SQ2502N044,HIGH,FOUND
SQ2502N045\OFFER-SQ2502N045-DOOSAN-FILTER.txt,SQ2502N045,HIGH,FOUND
SQ2502N046\OFFER-SQ2502N046-UTCL ADITYA-U23.txt,SQ2502N046,HIGH,FOUND
SQ2502N047\PRICED OFFER-SQ2502N047-WONDER CEMENT-GASKET.txt,SQ2502N047,HIGH,FOUND
SQ2502W015\OFFER-SQ2502W015-FOX-GA700.txt,SQ2502W015,HIGH,NOT_FOUND
SQ2502W017\SQ2502W017 Offer For GC Spares_ RIL JMD.txt,SQ2502W017,HIGH,FOUND
SQ2502W018\OFFER-SQ2502W018-LINDE-U6 REPAIR.txt,SQ2502W018,HIGH,NOT_FOUND
SQ2502W019\OFFER-SQ2502W019-PIWML-DATA CONNECTIVITY.txt,SQ2502W019,HIGH,FOUND
SQ2502X007\OFFER-SQ2502X007-JOHN COCKREIL-SPARES.txt,SQ2502X007,HIGH,FOUND
SQ2502X008\OFFER-SQ2502X008R1-CHAU INDUSTRIAL MATERIAL-FILTER PAPER.txt,SQ2502X008R1,HIGH,NOT_FOUND
SQ2502X011\OFFER-SQ2502X011-JOHN COCKERILL-SERVICE.txt,SQ2502X011,HIGH,FOUND
SQ2503B025\PRICED OFFER-SQ2503B025-JSW VIJAYANAGAR-SPARES.txt,SQ2503B025,HIGH,FOUND
SQ2503B027\PRICED OFFER-SQ2503B027-JSW VIJAYANAGAR-COOLER.txt,SQ2503B027,HIGH,FOUND
SQ2503B028\OFFER-SQ2503B028-ORIENT CEMENT-PERISTALTIC PUMP.txt,SQ2503B028,HIGH,FOUND
SQ2503C010\PRICED OFFER-SQ2503C010-CHEMPLAST-AMC FOR AAQMS & CEMS.txt,SQ2503C010,HIGH,NOT_FOUND
SQ2503E079\OFFER-SQ2503E079-RNB CEMENT-SPARES.txt,SQ2503E079,HIGH,FOUND
SQ2503E079\OFFER-SQ2503E079R1-RNB CEMENT-SPARES.txt,SQ2503E079R1,HIGH,NOT_FOUND
SQ2503E080\PRICED OFFER-SQ2503E080-ESL BOKARO-COOLER.txt,SQ2503E080,HIGH,FOUND
SQ2503E081\OFFER-SQ2503E081-GIRIDHAN METALS-PUMP.txt,SQ2503E081,HIGH,FOUND
SQ2503E082\OFFER-SQ2503E082-NMDC-U23.txt,SQ2503E082,HIGH,FOUND
SQ2503E083\PRICED OFFER-SQ2503E083-NMDC-5904068.txt,SQ2503E083,HIGH,FOUND
SQ2503E084\OFFER-SQ2503E084-NSPCL-CYLINDERS.txt,SQ2503E084,HIGH,FOUND
SQ2503E089\PRICED OFFER-SQ2503E089R1-UTCL HIRMI-SPARES.txt,SQ2503E089R1,HIGH,FOUND
SQ2503E090\e-Proc_sub_Front Panel Keypad_Oxymat61_FM.txt,,LOW,FOUND
SQ2503E091\OFFER-SQ2503E091-SAIL BOKARO-6724.txt,SQ2503E091,HIGH,FOUND
SQ2503E092R5\PRICED OFFER-SQ2503E092R5-JSL-CV SPARES.txt,SQ2503E092R5,HIGH,FOUND
SQ2503E095\OFFER-SQ2503E095-IIT GUWAHATI-O2 SENSOR.txt,SQ2503E095,HIGH,NOT_FOUND
SQ2503E096\OFFER-SQ2503E096-VEDANTA LIMITED-SERVICE.txt,SQ2503E096,HIGH,FOUND
SQ2503E097\2073 OFFER- Quotation for Gas Analyser Repair Charges -IPSEN TECHNOLOGIES PVT LTD (1).txt,SQ2503E097,HIGH,FOUND
SQ2503E098\OFFER-SQ2503E098-SAIL IISCO-SPARES.txt,SQ2503E098,HIGH,FOUND
SQ2503E098\OFFER-SQ2503E098R1-SAIL IISCO-SPARES.txt,SQ2503E098R1,HIGH,FOUND
SQ2503E098\OFFER-SQ2503E098R2-SAIL IISCO-CDI-SPARES.txt,SQ2503E098R2,HIGH,FOUND
SQ2503E098\OFFER-SQ2503E098R3-SAIL IISCO-CDI-SPARES.txt,SQ2503E098R3,HIGH,FOUND
SQ2503E099\OFFER-SQ2503E099-UTCL DANKUNI-SPARES.txt,SQ2503E099,HIGH,FOUND
SQ2503E102R1\OFFER-SQ2503E102R1-DB POWER-1000012443.txt,SQ2503E102R1,HIGH,FOUND
SQ2503G005\SQ2503G005 Offer For DUST MONITOR_ RIL VMD.txt,SQ2503G005,HIGH,FOUND
SQ2503H047\OFFER-SQ2503H047-LOTUS WIRELESS-CYLINDER.txt,SQ2503H047,HIGH,FOUND
SQ2503H050\OFFER-SQ2503H050-ZUARI SITAPURAM-SPARES.txt,SQ2503H050,HIGH,FOUND
SQ2503H051\OFFER-SQ2503H051-LYFIUS PHARMA-SHS.txt,SUGGESTED,HIGH,FOUND
SQ2503H052\PRICED OFFER-SQ2503N052-UTCL KOTPUTALI-TUBE ASSEMBLY.txt,SQ2503N052,HIGH,FOUND
SQ2503H053\OFFER-SQ2503H053R2-MY HOME-PUMP.txt,SQ2503H053R2,HIGH,FOUND
SQ2503H054\OFFER-SQ2503H054-UTCL APCW-PRESSURE SWITCH.txt,SQ2503H054,HIGH,FOUND
SQ2503N049\PRICED OFFER-SQ2503N049-UTCL ADITYA-CART FILTER.txt,SQ2503N049,HIGH,FOUND
SQ2503N050\OFFER-SQ2503N050R2-AIR LIQUIDE-SPARES.txt,SQ2503N050R2,HIGH,NOT_FOUND
SQ2503N051\SCREENSHOTS.txt,,LOW,FOUND
SQ2503N052\PRICED OFFER-SQ2503N052-UTCL KOTPUTALI-TUBE ASSEMBLY.txt,SQ2503N052,HIGH,FOUND
SQ2503N053\PRICED OFFER-SQ2503N053-WONDER CEMENT-CERAMIC FILTER.txt,SQ2503N053,HIGH,FOUND
SQ2503N054\OFFER-SQ2503N054-UTCL KOTPUTALI-7145 SPARES.txt,SQ2503N054,HIGH,FOUND
SQ2503N056\PRICED OFFER-SQ2503N056-IOCL PANIPATH-5991213.txt,SQ2503N056,HIGH,FOUND
SQ2503N057\OFFER-SQ2503N057-INDIA GLYCOLS-GC SPARES (1).txt,SQ2503N057,HIGH,FOUND
SQ2503N057\OFFER-SQ2503N057-INDIA GLYCOLS-GC SPARES.txt,SQ2503N057,HIGH,FOUND
SQ2503N058R1\OFFER-SQ2503N058R1-AMBUJA DARLAGHAT-SPARES.txt,SQ2503N058R1,HIGH,FOUND
SQ2503N059\PRICED OFFER-SQ2503N059-UTCL ADITYA-CONDENSATE TRAP.txt,SQ2503N059,HIGH,FOUND
SQ2503N060\OFFER-SQ2503N060-DCM SHRIRAM-ANALYSER SPARES.txt,SQ2503N060,HIGH,FOUND
SQ2503N061\OFFER-SQ2503N061-AIR LIQUIDE-SERVICE.txt,SQ2503N061,HIGH,FOUND
SQ2503N063\PRICED OFFER_SQ2503N063_HMEL-7577_3100000322_AMETEK.txt,SQ2503N063,HIGH,NOT_FOUND
SQ2503N064\OFFER-SQ2503N061 Quotation for Gas Analyser Repair Charges -NUVOCO U23.txt,SQ2503N061,HIGH,FOUND
SQ2503N064\OFFER-SQ2503N061R1-NUVUCO U23 & O61.txt,SQ2503N064R1,HIGH,FOUND
SQ2503N064\OFFER-SQ2503N061R2-NUVUCO U23 & O61.txt,SQ2503N064R2,HIGH,FOUND
SQ2503W023\SQ2503W023 Offer For GC Spares_ RIL JMD.txt,SQ2503W023,HIGH,FOUND
SQ2503W025\SQ2503W025 Offer GC Spares NMD.txt,SQ2503W025,HIGH,NOT_FOUND
SQ2503W026\PRICED OFFER_SQ2503W026_BPCL MUM-AMETEK-1000431474.txt,SQ2503W026,HIGH,FOUND
SQ2503W027\PRICED OFFER-SQ2503W027R1-PARADEEP PHOSPHATES-SPARES.txt,SQ2503W027R1,HIGH,FOUND
SQ2503X014\SQ2503X014_ Gas Analyser Quotation.txt,DETAILS,HIGH,FOUND
SQ2504B030\OFFER-SQ2504B030-JSW VIJAYANAGAR-ANALYSERS.txt,SQ2504B030,HIGH,NOT_FOUND
SQ2504B031\PRICED OFFER-SQ2504B031-JSW BELLARY-3100784657.txt,SQ2504B031,HIGH,FOUND
SQ2504B032\PRICED OFFER-SQ2504B032-JSW VIJAYANAGAR-CYLINDER.txt,SQ2504B032,HIGH,FOUND
SQ2504B033\TECHNICAL OFFER-SQ2504B033R2-JSW VIJAYANAGAR-SHS SPARES.txt,SQ2504B033R2,HIGH,FOUND
SQ2504B039\OFFER-SQ2504B039-MCF-2000255751.txt,SQ2504B039,HIGH,FOUND
SQ2504C014\PRICED OFFER-SQ2504C014-DALMIA ARIYALUR-SOV.txt,SQ2504C014,HIGH,FOUND
SQ2504C016\OFFER-SQ2504C016-IVSOURCING-GC SPARES.txt,SQ2504C016,HIGH,NOT_FOUND
SQ2504E103\OFFER-SQ2504E103-RNB CEMENT-SPARES & BUYBACK ANALYSER.txt,SQ2504E103,HIGH,FOUND
SQ2504E104\PRICED OFFER-SQ2504E104-JSW BPSL-CERAMIC FILTER.txt,SQ2504E104,HIGH,FOUND
SQ2504E106\OFFER-SQ2504E106-RUNGTA MINES-SPARES.txt,SQ2504E106,HIGH,FOUND
SQ2504E107\OFFER-SQ2504E107-TATA STEEL JAJPUR-SPARES.txt,SQ2504E107,HIGH,FOUND
SQ2504E108\OFFER-SQ2504E108-DB POWER-HG ANALYSER SPARES.txt,SQ2504E108,HIGH,FOUND
SQ2504E109\OFFER-SQ2504E109-TSL JSR-O61.txt,SQ2504E109,HIGH,FOUND
SQ2504E110\PRICED OFFER-SQ2504E110-ESL BOKARO-COOLER.txt,SQ2504E110,HIGH,FOUND
SQ2504E113\PRICED OFFER-SQ2504E113-UTCL HIRMI-PNEUMATIC ACTUATOR-RFQ-12913.txt,SQ2504E113,HIGH,FOUND
SQ2504E114\PRICED OFFER-SQ2504E114R2-SAIL DSP-AMC 2 YRS_9000076858.txt,SQ2504E114R2,HIGH,FOUND
SQ2504E114\SQ2504E114R1 AMC-SAIL DSP.txt,SQ2504E114R1,HIGH,FOUND
SQ2504E115\PRICED OFFER-SQ2504E115-JSW BPSL-3100792409.txt,SQ2504E115,HIGH,FOUND
SQ2504E115\SCREENSHOTS.txt,,LOW,FOUND
SQ2504E117\PRICED OFFER-SQ2504E117-JSW BPSL-3100791819.txt,SQ2504E117,HIGH,FOUND
SQ2504E120\OFFER-SQ2504E120-UTCL HIRMI-SHS SPARES.txt,SQ2504E120,HIGH,FOUND
SQ2504E128\PRICED OFFER-SQ2504E128-DALMIA RAJGANGPUR-PUMPS.txt,SQ2504E128,HIGH,FOUND
SQ2504E129\PRICED OFFER-SQ2504E129-UTCL HIRMI-SPARES.txt,SQ2504E129,HIGH,FOUND
SQ2504E131\OFFER-SQ2504E131-DB POWER-SPARES.txt,SQ2504E131,HIGH,FOUND
SQ2504E132\OFFER-SQ2504E132-HILLS CEMENT-O2 SENSOR.txt,SQ2504E132,HIGH,NOT_FOUND
SQ2504E134\PRICED OFFER-SQ2504E134-UTCL HIRMI-SAMPLE PUMP-RFQ-13209.txt,SQ2504E134,HIGH,FOUND
SQ2504E135\OFFER-SQ2504E135R3-SAIL ISP-UNION SPARES.txt,SQ2504E135R3,HIGH,FOUND
SQ2504E135\OFFER-SQ2504E135R4-SAIL ISP-UNION SPARES.txt,SQ2504E135R4,HIGH,FOUND
SQ2504E136\OFFER-SQ2504E136 Quotation for Gas Analyser Repair Charges -RNB Cements.txt,SQ2504E136,HIGH,FOUND
SQ2504E141\3) TECHNICAL OFFER-SQ2504E141R2-SAIL BOKARO-C6E_U23.txt,SQ2504E141R2,HIGH,NOT_FOUND
SQ2504E141\3) TECHNICAL OFFER-SQ2504E141R3-SAIL BOKARO-C6E_U23_5000057407.txt,SQ2504E141R3,HIGH,NOT_FOUND
SQ2504E142\OFFER-SQ2504E142-MOGLI LAB-SPARES.txt,SQ2504E142,HIGH,FOUND
SQ2504E144\OFFER_SQ2504E144R1_TSL JSR_AMC_COB_10_11_NBPP.txt,SQ2504E144R1,HIGH,FOUND
SQ2504E145\PRICED OFFER-SQ2504E145-SAIL IISCO-6152939.txt,SQ2504E145,HIGH,FOUND
SQ2504E146\PRICED OFFER-SQ2504E146-JSPL ANGUL-ANALYSERS.txt,SQ2504E146,HIGH,NOT_FOUND
SQ2504E147\PRICED OFFER-SQ2504E147-DALMIA RAJGANGPUR-SOV.txt,SQ2504E147,HIGH,FOUND
SQ2504G006\SQ2504G006 Offer For DUST MONITOR SPARES_ RIL VMD.txt,SQ2504G006,HIGH,FOUND
SQ2504G010\PRICED OFFER-SQ2504G010R1-GSFCL-(RFQ 71624)-SERVICE AMC.txt,,LOW,FOUND
SQ2504H056\OFFER-SQ2504H056-KALBURGI CEMENT-SOV.txt,SQ2504H056,HIGH,FOUND
SQ2504H057\OFFER-SQ2504H057-RAMCO JAYANTHIPURAM-U23.txt,SQ2504H057,HIGH,FOUND
SQ2504H058\PRICED OFFER-SQ2504H058-ZUARI YERRANGUNTALA-PROBE.txt,SQ2504H058,HIGH,FOUND
SQ2504H060\OFFER-SQ2504H060-ARJAS STEEL-SPARES.txt,SQ2504H060,HIGH,FOUND
SQ2504H061\OFFER-SQ2504H061R2-CHETTINAD CEMENT-U23.txt,SQ2504H061R2,HIGH,FOUND
SQ2504H062\OFFER-SQ2504H062-GENICC ENGINEERING-U23.txt,SQ2504H062,HIGH,FOUND
SQ2504H063\OFFER-SQ2504H063-1-UTCL SEDAM-O61.txt,1,HIGH,FOUND
SQ2504H064\PRICED OFFER-SQ2504H064-UTCL APCW-TUBE.txt,SQ2504H064,HIGH,FOUND
SQ2504H065\OFFER-SQ2504H065-IMERYS-SS FILTER.txt,SQ2504H065,HIGH,FOUND
SQ2504H066\OFFER-SQ2504H066-MAVEN AUTOMATION-SPARES.txt,SQ2504H066,HIGH,FOUND
SQ2504H067\OFFER-SQ2504H067-CHETTINAD CEMENT-FITTINGS.txt,SQ2504H067,HIGH,FOUND
SQ2504N065\OFFER-SQ2504N065-ACC GAGAL-SPARES.txt,SQ2504N065,HIGH,FOUND
SQ2504N066\OFFER-SQ2504N066R2-ACC GAGAL-U23.txt,SQ2504N066R2,HIGH,FOUND
SQ2504N067\OFFER-SQ2504N067-AMBUJA DARLAGHAT-SPARES.txt,SQ2504N067,HIGH,FOUND
SQ2504N069\PRICED OFFER-SQ2504N069-WONDER CEMENT-PROBE.txt,SQ2504N069,HIGH,FOUND
SQ2504N071\OFFER-SQ2504N071-BIRLA CORPORATION-U23.txt,SQ2504N071,HIGH,FOUND
SQ2504N072\PRICED OFFER-SQ2504N072-JK LAKSHMI-SPARES.txt,SQ2504N072,HIGH,FOUND
SQ2504N073\PRICED OFFER-SQ2504N073-UTCL KOTPUTALI-O RING (1).txt,SQ2504N073,HIGH,FOUND
SQ2504N073\PRICED OFFER-SQ2504N073-UTCL KOTPUTALI-O RING.txt,SQ2504N073,HIGH,FOUND
SQ2504N074\OFFER-SQ2504N074-BHEL-CYLINDER REFILLING.txt,SQ2504N074,HIGH,FOUND
SQ2504N075\OFFER-SQ2504N075-NTPC DADRI-SPARES.txt,SQ2504N075,HIGH,FOUND
SQ2504N075\OFFER-SQ2504N075R1-NTPC DADRI-SPARES.txt,SQ2504N075R1,HIGH,FOUND
SQ2504N075\OFFER-SQ2504N075R2-NTPC DADRI-SPARES.txt,SQ2504N075R2,HIGH,FOUND
SQ2504N076\PRICED OFFER-SQ2504N076-UTCL PALI-RELAY 16 DO.txt,SQ2504N076,HIGH,FOUND
SQ2504N077\OFFER-SQ2504N077-UDAIPUR CEMENT-6000122727.txt,SQ2504N077,HIGH,FOUND
SQ2504N078\PRICED OFFER-SQ2504N078-UTCL KOTPUTALI-11357.txt,SQ2504N078,HIGH,FOUND
SQ2504N079\PRICED OFFER-SQ2504N079-UTCL KOTPUTALI-11356.txt,SQ2504N079,HIGH,FOUND
SQ2504N080\OFFER-SQ2504N080-BCW CHANDHERIA-SPARES.txt,SQ2504N080,HIGH,FOUND
SQ2504N081\OFFER-SQ2504N081-BIRLA CORPORATION CHANDHERIA-6000233820.txt,SQ2504N081,HIGH,FOUND
SQ2504N082\PRICED OFFER_ SQ2504N082_HMEL-8684-3100001315_AMETEK.txt,SQ2504N082,HIGH,NOT_FOUND
SQ2504N083\OFFER-SQ2504N083-BIRLA CORPORATION-SOV.txt,SQ2504N083,HIGH,FOUND
SQ2504N084\OFFER-SQ2504N084-SMS-SPARES.txt,SQ2504N084,HIGH,NOT_FOUND
SQ2504N085\PRICED OFFER-SQ2504N085-WONDER CEMENT-PR26001717 (1).txt,SQ2504N085,HIGH,FOUND
SQ2504N085\PRICED OFFER-SQ2504N085-WONDER CEMENT-PR26001717.txt,SQ2504N085,HIGH,FOUND
SQ2504N086\OFFER-SQ2504N086-UTCL ADITYA-PLC UPGRADATION.txt,SQ2504N086,HIGH,NOT_FOUND
SQ2504N086\OFFER-SQ2504N086R1-UTCL ADITYA-PLC UPGRADATION.txt,SQ2504N086R1,HIGH,FOUND
SQ2504N086\OFFER-SQ2504N086R2-UTCL ADITYA-PLC UPGRADATION.txt,SQ2504N086R2,HIGH,FOUND
SQ2504N087\OFFER-SQ2504N087R1-UTCL BIRLA WHITE-PT.txt,SQ2504N087R1,HIGH,NOT_FOUND
SQ2504N088\PRICED OFFER-SQ2504N088-WONDER CEMENT-PR26001718.txt,SQ2504N088,HIGH,FOUND
SQ2504N089\PRICED OFFER-SQ2504N089-UTCL ADITYA-PUSH FITTING.txt,SQ2504N089,HIGH,NOT_FOUND
SQ2504N090\PRICED OFFER-SQ2504N090-UTCL BAGA-PUMP.txt,SQ2504N090,HIGH,FOUND
SQ2504N091\OFFER-SQ2504N091-WONDER CEMENT-ANALYSER-SO2.txt,SQ2504N091,HIGH,FOUND
SQ2504W032\OFFER-SQ2504W032R1-BALAJI MULTIFLEX PVT LTD_SERVICE & AMC.txt,SQ2504W032R1,HIGH,FOUND
SQ2504W033\SQ2504W033 Offer For GC Spares_ RIL JMD.txt,SQ2504W033,HIGH,FOUND
SQ2504W037\PRICED OFFER-SQ2503W027R1-PARADEEP PHOSPHATES-SPARES.txt,SQ2503W027R1,HIGH,FOUND
SQ2504X017\OFFER-SQ2504X017-SIEMENS-SERVICE.txt,SQ2504X017,HIGH,FOUND
SQ2504X020\OFFER-SQ2504X020-SIAM CEMENT-PP.txt,SQ2504X020,HIGH,NOT_FOUND
SQ2505B040\OFFER-SQ2505B040R1-BPCL KOCHI-SPARES.txt,SQ2505B040R1,HIGH,NOT_FOUND
SQ2505B041\PRICED OFFER-SQ2505B041-JSW VIJAYANAGAR-REFILLING CYLINDER.txt,SQ2505B041,HIGH,FOUND
SQ2505B042\OFFER-SQ2505B042-LAURUS BIO-SPARES & SERVICE.txt,SQ2505B042,HIGH,NOT_FOUND
SQ2505B043\OFFER-SQ2505B043-BPCL KOCHI-SPARES.txt,SQ2505B043,HIGH,NOT_FOUND
SQ2505B045\OFFER-SQ2505B045-MCF-LDS 6.txt,SQ2505B045,HIGH,FOUND
SQ2505B045\OFFER-SQ2505B045R1-MCF-LDS 6.txt,SQ2505B045R1,HIGH,FOUND
SQ2505B045\OFFER-SQ2505B045R2-MCF-OPTOMODULE.txt,SQ2505B045R2,HIGH,FOUND
SQ2505E148\OFFER-SQ2505E148-SAIL IISCO BURNUR-SOV.txt,SQ2505E148,HIGH,FOUND
SQ2505E148\OFFER-SQ2505E148R2-SAIL BOKARO-SOV.txt,SQ2505E148R2,HIGH,FOUND
SQ2505E148\OFFER-SQ2505E148R3-SAIL ISP- SHS SPARES.txt,SQ2505E148R3,HIGH,FOUND
SQ2505E148\PRICED OFFER-SQ2505E148R4-SAIL IISCO-1400012955.txt,SQ2505E148R4,HIGH,FOUND
SQ2505E151\DISCOUNT SCREENSHOTS.txt,,LOW,FOUND
SQ2505E153\OFFER-SQ2505E153-BENGAL ENERGY-SAMPLE GAS PUMP.txt,SQ2505E153,HIGH,FOUND
SQ2505E154\DISCOUNT-SCREENSHOTS.txt,,LOW,FOUND
SQ2505E157\SQ2505E157R1_OFFER JINDALSTAINLESS-1400118212_AMC.txt,SQ2505E157R1,HIGH,NOT_FOUND
SQ2505E160\OFFER-SQ2505E160-NUVOCO-U23.txt,SQ2505E160,HIGH,NOT_FOUND
SQ2505E160\PRICED OFFER-SQ2505E160R1-NUVOCO-U23.txt,SQ2505E160R1,HIGH,NOT_FOUND
SQ2505E161\TECHNICAL OFFER-SQ2505E161-TSL GAMHARIA-CERAMIC FILTER.txt,SQ2505E161,HIGH,FOUND
SQ2505E162\PRICED OFFER-SQ2505E162-JSW SHIVA-FAN.txt,SQ2505E162,HIGH,FOUND
SQ2505E170\OFFER-SQ2505E170-TATA NINL-NEOPRENE TUBE.txt,SQ2505E170,HIGH,FOUND
SQ2505E171\OFFER-SQ2505E171-AMBUJA BHATAPARA-COOLER.txt,SQ2505E171,HIGH,FOUND
SQ2505E172\OFFER-SQ2505E172R1-DB POWER-FLOW CEMS-ADZICOR-SPARES.txt,SQ2505E172R1,HIGH,FOUND
SQ2505E174R2\Offer#SQ2505E174R2_TSL_JSR_Sitrans SL Laser Source Replacement_Boiler#8_PH3.txt,Verbal,HIGH,NOT_FOUND
SQ2505E175\OFFER-SQ2505E175-NUVOCO-SPARES.txt,SQ2505E175,HIGH,FOUND
SQ2505E175\OFFER-SQ2505E175R1-NUVOCO-SPARES.txt,SQ2505E175R1,HIGH,FOUND
SQ2505E176\PRICED OFFER-SQ2505E176-JSW SHIVA-SPARES.txt,SQ2505E176,HIGH,FOUND
SQ2505E177\OFFER-SQ2505E177-JSPL-C6.txt,SQ2505E177,HIGH,FOUND
SQ2505E178\OFFER-SQ2505E178-TATA KPO-PROBE ASSEMBLY.txt,SQ2505E178,HIGH,FOUND
SQ2505E179\SQ2505E179_TECHNICAL OFFER.txt,SQ2505E179,HIGH,FOUND
SQ2505E185\SCREENSHOTS.txt,,LOW,FOUND
SQ2505E185\SQ2505E185R2.txt,SQ2505E185R2,HIGH,FOUND
SQ2505E186\PRICED OFFER-SQ2505E186R2-QUOTATION FOR EXPER ENGINEER-1631472924.txt,SQ2505E186R2,HIGH,FOUND
SQ2505G011\SQ2505G011 Offer GC_Display Upgradations_HMD.txt,SQ2505G011,HIGH,FOUND
SQ2505G012\SQ2505G012 Offer for GC Spares_HMD.txt,SQ2505G012,HIGH,FOUND
SQ2505G013\SQ2505G013R1 OFFER- Quotation for Gas Analyser Repair Charges -Welspun U6E .txt,SQ2505G013R1,HIGH,FOUND
SQ2505G014\2407GS032R5 Nayara PPU Spares for Analysers and SHS.txt,2407GS032R5,HIGH,NOT_FOUND
SQ2505G014\SQ2505G014 NAYARA Siemens Ana. Spares.txt,SQ2505G015,HIGH,NOT_FOUND
SQ2505G015\2407GS032R5 Nayara PPU Spares for Analysers and SHS.txt,2407GS032R5,HIGH,NOT_FOUND
SQ2505G015\SQ2505G015 NAYARA PPU GC Spares.txt,SQ2505G015,HIGH,NOT_FOUND
SQ2505G023\QUOTATION FOR SERVICE ENGINEER.txt,SQ2505G023,HIGH,FOUND
SQ2505H068\OFFER-SQ2505H068R1-CHETTINAD CEMENT GUNTUR-SOV.txt,SQ2505H068R1,HIGH,FOUND
SQ2505H069\OFFER-SQ2505H069-CHETTINAD CEMENT-ARC.txt,SQ2505H069,HIGH,FOUND
SQ2505H070\OFFER-SQ2505H070-BHARATHI CEMENT-SPARES.txt,SQ2505H070,HIGH,FOUND
SQ2505H070\OFFER-SQ2505H070R1-BHARATHI CEMENT-SPARES.txt,SQ2505H070R1,HIGH,FOUND
SQ2505H070\OFFER-SQ2505H070R2-BHARATHI CEMENT-SPARES.txt,SQ2505H070R2,HIGH,FOUND
SQ2505H071\OFFER-SQ2505H071-CHETTINAD GUNTUR-SOV.txt,SQ2505H071,HIGH,FOUND
SQ2505H072\OFFER-SQ2505H072-VOLTA IMPEX-O61.txt,SQ2505H072,HIGH,FOUND
SQ2505H073\OFFER-SQ2505H073-MY HOME-O2 SENSOR.txt,SQ2505H073,HIGH,FOUND
SQ2505H074\OFFER-SQ2505H074-UTCL BALAJI-SHS SPARES.txt,SQ2505H074,HIGH,FOUND
SQ2505H075\OFFER-SQ2505H075-ELLENBARRIE-CYLINDER.txt,SQ2505H075,HIGH,NOT_FOUND
SQ2505H076\OFFER-SQ2505H076-CHETTINAD GUNTUR-SILLICON SPARES.txt,SQ2505H076,HIGH,FOUND
SQ2505H077\OFFER-SQ2505H077-KALBURGI CEMENT-SPARES.txt,SQ2505H077,HIGH,FOUND
SQ2505H078\PRICED OFFER-SQ2505H078-ZUARI SITAPURAM-PUMPS.txt,SQ2505H078,HIGH,FOUND
SQ2505H079\BID_NIT Documents.txt,T7I1Y64922,HIGH,FOUND
SQ2505H079\PRICED OFFER-SQ2505H079R1-BHEL_AMETEK_T7I1Y64922.txt,SQ2505H079R1,HIGH,FOUND
SQ2505H079\TECHNICAL OFFER-SQ2505H079R1-BHEL_AMETEK_T7I1Y64922.txt,SQ2505H079R1,HIGH,FOUND
SQ2505N092\PRICED OFFER-SQ2505N092-WONDER CEMENT-PTFE TUBE.txt,SQ2505N092,HIGH,FOUND
SQ2505N094\PRICED OFFER-SQ2505N094-UTCL PALI-FILTER.txt,SQ2505N094,HIGH,FOUND
SQ2505N095R1\OFFER-SQ2505N095R1-HEIDELBERG JHANSI-SPARES.txt,SQ2505N095R1,HIGH,NOT_FOUND
SQ2505N096\Priced Offer # SQ2505N096- RRVUNL-AMC for AAQMS Systems-461518_1.txt,SQ2505N096,HIGH,FOUND
SQ2505N097\PRICED OFFER-SQ2505N097R1-JSW BARMER-SPARES.txt,SQ2505N097R1,HIGH,FOUND
SQ2505N098\OFFER-SQ2505N098 -AMBUJA MARWAR-SPARES.txt,SQ2505N098,HIGH,NOT_FOUND
SQ2505N099\PRICED OFFER-SQ2505N099-UTCL ADITYA-CART FILTER.txt,SQ2505N099,HIGH,FOUND
SQ2505N100\OFFER- SQ2505N100 Quotation for Gas Analyser Repair Charges -Sravanthi energy.txt,SQ2504E126,HIGH,FOUND
SQ2505N102\OFFER-SQ2505N102-AMBUJA DARLAGHAT-SPARES.txt,SQ2505N102,HIGH,FOUND
SQ2505N103\PRICED OFFER-SQ2505N103-UTCL ADITYA-PUMP.txt,SQ2505N103,HIGH,FOUND
SQ2505N105\OFFER-SQ2505N105-UTCL BIRLA WHITE-CERAMIC FILTER.txt,SQ2505N105,HIGH,FOUND
SQ2505N106\PRICED OFFER_SQ2505N106_HMEL-9044-3100001733.txt,SQ2505N106,HIGH,NOT_FOUND
SQ2505N107\OFFER-SQ2505N107-UTCL BIRLA WHITE-PT.txt,SQ2505N107,HIGH,NOT_FOUND
SQ2505N108\OFFER-SQ2505N108-UTCL BIRLA WHITE-PUMP.txt,SQ2505N108,HIGH,FOUND
SQ2505N110\OFFER-SQ2505N110-UTCL ADITYA-SPARES.txt,SQ2505N110,HIGH,FOUND
SQ2505N113\PRICED OFFER-SQ2505N113R1-NFL-ANALYSER SPR-7117592.txt,SQ2505N113R1,HIGH,NOT_FOUND
SQ2505N119\OFFER-SQ2505N119-UPL LTD_SERVICE.txt,SQ2505N119,HIGH,FOUND
SQ2505N119\OFFER-SQ2505N119R1-UPL LTD_SERVICE & CYLINDER.txt,SQ2505N119R1,HIGH,FOUND
SQ2505N121\OFFER-SQ2504N066R1-ACC GAGAL-U23.txt,SQ2504N066R1,HIGH,FOUND
SQ2505N121\OFFER-SQ2505N121R2-ACC GAGAL-SPARES.txt,SQ2505N121R2,HIGH,NOT_FOUND
SQ2505W044\OFFER-SQ2505W044-ENORISE-SPARES.txt,SQ2505W044,HIGH,NOT_FOUND
SQ2505X019\OFFER-SQ2504X019-NINH DA-SPARES.txt,SQ2504X019,HIGH,NOT_FOUND
SQ2505X019\OFFER-SQ2504X019R1-NINH DA-SPARES.txt,SQ2504X019R1,HIGH,NOT_FOUND
SQ2505X021\SERVICE OFFER-SQ2505X021-EMERSON_TRAINING-GC.txt,SQ2505X021,HIGH,NOT_FOUND
SQ2505X024\OFFER-SQ2505X024-SONAPUR CEMENT-U23 & SPARES.txt,SQ2505X024,HIGH,FOUND
SQ2505X024\OFFER-SQ2505X024R1-Sonapur Minerals & Oil Ltd-Analyser and spares.txt,SQ2505X024R1,HIGH,FOUND
SQ2506B046\OFFER-SQ2506B046-JSW BELLARY-ANALYSER SPARES.txt,SQ2506B046,HIGH,NOT_FOUND
SQ2506B047\OFFER-SQ2506B047-YOKOGAWA-ANALYSERS.txt,SQ2506B047,HIGH,FOUND
SQ2506B047\OFFER-SQ2506B047R1-YOKOGAWA-U23.txt,SQ2506B047R1,HIGH,FOUND
SQ2506B047\OFFER-SQ2506B047R2-YOKOGAWA-U23.txt,SQ2506B047R2,HIGH,FOUND
SQ2506B047\OFFER-SQ2506B047R3-YOKOGAWA-U23.txt,SQ2506B047R3,HIGH,FOUND
SQ2506B048\OFFER-SQ2506B048-JSW VIJAYANAGAR-ANALYSER & SPARES.txt,SQ2506B048,HIGH,FOUND
SQ2506B049\OFFER-SQ2506B049-SYNEGENE-O2 CELL.txt,SQ2506B049,HIGH,FOUND
SQ2506B050\OFFER-SQ2506B050-MCF-LDS SPARES.txt,SQ2506B050,HIGH,FOUND
SQ2506B051\SQ2506B051_AMC QUOTATION.txt,SQ2506B051,HIGH,NOT_FOUND
SQ2506B052\PRICED OFFER-SQ2506B052-YOKOGAWA-LDS6.txt,SQ2506B052R1,HIGH,FOUND
SQ2506B052\TECHNICAL OFFER-SQ2506B052-YOKOGAWA-LDS6.txt,SQ2506B052,HIGH,FOUND
SQ2506B053\OFFER-SQ2506B053-GRASIM-SPARES.txt,SQ2506B053,HIGH,FOUND
SQ2506B054\OFFER-SQ2506B054-ORIENT CEMENT_CHITTAPUR-SPARES.txt,SQ2506B054,HIGH,FOUND
SQ2506C023\OFFER-SQ2506C023-PEIIC-DISPLAY.txt,SQ2506C023,HIGH,NOT_FOUND
SQ2506C027\1755661095-PRICED.txt,SQ2506C027R2,HIGH,FOUND
SQ2506C027\OFFER-SQ2506C027-BPCL KOCHI-CAMC DISTILLATION.txt,SQ2506C027,HIGH,FOUND
SQ2506C032\OFFER-SQ2506C032-BPCL KOCHI-ARC FOR GW NIR_AMETEK_PAC_ICON ANALYSERS.txt,SQ2506C032,HIGH,FOUND
SQ2506C033\OFFER-SQ2506C033-FACT-U23.txt,SQ2506C033,HIGH,FOUND
SQ2506C034\OFFER-SQ2506C034-LNVT-SCAVENGING PANEL.txt,SQ2506C034,HIGH,FOUND
SQ2506C035\PRICED OFFER-SQ2506C035-RAMCO ALATHIYUR-PUMP.txt,SQ2506C035,HIGH,FOUND
SQ2506C036\OFFER-SQ2506C036-RAMCO-O61-REPAIRING-NEW-BUYBACK.txt,SQ2506C036,HIGH,NOT_FOUND
SQ2506C037\OFFER-SQ2506C037-IV SOURCING-GC SPARES.txt,SQ2506C037,HIGH,NOT_FOUND
SQ2506E187\OFFER-SQ2506E187-IOCL BARAUNI-AMETEK SPARES.txt,SSQ2506E187,HIGH,NOT_FOUND
SQ2506E188\OFFER-SQ2506E188R1-FIVES STEIN-8668.txt,SQ2506E188R1,HIGH,FOUND
SQ2506E189\OFFER-SQ2506E189-SHREE CEMENT RAIPUR-SERVICE.txt,SQ2506E189,HIGH,FOUND
SQ2506E203\PRICED OFFER-SQ2506E203-UTCL HIRMI-SPARES.txt,SQ2506E203,HIGH,FOUND
SQ2506E205\OFFER-SQ2506E205R2-AMBUJA BHATAPARA-MODIFICATION SPARES.txt,SQ2506E205R2,HIGH,NOT_FOUND
SQ2506E206\OFFER-SQ2506E206-SAIL IISCO BURNPUR-SPARES.txt,SQ2506E206,HIGH,FOUND
SQ2506E206\OFFER-SQ2506E206R1-SAIL IISCO BURNPUR-SPARES.txt,SQ2506E206R1,HIGH,FOUND
SQ2506E209\OFFER-SQ2506E209-JSW BPSL-U23 & SPARES.txt,SQ2506E209,HIGH,NOT_FOUND
SQ2506E210\OFFER-SQ2506E210-ELLENBARRIE-DEW POINT TRANSMITTER.txt,SQ2506E210,HIGH,FOUND
SQ2506E211\Technical offer-2700019893-AMC-R1.txt,SQ2506E211R1,HIGH,NOT_FOUND
SQ2506E211\Technical offer-SQ2506E211-Jindal Stainless Limited-2700019893-AMC.txt,SQ2506E211,HIGH,NOT_FOUND
SQ2506E212\PRICED OFFER-SQ2506E212-UTCL HIRMI-SPARES.txt,SQ2506E212,HIGH,FOUND
SQ2506E216\OFFER-SQ2506E216-VOLTECH-SPARES.txt,SQ2506E216,HIGH,NOT_FOUND
SQ2506E217\OFFER-SQ2506E217-SAIL ISP-PUMP-BAG OF SPARES.txt,SQ2506E217,HIGH,NOT_FOUND
SQ2506E217\OFFER-SQ2506E217R1-SAIL ISP-PUMPS.txt,SQ2506E217R1,HIGH,NOT_FOUND
SQ2506E218\OFFER-SQ2506E218-ACC JAMUL-SPARES.txt,SQ2506E218,HIGH,FOUND
SQ2506E219\TECHNICAL OFFER-SQ2506E219-TSL MERAMANDLI-CV SPARES.txt,SQ2506E219,HIGH,FOUND
SQ2506E225\OFFER-SQ2506E225-TATA KPO-HEATED FILTER ASSEMBLY.txt,SQ2506E225,HIGH,FOUND
SQ2506E226\OFFER-SQ2506E226-ADITYAPUR WASTE MANAGEMENT-COOLER.txt,SQ2506E226,HIGH,FOUND
SQ2506E227\TECHNICAL OFFER-SQ2506E227-TSL JSR-ARC.txt,SQ2506E227,HIGH,FOUND
SQ2506E228\PRICED OFFER-SQ2506E228-JSW JAJPUR-REFILLING CYLINDER.txt,SQ2506E228,HIGH,FOUND
SQ2506E229\OFFER-SQ2506E229-TSL JSR-ALIGNMENT KIT.txt,SQ2506E229,HIGH,FOUND
SQ2506E231\OFFER-SQ2506E231-ISGEC-CYLINDER REFILLING.txt,SQ2506E231,HIGH,FOUND
SQ2506E232\OFFER-SQ2506E232-DB POWER-SPARES.txt,SQ2506E232,HIGH,FOUND
SQ2506E232\OFFER-SQ2506E232R1-DB POWER LTD-1000009368-SPARES.txt,SQ2506E232R1,HIGH,FOUND
SQ2506E233\OFFER-SQ2506E233-DB POWER LIMITED-SPARES.txt,SQ2506E233,HIGH,FOUND
SQ2506E233\OFFER-SQ2506E233R1-DB POWER-1000012796.txt,SQ2506E233R1,HIGH,FOUND
SQ2506E234\OFFER-SQ2506E234-NUVOCO-MMI.txt,SQ2506E234,HIGH,FOUND
SQ2506E235\OFFER-SQ2506E235-AMBUJA BHATAPARA-SERVICE.txt,SQ2506E235,HIGH,FOUND
SQ2506E236\OFFER-SQ2506E236-JAYASWAL NECO-SERVICE.txt,SQ2506E236,HIGH,FOUND
SQ2506E237\SQ2506E237-SOW.txt,,LOW,NOT_FOUND
SQ2506E238\TECHNICAL OFFER-SQ2506E238-IOCL DIGBOI-6224623.txt,SQ2506E238,HIGH,FOUND
SQ2506E239\TECHNICAL OFFER-SQ2506E239-TSL JSR-ARC.txt,SQ2506E239,HIGH,FOUND
SQ2506E241\OFFER-SQ2506E241-NMDC-HTT.txt,SQ2506E241,HIGH,NOT_FOUND
SQ2506E241\OFFER-SQ2506E241R1-NMDC-HTT.txt,SQ2506E241R1,HIGH,NOT_FOUND
SQ2506E241R2\PRICED OFFER-SQ2506E241R2-NMDC-HTT-7147785_AA.txt,SQ2506E241R2,HIGH,FOUND
SQ2506E242\SQ2506E242_AMC OFFER JITPL.txt,SQ2506E242,HIGH,NOT_FOUND
SQ2506E243\PRICED OFFER-SQ2506E243-UTCL HIRMI-SPARES.txt,SQ2506E243,HIGH,FOUND
SQ2506E244\TECHNICAL OFFER-SQ2506E244-IOCL PARADEEP_AMC-6375270.txt,SQ2506E244,HIGH,FOUND
SQ2506E245\OFFER-SQ2506E245-IOCL BAROUNI AMETEK ARC.txt,SQ2506E245,HIGH,FOUND
SQ2506E246\OFFER-SQ2506E246-BVFCL-GA700.txt,SQ2506E246,HIGH,FOUND
SQ2506E246\PRICED OFFER-SQ2506E246R1-BVFCL-GA700.txt,SQ2506E246R1,HIGH,FOUND
SQ2506G025\OFFER-SQ2501G003-JK PAPER-O2 SENSOR.txt,SQ2502G003,HIGH,FOUND
SQ2506G029\SQ2506G029 Offern for H2 Analyser Keypad.txt,SQ2506G029,HIGH,NOT_FOUND
SQ2506G031\OFFER- SQ2505W043 Quotation for Gas Analyser Repair Charges -Torrent Power.txt,SQ2505W043,HIGH,NOT_FOUND
SQ2506G032\OFFER-SQ2506G032-RIL JMD-HVAC SPARES.txt,SQ2506G032,HIGH,NOT_FOUND
SQ2506G033\SQ2506G033 Offer for CO addition in Ultramat 6E analyser_ HMD.txt,SQ2506G033,HIGH,FOUND
SQ2506G034\SQ2506G034_Technical_Offer.txt,SQ2506GS034,HIGH,NOT_FOUND
SQ2506G035\SQ2506G035 Offer for Ultramat 6E analyser measurement of CO_NO_SO2_ HMD.txt,SQ2506G035,HIGH,FOUND
SQ2506G036\2505GS018R1 Birla Copper GC Spares.txt,2505GS018,HIGH,NOT_FOUND
SQ2506G037\SQ2506G037 GNFC Ultramat 6F Spares.txt,SQ2506G037,HIGH,NOT_FOUND
SQ2506G038\2) TECHNICAL OFFER-SQ2506G038-IOCL GUJ_AMC-6373545.txt,SQ2506G038,HIGH,FOUND
SQ2506H082\OFFER-SQ2506H082-VICAT SAGAR-LDS SPARES.txt,SQ2506H082,HIGH,FOUND
SQ2506H083\SCREENSHOTS.txt,,LOW,FOUND
SQ2506H087\OFFER-SQ2506H087-BHEL-LDS SPARES.txt,SQ2506H087,HIGH,FOUND
SQ2506H090\OFFER-SQ2506H090-CHETTINAD GUNTUR-SPARES.txt,SQ2506H090,HIGH,FOUND
SQ2506H091\OFFER-SQ2506H091-UTCL SEDAM-ANALYSER SPARES.txt,SQ2506H091,HIGH,FOUND
SQ2506H092\OFFER-SQ2506H092-RAIN CEMENT-O2 SENSOR.txt,SQ2506H092,HIGH,FOUND
SQ2506H093\OFFER-SQ2506H093-VOLTA IMPEX-O2 SENSOR.txt,SQ2506H093,HIGH,FOUND
SQ2506H094\TECH BID.txt,SQ2506H094,HIGH,NOT_FOUND
SQ2506H095\OFFER-SQ2506H095-ORIENT CEMENT-SPARES.txt,SQ2506H095,HIGH,FOUND
SQ2506H096\OFFER-SQ2506H096-COROMANDEL KAKINADA-REPAIRING WINDOW MODULE.txt,SQ2506H096,HIGH,FOUND
SQ2506H097\OFFER-SQ2506H097-SAGAR CEMENT-SPARES.txt,SQ2506H097,HIGH,FOUND
SQ2506H098\OFFER-SQ2506H098-KCP-O61.txt,SQ2506H098,HIGH,FOUND
SQ2506H099\PRICED OFFER-SQ2506H099-JSW NANDYAL-SPARES.txt,SQ2506H099,HIGH,FOUND
SQ2506H100\OFFER-SQ2506H100-VICAT SAGAR-SERVICE.txt,SQ2506H100,HIGH,FOUND
SQ2506H101\TECHNICAL OFFER-SQ2411H129R1-CEMENT CORPORATION-6290714.txt,SQ2411H129R1,HIGH,FOUND
SQ2506H102\OFFER-SQ2506H102-KALBURGI CEMENT-SPARES.txt,SQ2506H102,HIGH,FOUND
SQ2506H103\OFFER-SQ2506H103-KCP MUKTALAYA-O61 SPARES.txt,SQ2506H103,HIGH,FOUND
SQ2506H104\OFFER-SQ2506H104-CHETTINAD GUNTUR-HEAT EXCHANGER.txt,SQ2506H104,HIGH,FOUND
SQ2506H104\OFFER-SQ2506H104R1-CHETTINAD GUNTUR-HEAT EXCHANGER.txt,SQ2506H104R1,HIGH,FOUND
SQ2506H105\TECHNO-COMMERCIAL QUOTATION.txt,XXXXXXXXXX,HIGH,NOT_FOUND
SQ2506H106\QUOTATION FOR EXPER ENGINEER (1).txt,SQ2506H106,HIGH,NOT_FOUND
SQ2506H106\QUOTATION FOR EXPER ENGINEER.txt,SQ2506H106,HIGH,NOT_FOUND
SQ2506N124\OFFER-SQ2505N101-GVK-SERVICE-50007232.txt,SQ2505N101,HIGH,FOUND
SQ2506N124\QUOTATION FOR EXPER ENGINEER-SQ2506N124.txt,SQ2506N124,HIGH,NOT_FOUND
SQ2506N128\PRICED OFFER-SQ2506N128-KFL-P064000309-CGA SPARES.txt,SQ2506N128,HIGH,FOUND
SQ2506N131\PRICED OFFER-SQ2506N131-UTCL KOTPUTALI-FLOW SWITCH.txt,SQ2506N131,HIGH,FOUND
SQ2506N132\PRICED OFFER-SQ2506N132-WONDER CEMENT-SPARES.txt,SQ2506N132,HIGH,FOUND
SQ2506N134\OFFER-SQ2506N134-AMBUJA SULI-SERVICE.txt,SQ2506N134,HIGH,FOUND
SQ2506N135\PRICED OFFER-SQ2506N135-UTCL BAGA-SPARES.txt,SQ2506N135,HIGH,FOUND
SQ2506N136\PRICED OFFER-SQ2506N136-UTCL PALI-CARTRIDGE FILTER.txt,SQ2506N136,HIGH,FOUND
SQ2506N141\QUOTATION FOR AMC-xxxxx-UTCL KOTPUTALI.txt,Date,HIGH,NOT_FOUND
SQ2506N142\OFFER-SQ2506N142-ACC LAKHERI-SPARES.txt,SQ2506N142,HIGH,FOUND
SQ2506N142\OFFER-SQ2506N142R1-ACC LAKHERI-SPARES.txt,SQ2506N142R1,HIGH,FOUND
SQ2506N143\PRICED OFFER-SQ2506N143-DELHI MSW-6100298186.txt,SQ2506N143,HIGH,FOUND
SQ2506N144\OFFER-SQ2506N144-CHAMBAL FERTILIZERS-LDS SPARES.txt,SQ2506N144,HIGH,FOUND
SQ2506N146\OFFER-SQ2506N146-L&T-SPARES.txt,SQ2506N146,HIGH,FOUND
SQ2506N147\OFFER-SQ2506N147-AMBUJA DARLAGHAT-HMI.txt,SQ2506N147,HIGH,FOUND
SQ2506N148\OFFER-SQ2506N148-ARIES-ANALYSER.txt,SQ2506N148,HIGH,FOUND
SQ2506N149\OFFER-SQ2506N149-GAIL-SPARES.txt,EMAIL,HIGH,FOUND
SQ2506N150\OFFER-SQ2506N150-BIRLA CORPORATION-6000239221.txt,SQ2506N150,HIGH,FOUND
SQ2506N151\OFFER-SQ2506N151R1-HARDUAGANJ-PUMP.txt,SQ2506N151R1,HIGH,NOT_FOUND
SQ2506W052\SQ2506W052 OFFER FOR SPARE FOR HPCL AMETEK ANALYSERS.txt,SQ2506W052,HIGH,NOT_FOUND
SQ2506W052R1\PRICED OFFER-SQ2506W052R1-HPCL MUMBAI-6932614.txt,SQ2506W052R1,HIGH,FOUND
SQ2506W053\TECHNICAL OFFER-SQ2506W053_SERVICE & AMC-6307105.txt,SQ2506W053,HIGH,NOT_FOUND
SQ2506W068\SQ2506W068 OFFER FOR SPARE FOR HINDALCO MAHAN.txt,SQ2506W068,HIGH,NOT_FOUND
SQ2506W077\SQ2506W077 Offer For GC Spares RIL_ HMD.txt,SQ2506W077,HIGH,FOUND
SQ2506W078\SQ2506WS078 OFFER FOR SPARE FOR UTCL GCW.txt,SQ2506WS078,HIGH,NOT_FOUND
SQ2506W081\SQ2506WS081 OFFER FOR SPARE FOR UTCL GCW.txt,SQ2506WS081,HIGH,NOT_FOUND
SQ2506W082\SQ2506WS082 OFFER FOR SPARE FOR UTCL SEWAGRAM CEMENT.txt,SQ2506WS082,HIGH,NOT_FOUND
SQ2506W088\SQ2506W088 - OFFER FOR GAS ANALYSER MODULE CO & O2-JSW DOLVI BF 2-PCI.txt,SQ2506W088,HIGH,FOUND
SQ2506W096\SQ2506W096 OFFER FOR SPARE FOR UTCL RAJASHREE CEMENT WORKS.txt,SQ2506WS096,HIGH,NOT_FOUND
SQ2506W098\SQ2506W098 OFFER FOR GAS ANALYSER MODULE FOR UTCL GCW CEMENT WORKS.txt,SQ2506W098,HIGH,FOUND
SQ2506W100\SQ2506W100 OFFER FOR SPARE FOR UTCL RAJASHREE CEMENT WORKS.txt,SQ2506W100,HIGH,NOT_FOUND
SQ2506W101\SQ2506WS101 OFFER FOR SPARE FOR UTCL GCW.txt,SQ2506WS101,HIGH,NOT_FOUND
SQ2506W101\SQ2506WS101R1 OFFER FOR SPARE FOR UTCL GCW.txt,SQ2506WS101R1,HIGH,NOT_FOUND
SQ2506W112\SQ2506W112 - OFFER FOR GAS ANALYSER SPARES-DALMIA CEMENT WORKS.txt,SQ2506W112,HIGH,FOUND
SQ2506W119\SQ2506W119_TECHNO_COMMERCIAL QUOTATION.txt,SQ2506W119,HIGH,NOT_FOUND
SQ2506W120\SQ2506W120 OFFER FOR SPARE FOR UTCL GCW.txt,SQ2506W120,HIGH,NOT_FOUND
SQ2506W133\SQ2506W133 OFFER FOR SPARE FOR UTCL RAJASHREE CEMENT WORKS.txt,SQ2506W133,HIGH,NOT_FOUND
SQ2506W135\SQ2506W135 SPARES FOR SKODA AUTO 1.txt,SQ2506W135,HIGH,FOUND
SQ2506W136\SQ2506W136 OFFER FOR SPARE FOR UTCL GCW.txt,SQ2506WS136,HIGH,NOT_FOUND
SQ2506W137\SQ2506W137 SPARES OFFER FOR Vikram Cement Works.txt,SQ2506W137,HIGH,FOUND
SQ2506W139\SQ2506W139 QUOTATION FOR GAS ANALYSER REPAIR - RIL DMD LDS 6.txt,SQ2506W139,HIGH,FOUND
SQ2506W140\SQ2506W140 - OFFER FOR O2 GAS ANALYSER MODULE-JSW DOLVI.txt,SQ2506W140,HIGH,FOUND
SQ2506W141\SQ2506W141 OFFER FOR SPARE FOR TNBI Industries.txt,SQ2506W141,HIGH,NOT_FOUND
SQ2506W142\SQ2506W142 Offer For GC Spares_ RIL JMD.txt,SQ2506W142,HIGH,FOUND
SQ2506W143\SQ2506W143 Offer For GC Spares_ RIL JMD.txt,SQ2506W143,HIGH,FOUND
SQ2506W144\SQ2506W144 OFFER FOR GAS ANALYSER MODULE FOR TBNI Industries.txt,SQ2506W144,HIGH,FOUND
SQ2506W145\SQ2506W145 - OFFER FOR GAS ANALYSER SPARES-JSW DOLVI.txt,SQ2506W145,HIGH,FOUND
SQ2506W147\SQ2506W147 - OFFER FOR GAS ANALYSER SPARES-AMBUJA MARATHA CPP.txt,SQ2506W147,HIGH,FOUND
SQ2506W148\OFFER-SQ2506W148-FINOLEX-DETECTOR..txt,SQ2506W148,HIGH,FOUND
SQ2506W148\OFFER-SQ2506W148R1-FINOLEX-BUYBACK.txt,SQ2506W148R1,HIGH,FOUND
SQ2506W149\OFFER-SQ2506W149-E&H-SPARES.txt,SQ2506W149,HIGH,NOT_FOUND
SQ2506W150\SQ2506W150 OFFER FOR GAS ANALYSER SPARE FOR UTCL GCW.txt,SQ2506W150,HIGH,NOT_FOUND
SQ2506W150\SQ2506W150R1 OFFER FOR GAS ANALYSER SPARE FOR UTCL GCW.txt,SQ2506W150R1,HIGH,NOT_FOUND
SQ2506W152\SQ2506W152- OFFER FOR GAS ANALYSER SPARES-SUNFLAG STEEL.txt,SQ2506W152,HIGH,FOUND
SQ2506W153\SQ2506W153 Offer For GC Spares RIL_ DMD.txt,SQ2506W153,HIGH,FOUND
SQ2506W154\SQ2506W154 - OFFER FOR GAS ANALYSER SPARES-JSW DOLVI.txt,SQ2506W154,HIGH,FOUND
SQ2506W155\SQ2506W155 OFFER FOR SPARE FOR UTCL GCW.txt,SQ2506W155,HIGH,NOT_FOUND
SQ2506W156\OFFER-SQ2506W156-PARADEEP PHOPHATES-LDS 6.txt,SQ2506W156,HIGH,FOUND
SQ2506X029\OFFER-SQ2506X029-JSC AVTOMATIKA-SPARES.txt,SQ2506X029,HIGH,NOT_FOUND
SQ2506X029\OFFER-SQ2506X029R1-JSC AVTOMATIKA-SPARES.txt,SQ2506X029R1,HIGH,NOT_FOUND
SQ2506X030\OFFER-SQ2506X030-NATIONAL CEMENT-SPARES.txt,SQ2506X030,HIGH,FOUND
SQ2506X031\OFFER-SQ2506X031-VIKTORI-FILTER.txt,SQ2506X031,HIGH,NOT_FOUND
SQ2507B055\OFFER-SQ2507B055-ORIENT CEMENT-FILTERS.txt,SQ2507B055,HIGH,FOUND
SQ2507B056\TECHNICAL OFFER-SQ2507B056-JSW VIJAYANAGAR-SPARES.txt,SQ2507B056,HIGH,FOUND
SQ2507B057\OFFER-SQ2507B057-JAMIPOL-U6-O61.txt,SQ2507B057,HIGH,FOUND
SQ2507B058\OFFER-SQ2507B058-BIRLA OPUS-SERVICE.txt,SQ2507B058,HIGH,FOUND
SQ2507B059\SOW-Union CV ANALYSER Calibration & Service.txt,,LOW,NOT_FOUND
SQ2507B060\JK CEMENT - CEMS ANALYSER OFFER.txt,SQ2507B060,HIGH,FOUND
SQ2507B061\OFFER-SQ2507B061-JSW VIJAYANAGAR-CV SPARES.txt,SQ2507B061,HIGH,FOUND
SQ2507B062\OFFER-SQ2507B062-JSW VIJAYANAGAR-NEW CYLINDER.txt,SQ2507B062,HIGH,NOT_FOUND
SQ2507B063\OFFER-SQ2507B063-KALYANI STEEL-SPARES.txt,SQ2507B063,HIGH,FOUND
SQ2507C038\OFFER-SQ2507C038-COROMANDEL RANIPET-PCB2.txt,SQ2507C038,HIGH,FOUND
SQ2507C039\OFFER-SQ2507C039-RAMKY-FILTER-PUMP.txt,SQ2507C039,HIGH,FOUND
SQ2507C040\OFFER-SQ2507C040-RAMCO RR NAGAR-SHS SPARES.txt,SQ2507C040,HIGH,FOUND
SQ2507C041\OFFER-SQ2507C041-RAMKY-SAMPLE GAS PUMP-6100301755.txt,SQ2507C041,HIGH,FOUND
SQ2507C042\OFFER-SQ2507C042-BIOJENIK-U23.txt,SQ2507C042,HIGH,FOUND
SQ2507C043\OFFER-SQ2507C043-JSW SALEM-SPARES.txt,SQ2507C043,HIGH,FOUND
SQ2507C044\PRICED OFFER-SQ2507C044-RAMCO RR NAGAR-SPARES.txt,SQ2507C044,HIGH,FOUND
SQ2507C045\OFFER-SQ2507C045-MRF-SPARES.txt,SQ2507C045,HIGH,FOUND
SQ2507C046\OFFER-SQ2507C046-MEPCO-CART FILTER.txt,SQ2507C046,HIGH,FOUND
SQ2507E247\PRICED OFFER-SQ2507E247-JSW SHIVA-PTFE TUBE.txt,SQ2507E247,HIGH,FOUND
SQ2507E248\OFFER-SQ2507E248-TATA KPO-PROBE & REGULATORS.txt,SQ2507E248,HIGH,FOUND
SQ2507E248\TECHNICAL OFFER-SQ2507E248R1-TATA KPO-PROBE-REGULATORS-FILTER ASSEMBLY.txt,SQ2507E248R1,HIGH,FOUND
SQ2507E249\OFFER-SQ2507E249-UTCL DANKUNI-SPARES.txt,SQ2507E249,HIGH,FOUND
SQ2507E250\OFFER-SQ2507E250-HILLS CEMENT-SS FILTER.txt,SQ2507E250,HIGH,FOUND
SQ2507E251\OFFER-SQ2507E251-SIEMENS-SERVICE.txt,SQ2507E251,HIGH,FOUND
SQ2507E252\PO_8137026712.txt,,LOW,FOUND
SQ2507E253\SQ2507E253_TECHNO_COMMERCIAL QUOTATION.txt,SQ2507E253,HIGH,NOT_FOUND
SQ2507E254\OFFER-SQ2507E254-Meghalaya Cements Ltd-SO2 ANALYSER -1100068223.txt,SQ2507E254,HIGH,FOUND
SQ2507E255\OFFER-SQ2507E255-Mogli Labs- AUTO CONDENSATE PUMP.txt,SQ2507E255,HIGH,FOUND
SQ2507E256\TECHNICAL OFFER-SQ2507E256-TATA NINL-BAG OF SPARES.txt,SQ2507E256,HIGH,FOUND
SQ2507E257\e-Proc_sub_AUTO CONDENSATE PUMP_24 VDC_FM.txt,,LOW,FOUND
SQ2507E258\OFFER-SQ2507E258-TATA NINL-SS FILTER.txt,SQ2507E258,HIGH,FOUND
SQ2507E259\OFFER-SQ2507E259-UTCL KUKURDIH-O2 module.txt,SQ2507E259,HIGH,NOT_FOUND
SQ2507E260\PRICED OFFER-SQ2507E260-JSW BPSL-SPARES.txt,SQ2507E260,HIGH,FOUND
SQ2507E261\OFFER-SQ2507E261-SAIL RSP-PROBE ASSEMBLY.txt,SQ2507E261,HIGH,FOUND
SQ2507E262\SCREENSHOTS-6451511.txt,,LOW,FOUND
SQ2507E264\OFFER-SQ2507E264-ACC BARGARH-SPARES.txt,SQ2507E264,HIGH,FOUND
SQ2507E265\OFFER-SQ2507E265-AMRIT CEMENT-SHS SPARES.txt,SQ2507E265,HIGH,FOUND
SQ2507E266\OFFER-SQ2507E266-TSL MERAMANDLI-CDQ MODIFICATION.txt,SQ2507E266,HIGH,NOT_FOUND
SQ2507E267\OFFER-SQ2507E267-TATA KPO-CV SPARES.txt,SQ2507E267,HIGH,FOUND
SQ2507E267\OFFER-SQ2507E267R1-TATA KPO-CV SPARES.txt,SQ2507E267R1,HIGH,FOUND
SQ2507E268\OFFER-SQ2507E268-JSPL-CV SPARES-98615.txt,SQ2507E268,HIGH,FOUND
SQ2507E269\OFFER-SQ2507E269-JSPL-CV SPARES-0012 BD.txt,SQ2507E269,HIGH,FOUND
SQ2507E270\TECHNICAL OFFER-SQ2507E270-TATA NINL-SHS SPARES.txt,SQ2507E270,HIGH,FOUND
SQ2507E271\OFFER-SQ2507E271-ADANI WILMAR-FILTER TAPE.txt,SQ2507E271,HIGH,FOUND
SQ2507E272\OFFER-SQ2507E272-UTCL KUKURDIH-SERVICE.txt,SQ2507E272,HIGH,FOUND
SQ2507E273\PRICED OFFER-SQ2507E273-UTCL RAWAN-PROBE.txt,SQ2507E273,HIGH,FOUND
SQ2507E274\OFFER-SQ2507E274-USHA MARTIN-REFILLING CYLINDER.txt,SQ2507E274,HIGH,FOUND
SQ2507E275\OFFER-SQ2507E275-WBWML-REFILLING CYLINDER.txt,SQ2507E275,HIGH,FOUND
SQ2507E276\PRICED OFFER-SQ2507E276-SAIL BURNPUR-SERVICE_6449513.txt,SQ2507E276,HIGH,FOUND
SQ2507E277\OFFER-SQ2507E277-DALMIA RAJGANGPUR-U23.txt,SQ2507E277,HIGH,NOT_FOUND
SQ2507E277\PRICED OFFER-SQ2507E277R1-DALMIA RAJGANGPUR-U23.txt,SQ2507E277R1,HIGH,NOT_FOUND
SQ2507E278\PRICED OFFER-SQ2507E278-DALMIA RAJGANGPUR-TUBE ASSEMBLY.txt,SQ2507E278,HIGH,FOUND
SQ2507E279\TECHNICAL OFFER-SQ2507E279-TATA KPO-PUMP.txt,SQ2507E279,HIGH,FOUND
SQ2507E280\OFFER-SQ2507E280-JSL-SITRANS SPARES.txt,SQ2507E280,HIGH,FOUND
SQ2507E281\PRICED OFFER-SQ2507E281-DALMIA MEGHALAYA-ANALYSER SPARES.txt,SQ2507E281,HIGH,FOUND
SQ2507E282\OFFER-SQ2507E282-ADITYAPUR WASTE MANAGEMENT-6100304634.txt,SQ2507E282,HIGH,NOT_FOUND
SQ2507E283\OFFER-SQ2507E283-SAIL BOKARO-ANALYSERS.txt,SQ2507E283,HIGH,NOT_FOUND
SQ2507E283\PRICED OFFER-SQ2507E283R3-SAIL BOKARO-ANALYSERS_O61_U23_5000058199.txt,SQ2507E283R3,HIGH,NOT_FOUND
SQ2507E284\TECHNICAL OFFER-SQ2507E284-TSL JSR-LDS SPARES.txt,SQ2507E284,HIGH,FOUND
SQ2507E285\OFFER-SQ2507E285-JSPL-SPARES.txt,SQ2507E285,HIGH,FOUND
SQ2507E285\OFFER-SQ2507E285R1-1000232222-JSPL-ANGUL SPARES.txt,SQ2507E285R1,HIGH,FOUND
SQ2507E286\OFFER-SQ2507E286-NSPCL-CONVERTER.txt,SQ2507E286,HIGH,NOT_FOUND
SQ2507E287\PRICED OFFER-SQ2507E287-JSL-RING HEATER.txt,SQ2507E287,HIGH,FOUND
SQ2507E288\OFFER-SQ2507E288-UTCL DANKUNI-SPARES.txt,SQ2507E288,HIGH,FOUND
SQ2507E289\TECHNICAL OFFER-SQ2507E289-TSL JSR-PUMP.txt,SQ2507E289,HIGH,FOUND
SQ2507G041\SQ2507G041 QUOTATION FOR OPTO MODULE_HCL - RIL DMD LDS 6.txt,SQ2507G041,HIGH,FOUND
SQ2507G042\SQ2507G042 Nayara GC spares SSO  and Sample loops.txt,SQ2507G042,HIGH,FOUND
SQ2507G043\TECHNO-COMMERCIAL QUOTATION.txt,XXXXXXXXX,HIGH,FOUND
SQ2507G044\QUOTATION FOR SERVICE ENGINEER.txt,SQ2507G044,HIGH,NOT_FOUND
SQ2507G045\SQ2507G045 OFFER FOR GAS ANALYSER SPARE FOR ADANI POWER LTD MUNDRA.txt,SQ2507G045,HIGH,NOT_FOUND
SQ2507G045\SQ2507G045R1 OFFER FOR GAS ANALYSER SPARE FOR ADANI POWER LTD MUNDRA.txt,SQ2507G045R1,HIGH,NOT_FOUND
SQ2507G046\SQ2507G046 Spares for Siemens GC 1000114601 (BPM006703).txt,SQ2507G046,HIGH,FOUND
SQ2507G047\SQ2507G047 OFFER FOR GAS ANALYSER SPARE FOR JINDAL SAW LTD MUNDRA.txt,SQ2507G047,HIGH,NOT_FOUND
SQ2507G047\SQ2507G047R1 OFFER FOR GAS ANALYSER SPARE FOR JINDAL SAW LTD MUNDRA.txt,SQ2507G047R1,HIGH,NOT_FOUND
SQ2507G048\SQ2507G048 OFFER FOR SPARE FOR BAYER VAPI.txt,SQ2507G048,HIGH,NOT_FOUND
SQ2507H107\OFFER-SQ2507H107-CHETTINAD PULIYUR-COOLER-PP.txt,SQ2507H107,HIGH,FOUND
SQ2507H108\OFFER-SQ2507H108-CHETTINAD GUNTUR-CART FILTER.txt,SQ2507H108,HIGH,FOUND
SQ2507H109\OFFER-SQ2507H109-MY HOME-SPARES.txt,SQ2507H109,HIGH,FOUND
SQ2507H110\OFFER-SQ2507H110-PIONEER-FILTER TAPE.txt,SQ2507H110,HIGH,FOUND
SQ2507H111\OFFER-SQ2507H111-Kakatiya Cement-99914.txt,SQ2507H111,HIGH,FOUND
SQ2507H113\TECHNICAL OFFER-SQ2507H113-ZUARI YERRAGUNTLA-U23.txt,SQ2507H113,HIGH,FOUND
SQ2507H114\OFFER-SQ2507H114-UTCL APCW-SO2 DETECTOR.txt,SQ2507H114,HIGH,FOUND
SQ2507H115\OFFER-SQ2507H115-UTCL APCW-SPARES.txt,SQ2507H115,HIGH,FOUND
SQ2507H116\OFFER-SQ2507H116-BHAVYA CEMENT-SPARES.txt,SQ2507H116,HIGH,FOUND
SQ2507H117\OFFER-SQ2507H117-TOSHALI CEMENT-SPARES.txt,SQ2507H117,HIGH,FOUND
SQ2507H118\PRICED OFFER-SQ2507H118-HPCL-VISHAK-6534121.txt,SQ2507H118,HIGH,FOUND
SQ2507H119\OFFER-SQ2507H119-KALBURGI CEMENT-BAG OF SPARES.txt,SQ2507H119,HIGH,FOUND
SQ2507H120\OFFER-SQ2507H120-DECCAN CEMENT-SPARES.txt,SQ2507H120,HIGH,FOUND
SQ2507H121\OFFER-SQ2507H121-DALMIA KADAPA-U23.txt,SQ2507H121,HIGH,FOUND
SQ2507N152\PRICED OFFER-SQ2507N152-WONDER CEMENT-TUBES.txt,SQ2507N152,HIGH,FOUND
SQ2507N153\OFFER-SQ2507N153-INDIA GLYCOLS-GC SPARES.txt,SQ2507N153,HIGH,NOT_FOUND
SQ2507N154\OFFER-SQ2507N154-AMBUJA DARLAGHAT-PUMP.txt,SQ2507N154,HIGH,FOUND
SQ2507N155\OFFER-SQ2507N155-ELECTROSALES-SPARES.txt,SQ2507N155,HIGH,NOT_FOUND
SQ2507N157\PRICED OFFER-SQ2507N157-WONDER CEMENT-CART FILTER.txt,SQ2507N157,HIGH,FOUND
SQ2507N158\TECHNO_COMMERCIAL QUOTATION.txt,Date,HIGH,NOT_FOUND
SQ2507N159\OFFER-SQ2507N159-SRAVANTHI ENERGY-U23.txt,SQ2507N159,HIGH,FOUND
SQ2507N159\OFFER-SQ2507N159R1-SRAVANTHI ENERGY-ANALYSER & SPARES.txt,SQ2507N159R1,HIGH,NOT_FOUND
SQ2507N160\QUOTATION FOR AMC-SQ2507N160-DELHI MSW.txt,SQ2507N160,HIGH,NOT_FOUND
SQ2507N161\PRICED OFFER-SQ2507N161-WONDER CEMENT-PUMP.txt,SQ2507N161,HIGH,FOUND
SQ2507N162\OFFER-SQ2507N162-JK MANGROL-KEYPAD-DISPLAY.txt,SQ2507N162,HIGH,FOUND
SQ2507N162\OFFER-SQ2507N162R1-JK MANGROL-6000049806.txt,SQ2507N162R1,HIGH,FOUND
SQ2507N163\OFFER-SQ2507N163-YARA FERTILIZER-MMI.txt,SQ2507N163,HIGH,FOUND
SQ2507N164\PRICED OFFER-SQ2507N164-UTCL ADITYA-1911.txt,SQ2507N164,HIGH,FOUND
SQ2507N165\PRICED OFFER-SQ2507N165R1_PSPCL-08_C&I-V_IMC_806.txt,,LOW,FOUND
SQ2507N166\PRICED OFFER-SQ2504N079-UTCL KOTPUTALI-11356.txt,SQ2504N079,HIGH,FOUND
SQ2507N167\PRICED OFFER-SQ2504N078-UTCL KOTPUTALI-11357.txt,SQ2504N078,HIGH,FOUND
SQ2507N168\OFFER-SQ2507N168-NUVOCO NIMBOL-U23&SPARES.txt,SQ2507N168,HIGH,FOUND
SQ2507N169\PRICED OFFER-SQ2507N169-WONDER CEMENT-SPARES.txt,SQ2507N169,HIGH,FOUND
SQ2507N170\OFFER-SQ2507N170-INDUSTRIAL ELECTRICALS-CARTRIDGE FILTER.txt,SQ2507N170,HIGH,NOT_FOUND
SQ2507N171\QUOTATION FOR EXPER ENGINEER.txt,SQ2507N171,HIGH,NOT_FOUND
SQ2507N172\OFFER-SQ2507N172-AMBUJA DARLAGHAT-SPARES.txt,SQ2507N172,HIGH,FOUND
SQ2507N173\OFFER-SQ2507N173-BIRLA CORPORATION-6000240610.txt,SQ2507N173,HIGH,FOUND
SQ2507N174\PRICED OFFER-SQ2507N174-UTCL NATHDWARA-TUBE ASSEMBLY.txt,SQ2507N174,HIGH,FOUND
SQ2507N175\OFFER-SQ2507N175-WONDER CEMENT-PLC & HMI UPGRADATION.txt,SQ2507N175,HIGH,NOT_FOUND
SQ2507N176\PRICED OFFER-SQ2507N176-JUBILANT-O61 GASKET.txt,SQ2507N176,HIGH,FOUND
SQ2507N177\OFFER-SQ2507N177-HMEL-SPARES.txt,SQ2507N177,HIGH,NOT_FOUND
SQ2507N177\OFFER-SQ2507N177R1-HMEL-SPARES.txt,SQ2507N177R1,HIGH,NOT_FOUND
SQ2507N180\TECHNICAL OFFER-SQ2507N180-UPMSW.txt,SQ2507N180,HIGH,NOT_FOUND
SQ2507W157\SQ2507W157 - OFFER FOR GAS ANALYSER SPARES-SHS- AMNS HAZIRA.txt,SQ2507W157,HIGH,FOUND
SQ2507W158\SQ2507W158 OFFER FOR GAS ANALYSER SPARE FOR DEEPAK FERTILIZER.txt,SQ2507W158,HIGH,NOT_FOUND
SQ2507W159\SQ2507W159 OFFER FOR SPARE FOR UTCL NARMADA CEMENT WORKS.txt,SQ2506W159,HIGH,NOT_FOUND
SQ2507W161\SQ2507W161 Offer For HVAC Spares_RSEPL.txt,SQ2507W161,HIGH,FOUND
SQ2507W162\SQ2507W162 OFFER FOR SPARE FOR ACC KYMORE CEMENT WORKS.txt,SQ2507W162,HIGH,NOT_FOUND
SQ2507W163\SQ2507W163 - OFFER FOR GAS ANALYSER SPARES-CDQ- JSW DOLVI.txt,SQ2507W163,HIGH,FOUND
SQ2507W164\SQ2507W164_JSW PELLET PLANT 2- CV SYSTEM-TECHNO_COMMERCIAL QUOTATION .txt,SQ2507164,HIGH,FOUND
SQ2507W165\SQ2507W165 Offer For GC Spares_ RIL JMD.txt,SQ2507W165,HIGH,FOUND
SQ2507W166\SQ2507W166 Offer For SHS Spares_ RIL HMD.txt,SQ2507W166,HIGH,FOUND
SQ2507W167\SQ2507W167 Offer For SHS Spares_ RIL VMD.txt,SQ2507W167,HIGH,FOUND
SQ2507W168\SQ2507W168 OFFER FOR SPARE FOR UTCL RAJASHREE CEMENT WORKS.txt,SQ2507W168,HIGH,NOT_FOUND
SQ2507W169\SQ2507W169_TECHNO_COMMERCIAL QUOTATION.txt,SQ2507W169,HIGH,NOT_FOUND
SQ2507W170\SQ2507W170 OFFER FOR AMC FOR HINDALCO MAHAN.txt,SQ2507W170,HIGH,NOT_FOUND
SQ2507W171\SQ2507W171 OFFER FOR AMC FOR UTCL NARMADA CEMENT WORKS.txt,SQ2507W171,HIGH,NOT_FOUND
SQ2507W172\SQ2507W172 OFFER FOR SPARE FOR UTCL RAJASHREE CEMENT WORKS.txt,SQ2507W172,HIGH,NOT_FOUND
SQ2507W173\SQ2507W173 OFFER FOR SPARE FOR UTCL MAIHAR CEMENT WORKS.txt,SQ2507W173,HIGH,NOT_FOUND
SQ2507W174\SQ2507W174 - OFFER FOR GAS ANALYSER SPARES-JSW RATANGIRI.txt,SQ2507W174,HIGH,FOUND
SQ2507W175\SQ2507W175 OFFER FOR SPARE FOR UTCL KUKURDIH CEMENT WORKS.txt,SQ2507W175,HIGH,FOUND
SQ2507W176\SQ2507W176 OFFER FOR SPARE FOR UTCL VIKRAM CEMENT WORKS.txt,SQ2507W176,HIGH,NOT_FOUND
SQ2507W180\SQ2507W180 OFFER FOR SPARE FOR UTCL NARMADA CEMENT WORKS.txt,SQ2507W180,HIGH,NOT_FOUND
SQ2507W181\SQ2507WS181 OFFER FOR GAS ANALYSER SPARE FOR ARAI.txt,SQ2507W181,HIGH,NOT_FOUND
SQ2507W182\SQ507W182_RAJASHREE CEMENT_UPGRADATION CAAQMS.txt,SQ507W182,HIGH,FOUND
SQ2507W183\SQ2507W183 OFFER FOR SPARE FOR UTCL SEWAGRAM CEMENT WORKS.txt,SQ2507W183,HIGH,NOT_FOUND
SQ2507W184\SQ2507W184 OFFER FOR SPARE FOR UTCL RAJASHREE CEMENT WORKS.txt,SQ2507W184,HIGH,NOT_FOUND
SQ2507W186\SQ2507W186 OFFER FOR GAS ANALYSER SPARE FOR JSW CEMENT DOLVI WORKS.txt,SQ2507W186,HIGH,FOUND
SQ2507W189\SQ2507W189 OFFER FOR SPARE FOR UTCL GUJARAT CEMENT WORKS.txt,SQ2507W189,HIGH,NOT_FOUND
SQ2507W189\SQ2507W189R1 OFFER FOR SPARE FOR UTCL GUJARAT CEMENT WORKS.txt,SQ2507W189R1,HIGH,NOT_FOUND
SQ2507W190\SQ2507W190 OFFER FOR SPARE FOR UTCL GUJARAT CEMENT WORKS.txt,SQ2507W190,HIGH,NOT_FOUND
SQ2507W191\SQ2507W191 OFFER FOR SPARE FOR UTCL NARMADA CEMENT WORKS.txt,SQ2507W191,HIGH,NOT_FOUND
SQ2507W191\SQ2507W191R1 OFFER FOR SPARE FOR UTCL NARMADA CEMENT WORKS.txt,SQ2507W191R1,HIGH,NOT_FOUND
SQ2507W192\SQ2507W192 OFFER FOR GAS ANALYSER SPARE FOR UTCL SEWAGRAM CEMENT.txt,SQ2507W192,HIGH,NOT_FOUND
SQ2507W193\SQ2507W193 OFFER FOR GAS ANALYSER SPARE FOR JK PANNA CEMENT.txt,SQ2507W193,HIGH,NOT_FOUND
SQ2507W194\SQ2507W194 OFFER FOR SERVICE FOR AMBUJA KODINAR.txt,SQ2507W194,HIGH,FOUND
SQ2507W195\SQ2507W195 OFFER FOR GAS ANALYSER MODULE FOR UTCL MANIKGARH CEMENT WORKS.txt,SQ2507W195,HIGH,FOUND
SQ2508B064\PRICED OFFER-SQ2508B064-JSW VIJAYANAGAR-1600585280.txt,SQ2508B064,HIGH,FOUND
SQ2508B065\PRICED OFFER-SQ2508B065-ORIENT CEMENT-2240012592-SERVICE.txt,SQ2508B065,HIGH,FOUND
SQ2508B066\PRICED OFFER-SQ2508B066-KPR SUGAR AND APPARELS LTD-SERVICE.txt,SQ2508B066,HIGH,FOUND
SQ2508B067\OFFER-SQ2508B067-ORIENT CEMENT-O61 SPARES.txt,SQ2508B067,HIGH,FOUND
SQ2508B068\PRICED OFFER-SQ2508B068-JSW VIJAYANAGAR-SB30.txt,SQ2508B068,HIGH,FOUND
SQ2508B069\OFFER-SQ2508B069-MUKAND SUMI -O64.txt,SQ2508B069,HIGH,FOUND
SQ2508B069\TECHNICAL OFFER-SQ2508B069-JSW BELLARY-CV SPARES-CRM.txt,SQ2508B069,HIGH,NOT_FOUND
SQ2508B070\OFFER-SQ2508B070-JSW VIJAYNAGAR-U23.txt,SQ2508B070,HIGH,FOUND
SQ2508C047\OFFER-SQ2508C047-CPCL-AMC FOR AMETEK_SIEMENS_TELEDYNE ANALYSERS.txt,SQ2508C047,HIGH,NOT_FOUND
SQ2508C048\OFFER-SQ2508C048-JSW SALEM-HTT.txt,SQ2508C048,HIGH,FOUND
SQ2508C049\PRICED OFFER-SQ2508C049-RAMCO ARIYALLUR-O61.txt,SQ2508C049,HIGH,FOUND
SQ2508C050\OFFER-SQ2508C050-CHETTINAD KARIKALLI-RETRACTION.txt,SQ2508C050,HIGH,NOT_FOUND
SQ2508C052\PRICED OFFER-SQ2508C052-RAMCO ALATHIYUR-PERISTALTIC PUMP.txt,SQ2508C052,HIGH,FOUND
SQ2508E290\TECHNICAL OFFER-SQ2508E290-JSW BPSL-O61.txt,SQ2508E290,HIGH,NOT_FOUND
SQ2508E291\TECHNICAL OFFER-SQ2508E291-TSL JSR-SENSOR PAIR.txt,SQ2508E291,HIGH,FOUND
SQ2508E292\OFFER-SQ2508E292-RNB CEMENT-U23-COOLER-BUYBACK.txt,SQ2508E292,HIGH,FOUND
SQ2508E293\OFFER-SQ2508E293-JSL-CV SPARES.txt,SQ2508E293,HIGH,NOT_FOUND
SQ2508E294\OFFER-SQ2508E294-ACC JAMUL-UPGRADATION.txt,SQ2508E294,HIGH,NOT_FOUND
SQ2508E294\OFFER-SQ2508E294-R1-ACC JAMUL-UPGRADATION.txt,R1,HIGH,NOT_FOUND
SQ2508E295\OFFER-SQ2508E295-JK LAKSHMI-O61.txt,SQ2508E295,HIGH,FOUND
SQ2508E296\PRICED OFFER-SQ2508E296-NMDC-6531037.txt,SQ2508E296,HIGH,NOT_FOUND
SQ2508E297\Technical offer.txt,SQ2508E297,HIGH,NOT_FOUND
SQ2508E298\OFFER-SQ2508E298-DB POWER-SPARES.txt,SQ2508E298,HIGH,FOUND
SQ2508E299\SQ2508E299_TECHNICAL OFFER FOR JSPL SMS (1).txt,SQ2508E299,HIGH,NOT_FOUND
SQ2508E299\SQ2508E299_TECHNICAL OFFER FOR JSPL SMS.txt,SQ2508E299,HIGH,NOT_FOUND
SQ2508E300\OFFER-SQ2508E300-SHYAM SEL-9600001669.txt,SQ2508E300,HIGH,FOUND
SQ2508E301\OFFER-SQ2508E301-SHYAM SEL-1300021417.txt,SQ2508E301,HIGH,FOUND
SQ2508E302\SQ2508E302_AMC OFFER JITPL.txt,SQ2508E302,HIGH,NOT_FOUND
SQ2508E303\PRICED OFFER-SQ2508E303-JSW JAJPUR-PERISTALTIC PUMP.txt,SQ2508E303,HIGH,FOUND
SQ2508E304\TECHNICAL OFFER-SQ2508E304R1-ESL BOKARO-H2 SENSOR.txt,SQ2508E304R1,HIGH,FOUND
SQ2508E305\PRICED OFFER-SQ2508E305-AMBUJA BHATAPARA-MALE CONNECTOR.txt,SQ2508E305,HIGH,FOUND
SQ2508E306\TECHNICAL OFFER-SQ2508E306-TSL JSR-LDS SPARES-O2.txt,SQ2508E306,HIGH,FOUND
SQ2508E307\TECHNICAL OFFER-SQ2508E307-TSL JSR-SENSOR ELECTRONICS-O2.txt,SQ2508E307,HIGH,FOUND
SQ2508E308\OFFER-SQ2508E308-TSL FERRO ALLOY-SHS SPARES.txt,SQ2508E308,HIGH,FOUND
SQ2508E308\TECHNICAL OFFER-SQ2508E308R1-TSL FERRO ALLOY-SHS SPARES.txt,SQ2508E308R1,HIGH,FOUND
SQ2508E309\OFFER-SQ2508E309-BALAJI UDYOG-ANALYSERS.txt,SQ2508E309,HIGH,NOT_FOUND
SQ2508E310\OFFER-SQ2508E310-SAIL BSP-CV SPARES.txt,SQ2508E310,HIGH,FOUND
SQ2508E311\OFFER-SQ2508E311-JSW BPSL-CV SPARES.txt,SQ2508E311,HIGH,NOT_FOUND
SQ2508E311\PRICED OFFER-SQ2508E311R1-JSW BPSL-CV SPARES.txt,SQ2508E311R1,HIGH,NOT_FOUND
SQ2508E313\OFFER-SQ2508E313-JSW CEMENT SALBONI-SERVICE.txt,SQ2508E313,HIGH,FOUND
SQ2508E314\OFFER-SQ2508E314-NUVOCO-U23.txt,SQ2508E314,HIGH,FOUND
SQ2508E315\OFFER-SQ2508E315-TSL MERAMANDALI-SPARES.txt,SQ2508E315,HIGH,FOUND
SQ2508E315\OFFER-SQ2508E315R1-TSL MERAMANDLI-SPARES-5630.txt,SQ2508E315R1,HIGH,NOT_FOUND
SQ2508E316\TECHNICAL OFFER-SQ2508E316-IOCL DIGBOI_AMC-6507589.txt,SQ2508E316,HIGH,FOUND
SQ2508E317\OFFER-SQ2508E317-UTCL RAWAN-RETRACTION.txt,SQ2508E317,HIGH,NOT_FOUND
SQ2508E318\OFFER-SQ2508E318-JSL-CV SPARES.txt,SQ2508E318,HIGH,FOUND
SQ2508E318\OFFER-SQ2508E318R1-JSL-CV SPARES.txt,SQ2508E318R1,HIGH,FOUND
SQ2508E318\OFFER-SQ2508E318R2-JSL-CV SPARES.txt,SQ2508E318R2,HIGH,FOUND
SQ2508E318\TECHNICAL OFFER-SQ2508E318R4-JSL-CV SPARES.txt,SQ2508E318R4,HIGH,FOUND
SQ2508G050\SQ2508G050 Offer for GC Spares_ HMD.txt,SQ2508G050,HIGH,FOUND
SQ2508G052\OFFER-SQ2508G052-OPAL DAHEJ-O64.txt,SQ2508G052,HIGH,FOUND
SQ2508G053\BPCL Bina Spares Offer Dated 08.08.2025 Priced.txt,,LOW,FOUND
SQ2508G053\PRICED OFFER-SQ2508G053R1-BPCL BINA-AMETEK-7141931.txt,SQ2508G053R1,HIGH,FOUND
SQ2508G054\SQ2508G054 QUOTATION FOR OPTO MODULE REPAIR_HCL - RIL HMD LDS 6.txt,SQ2508G054,HIGH,FOUND
SQ2508G055\SQ2508G055 Offer for Ultramat 6E Spares.txt,SQ2508G055,HIGH,FOUND
SQ2508H122\OFFER-SQ2508H122-ARJAS STEEL-2200038145.txt,SQ2508H122,HIGH,FOUND
SQ2508H123\OFFER-SQ2508H123-CHETTINAD KALLUR-SPARES.txt,SQ2508H123,HIGH,FOUND
SQ2508H124\OFFER-SQ2508H124-DECCAN CEMENT-SPARES.txt,SQ2508H124,HIGH,FOUND
SQ2508H125\OFFER-SQ2508H125-UTCL APCW-IR SOURCE.txt,SQ2508H125,HIGH,FOUND
SQ2508H126\OFFER-SQ2508H126-UTCL APCW-FILTERS.txt,SQ2508H126,HIGH,FOUND
SQ2508H127\OFFER-SQ2508H127-KCP MUKTALAYA-ANALYSERS.txt,SQ2508H127,HIGH,FOUND
SQ2508H128\PRICED OFFER-SQ2508H128-ZUARI SITAPURAM-FILTER PAPER.txt,SQ2508H128,HIGH,FOUND
SQ2508H129\OFFER-SQ2508H129-STEAG-SERVICE.txt,SQ2508H129,HIGH,FOUND
SQ2508H130\OFFER-SQ2508H130-CHETTINAD GUNTUR-SPARES.txt,SQ2508H130,HIGH,FOUND
SQ2508H131\OFFER-SQ2508H131-CHETTINAD GUNTUR-SPARES.txt,SQ2508H131,HIGH,FOUND
SQ2508H132\OFFER-SQ2508H132-ZUARI YERRANGUNTALA-RETRACTION.txt,SQ2508H132,HIGH,NOT_FOUND
SQ2508H133\OFFER-SQ2508H133-ZUARI YERRANGUNTALA-SPARES.txt,SQ2508H133,HIGH,NOT_FOUND
SQ2508H134\OFFER-SQ2508H134-RAIN CEMENT-DRAIN PUMP.txt,SQ2508H134,HIGH,FOUND
SQ2508H135\OFFER-SQ2508H135-ORIENT CEMENT-SPARES.txt,SQ2508H135,HIGH,FOUND
SQ2508H136\OFFER-SQ2508H136-CHETTINAD GUNTUR-TUBES.txt,SQ2508H136,HIGH,FOUND
SQ2508H138\OFFER-SQ2508H138-BHEL_HYD_EMAIL DTD 06-08-2025.txt,EMAIL,HIGH,NOT_FOUND
SQ2508H138\PRICED OFFER-SQ2508H138R1-BHEL_HYD_6712927.txt,EMAIL,HIGH,NOT_FOUND
SQ2508H139\OFFER-SQ2508H139-UTCL APCW-COOLER.txt,SQ2508H139,HIGH,FOUND
SQ2508H139\OFFER-SQ2508H139R1-UTCL APCW-COOLER.txt,SQ2508H139R1,HIGH,FOUND
SQ2508N181\OFFER-SQ2508N181-AMBUJA MARWAR-SPARES.txt,SQ2508N181,HIGH,FOUND
SQ2508N182\OFFER-SQ2508N182-BIRLA CORPORATION-SPARES.txt,SQ2508N182,HIGH,FOUND
SQ2508N183\PRICED OFFER-SQ2508N183-UTCL ADITYA-RING HEATER.txt,SQ2508N183,HIGH,FOUND
SQ2508N184\OFFER-SQ2508N184-ISGEC HEAVY-FG00013-71200300-SPC-0008.txt,SQ2508N184,HIGH,FOUND
SQ2508N185\OFFER-SQ2508N185-CHAMBAL FERTILISERS-SPARES.txt,SQ2508N185,HIGH,FOUND
SQ2508N186\OFFER-SQ2508N186-EVERENVIRO-SERVICE.txt,SQ2508N186,HIGH,FOUND
SQ2508N188\OFFER-SQ2508N188-AMBUJA DARLAGHAT-SPARES.txt,SQ2508N188,HIGH,FOUND
SQ2508N189\OFFER-SQ2508N189-UTCL BAGA-U23.txt,SQ2508N189,HIGH,FOUND
SQ2508N190\OFFER-SQ2508N190-BHAVANI ERRECTORS-CYLINDER REFILIING.txt,SQ2508N190,HIGH,NOT_FOUND
SQ2508N191\PRICED OFFER-SQ2508N191-UTCL ADITYA-COOLER.txt,SQ2508N191,HIGH,FOUND
SQ2508N193\OFFER-SQ2508N193-UTCL ADITYA-SERVICE.txt,SQ2508N193,HIGH,FOUND
SQ2508W196\SQ2508W196 - OFFER FOR GAS ANALYSER SPARES-PELLET- JSW DOLVI.txt,SQ2508W196,HIGH,FOUND
SQ2508W197\SQ2508W197 - OFFER FOR GAS ANALYSER SPARES-SMS2- JSW DOLVI.txt,SQ2508W197,HIGH,FOUND
"SQ2508W198\SQ2508W198 - Offer for CO, O2 Analyser Module.txt",SQ2508W198,HIGH,FOUND
SQ2508W199\OFFER SQ2508W199 DFPCL- LDS 6 HF.txt,SQ2508W199,HIGH,FOUND
SQ2508W201\SQ2507W174 - OFFER FOR GAS ANALYSER SPARES-JSW RATANGIRI.txt,SQ2507W174,HIGH,FOUND
SQ2508W202\SQ2508W202 OFFER FOR GAS ANALYSER SPARE FOR UTCL GCW.txt,SQ2508W202,HIGH,NOT_FOUND
SQ2508W203\SQ2508W203 - OFFER FOR GAS ANALYSER SPARES.txt,SQ2508W203,HIGH,FOUND
SQ2508W206\SQ2508W206 - OFFER FOR GAS ANALYSER MODULE CO & O2-SUNFLAG STEEL.txt,SQ2508W206,HIGH,FOUND
SQ2508W208\SQ2508W208 OFFER FOR GAS ANALYSER SPARE FOR DEEPAK FERTILIZER.txt,SQ2508W208,HIGH,NOT_FOUND
SQ2508W209\SQ2508W209 OFFER FOR SERVICE ENGNEER VISIT FOR UTCL GUJARAT CEMENT WORKS.txt,SQ2508W209,HIGH,FOUND
SQ2508W210\SQ2508W210 - UTCL MAIHAR-OFFER FOR GAS ANALYSER SPARES.txt,SQ2508W210,HIGH,FOUND
"SQ2508W211\SQ2508W211 - OFFER FOR GAS ANALYSER MODULE CO, CO2 & CH4-TENOVA.txt",SQ2508W211,HIGH,FOUND
SQ2508W212\SQ2508W212 Offer For HVAC Spares_RSEPL.txt,SQ2508W212,HIGH,FOUND
SQ2508W213\SQ2508W213 Offer For GC Spares_ RIL JMD.txt,SQ2508W213,HIGH,FOUND
SQ2508W213\SQ2508W213 R1 Offer For GC Spares_ RIL JMD.txt,SQ2508W213,HIGH,FOUND
SQ2508W215\SQ2508W215 - JSW JFE Electrical Steel Private Limited-OFFER FOR GAS ANALYSER SPARES.txt,SQ2508W215,HIGH,FOUND
SQ2508W216\SQ2508W216 OFFER FOR SPARE FOR UTCL BELA CEMENT WORKS.txt,SQ2508W216,HIGH,NOT_FOUND
SQ2508W217\SQ2508W217R1 - AMNS HAZIRA-OFFER FOR GAS ANALYSER SPARES -.txt,SQ2508W217R1,HIGH,FOUND
SQ2508W218\SQ2508W218 OFFER FOR SPARE FOR BIRLA CORPORATION SATNA CEMENT.txt,SQ2508W218,HIGH,FOUND
SQ2508X033\OFFER-SQ2508X033-SHAYONA CEMENT-PUMP.txt,SQ2508X033,HIGH,NOT_FOUND
SQ2508X034\OFFER-SQ2508X034-FCKS-U23.txt,SQ2508X034,HIGH,FOUND
SQ2509B071\OFFER-SQ2509B071-NMDC-SPARES.txt,SQ2509B071,HIGH,NOT_FOUND
SQ2509B072\OFFER-SQ2509B072-HOSPET STEEL-HTT.txt,SQ2509B072,HIGH,FOUND
SQ2509B072\OFFER-SQ2509B072R2-3200028714-HOSPET STEEL-SHS SPARE.txt,SQ2509B072R2,HIGH,FOUND
SQ2509B073\OFFER-SQ2509B073-KIRLOSKAR-SPARES.txt,SQ2509B073,HIGH,FOUND
SQ2509B074\PRICED OFFER-SQ2509B074-JSW BELLARY-1600589380.txt,SQ2509B074,HIGH,FOUND
SQ2509B075\PRICED OFFER-SQ2509B075-JSW BELLARY-SPARES.txt,SQ2509B075,HIGH,FOUND
SQ2509B076\OFFER-SQ2509B076-KALYANI STEEL-PLC UPGRADATION.txt,SQ2509B076,HIGH,FOUND
SQ2509B077\OFFER-SQ2509B077-BMM ISPAT-DETECTOR.txt,SQ2509B077,HIGH,FOUND
SQ2509B078\PRICED OFFER-SQ2509B078-JSW VIJAYANAGAR-1600596335.txt,SQ2509B078,HIGH,FOUND
SQ2509B079\SCREENSHOOTS-6666456.txt,,LOW,FOUND
SQ2509C053\OFFER-SQ2509C053-ASHOK LEYLAND-SERVICE.txt,SQ2509C053,HIGH,FOUND
SQ2509C054\OFFER-SQ2509C054-CPCL-CHEMICAL SENSOR.txt,SQ2509C054,HIGH,FOUND
SQ2509C055\OFFER-SQ2509C055-SPIC-SPARES.txt,SQ2509C055,HIGH,FOUND
SQ2509C056\OFFER-SQ2509C056-CPCL-GC SPARES.txt,SQ2509C056,HIGH,FOUND
SQ2509C056\OFFER-SQ2509C056R1-CPCL-GC SPARES.txt,SQ2509C056R1,HIGH,NOT_FOUND
SQ2509C056\PRICED OFFER-SQ2509C056R3-CPCL-7512242.txt,GEM/2026/B/7512242,HIGH,FOUND
SQ2509C057\OFFER-SQ2509C057-MRF-SOV.txt,SQ2509C057,HIGH,FOUND
SQ2509C058\TECHNO_COMMERCIAL QUOTATION.txt,SQ2509C058,HIGH,FOUND
SQ2509C059\PRICED OFFER-SQ2509C059-RAMCO RR NAGAR-PUMP.txt,SQ2509C059,HIGH,FOUND
SQ2509C060\OFFER-SQ2509C060-IV SOURCING-GC SPARES.txt,SQ2509C060,HIGH,NOT_FOUND
SQ2509C061\OFFER_SQ2509C061-GAIL-SERVICE.txt,SQ2509C061,HIGH,FOUND
SQ2509C061\PRICED OFFER-SQ2509C061R1-GAIL(India)Ltd-20133209&20133260-SERVICE.txt,GMPL/C&P/20133209&20133260/SCV,HIGH,NOT_FOUND
SQ2509C062\OFFER-SQ2509C062-MRF-SOV.txt,SQ2509C062,HIGH,FOUND
SQ2509E319\OFFER-SQ2509E319-SAIL BOKARO-RING HEATER.txt,SQ2509E319,HIGH,FOUND
SQ2509E320\OFFER-SQ2509E320-JSPL-SS FILTER.txt,SQ2509E320,HIGH,FOUND
SQ2509E321\OFFER-SQ2509E321-NMDC-SPARES.txt,SQ2509E321,HIGH,FOUND
SQ2509E321\OFFER-SQ2509E321R1-NMDC-ANALYSER-SPARES.txt,SQ2509E321R1,HIGH,FOUND
SQ2509E321\OFFER-SQ2509E321R2-NMDC-SPARES.txt,SQ2509E321R2,HIGH,FOUND
SQ2509E322\OFFER-SQ2509E322-JSPL ANGUL-PUMP.txt,SQ2509E322,HIGH,NOT_FOUND
SQ2509E323\OFFER-SQ2509E323-PATLIPUTRA-FILTER PAPER.txt,SQ2509E323,HIGH,FOUND
SQ2509E324\SQ2509E324_TECHNO_COMMERCIAL QUOTATION.txt,SQ2509E324,HIGH,NOT_FOUND
SQ2509E325\TECHNICAL OFFER-SQ2509E325-TSL MERAMANDLI-COOLER.txt,SQ2509E325,HIGH,FOUND
SQ2509E326\SCREENSHOTS-7804102.txt,,LOW,FOUND
SQ2509E326\SQ2504E114 AMC-SAIL DSP.txt,SQ2504E114,HIGH,NOT_FOUND
SQ2509E326\SQ2504E114R1 AMC-SAIL DSP.txt,SQ2504E114R1,HIGH,FOUND
SQ2509E327\OFFER-SQ2509E327-SAIL IISCO-TUBES.txt,SQ2509E327,HIGH,FOUND
SQ2509E328\TECHNICAL OFFER-SQ2509E328-TSL MERAMANDLI-SPARES.txt,SQ2509E328,HIGH,FOUND
SQ2509E329\OFFER-SQ2509E329-SAIL BOKARO-SPARES.txt,SQ2509E329,HIGH,NOT_FOUND
SQ2509E330\OFFER-SQ2509E330-STAR CEMENT-SPARES.txt,SQ2509E330,HIGH,FOUND
SQ2509E330\OFFER-SQ2509E330R1-STAR CEMENT-SHS SPARES.txt,SQ2509E330R1,HIGH,NOT_FOUND
SQ2509E331\OFFER-SQ2509E331-NMDC-ANALYSERS.txt,SQ2509E331,HIGH,NOT_FOUND
SQ2509E332\OFFER-SQ2509E332-JSPL-PRESSURE SENSOR.txt,SQ2509E332,HIGH,FOUND
SQ2509E333\OFFER-SQ2509E333-JSPL-SOV.txt,SQ2509E333,HIGH,FOUND
SQ2509E334\OFFER-SQ2509E334-IPSEN-U23.txt,SQ2509E334,HIGH,FOUND
SQ2509E336\TECHNICAL OFFER-SQ2509E336-TATA KPO-EDUCTOR PUMP.txt,SQ2509E336,HIGH,FOUND
SQ2509E337\OFFER-SQ2509E337-BENGAL ENERGY LTD-SERVICE.txt,SQ2509E337,HIGH,FOUND
SQ2509E338\TECHNICAL OFFER-SQ2509E338-TSL MERAMANDLI-PUMP.txt,SQ2509E338,HIGH,FOUND
SQ2509E339\OFFER-SQ2509E339-SAIL BSP-SCAVENGING PANEL-PROBE-HTT.txt,SQ2509E339,HIGH,FOUND
SQ2509E339\OFFER-SQ2509E339R1-SAIL-BSL-SHS.txt,SQ2509E339R1,HIGH,FOUND
SQ2509E339\PRICED OFFER-SQ2509E339R2 -SAIL BHILAI-7442460.txt,SQ2509E339R2,HIGH,FOUND
SQ2509E340\OFFER-SQ2509E340-JSPL-PARAMAGNETIC SENSOR.txt,SQ2509E340,HIGH,FOUND
SQ2509E341\OFFER-SQ2509E341-JSPL-U23.txt,SQ2509E341,HIGH,FOUND
SQ2509E342\OFFER-SQ2509E342-R1-TATA KPO-CV SPARES.txt,R1,HIGH,FOUND
SQ2509E342\TECHNICAL OFFER-SQ2509E342-TATA KPO-CV SPARES.txt,SQ2509E342,HIGH,FOUND
SQ2509E343\TECHNICAL OFFER-SQ2509E343-TATA KPO-N2 TANK ASSEMBLY.txt,SQ2509E343,HIGH,FOUND
SQ2509E344\PRICED OFFER-SQ2509E344-DALMIA RAJGANGPUR-PP.txt,SQ2509E344,HIGH,FOUND
SQ2509E345\TECHNICAL OFFER-SQ2509E345-TATA KPO-HMI.txt,SQ2509E345,HIGH,FOUND
SQ2509E346\OFFER-SQ2509E346-TATA STEEL-SPARES.txt,SQ2509E346,HIGH,FOUND
SQ2509E347\OFFER-SQ2509E347-SAIL DSP-CV SPARES.txt,SQ2509E347,HIGH,NOT_FOUND
SQ2509E347\OFFER-SQ2509E347R1-4203081924-SAIL DSP-CV SPARES.txt,R1,HIGH,NOT_FOUND
SQ2509E348\NRL - AMETEK ANALYSER AMC FOR 5 YEARS.txt,SQ2509E348,HIGH,FOUND
SQ2509G056\SQ2509G056 OFFER FOR GAS ANALYSER SPARE FOR GHCL.txt,SQ2509G056,HIGH,NOT_FOUND
SQ2509G056\SQ2509G056R1 OFFER FOR GAS ANALYSER SPARE FOR GHCL.txt,SQ2509G056R1,HIGH,NOT_FOUND
SQ2509G057\OFFER-SQ2509G057-AMNS-SPARES.txt,SQ2509G057,HIGH,FOUND
SQ2509G057\OFFER-SQ2509G057R1-AMNS-SPARES.txt,SQ2509G057R1,HIGH,FOUND
SQ2509G058\SQ2509G058 OFFER FOR GAS ANALYSER MODULE SPARES FOR GNFC.txt,SQ2509G058,HIGH,NOT_FOUND
SQ2509G059\SQ2509G059 TECHNICAL OFFER FOR GAS ANALYSER MODULE SPARES FOR GNFC.txt,SQ2509G059,HIGH,FOUND
SQ2509G060\SQ2509G060 Birla Copper Dust Monitor.txt,SQ2509G060,HIGH,FOUND
SQ2509G061\SQ2509G061 OFFER FOR GAS ANALYSER MODULE SPARE FOR UPL.txt,SQ2509G061,HIGH,NOT_FOUND
SQ2509G063\OFFER-SQ2509G063-AIR PRODUCTS-SPARES.txt,SQ2509G063,HIGH,NOT_FOUND
SQ2509G063\OFFER-SQ2509G063R1-AIR PRODUCTS-SPARES.txt,SQ2509G063R1,HIGH,NOT_FOUND
SQ2509G064\OFFER-SQ2509G064-TECHNIP-HTT.txt,SQ2509G064,HIGH,FOUND
SQ2509G065\SQ2509G065 OFFER FOR SPARE FOR BAYER VAPI.txt,SQ2509G065,HIGH,NOT_FOUND
SQ2509G066\SQ2509G066 QUOTATION FOR DOOR LOCK OF PORTA CABIN.txt,SQ2509G066,HIGH,FOUND
SQ2509G067\OFFER-SQ2509G067-IOCL GUJARAT-AMETEK SPARES.txt,SQ2509G067,HIGH,FOUND
SQ2509H140\OFFER-SQ2509H140-ZUARI Yerraguntla_Heidelberg-SPARES.txt,SQ2509H140,HIGH,NOT_FOUND
SQ2509H141\OFFER-SQ2509H141-SAGAR CEMENT-PR470.txt,SQ2509H141,HIGH,FOUND
SQ2509H142\OFFER-SQ2509H142-KALBURGI CEMENT-HMI.txt,SQ2509H142,HIGH,FOUND
SQ2509H143\PRICED OFFER-SQ2509H143-ZUARI YERRAGUNTALA-ACID FILER ASSEMBLY.txt,SQ2509H143,HIGH,FOUND
SQ2509H144\OFFER-SQ2509H144-UTCL SEDAM-SPARES.txt,SQ2509H144,HIGH,FOUND
SQ2509H145\OFFER-SQ2509H145-TOSHALI CEMENT-100456.txt,SQ2509H145,HIGH,FOUND
SQ2509H146\OFFER-SQ2509H146-UTCL BASANTNAGAR-SPARES.txt,SQ2509H146,HIGH,NOT_FOUND
SQ2509H147\OFFER-SQ2509H147-DECCAN CEMENT-CERAMIC FILTER.txt,SQ2509H147,HIGH,FOUND
SQ2509H148\OFFER-SQ2509H148-RINL VIZAG-FLOWMETER.txt,SQ2509H148,HIGH,FOUND
SQ2509H148\PRICED OFFER_SQ2509H148R1_RINL VISAK_ ADAGE ANALYTICS_SHS.txt,SQ2509H148R1,HIGH,FOUND
SQ2509H149\OFFER-SQ2509H149-KALBURGI CEMENT-LCD DISPLAY.txt,SQ2509H149,HIGH,FOUND
SQ2509H150\OFFER-SQ2509H150-CHETTINAD GUNTUR-O2 SENSOR.txt,SQ2509H150,HIGH,FOUND
SQ2509H151\OFFER-SQ2509H151-CHETTINAD GUNTUR-100029060.txt,SQ2509H151,HIGH,FOUND
SQ2509H152\OFFER-SQ2509H152-KCP MUKTALAYA-TUBES.txt,SQ2509H152,HIGH,FOUND
SQ2509H153\OFFER-SQ2509H153-PIONEER-SPARES.txt,SQ2509H153,HIGH,FOUND
SQ2509H154\TECHNICAL OFFER-SQ2509H154-RINL-AMC_2600009360.txt,SQ2509H154,HIGH,FOUND
SQ2509H155\OFFER-SQ2509H155-ZUARI-PROBE HEAD.txt,SQ2509H155,HIGH,FOUND
SQ2509H156\OFFER-SQ2509H156-DALMIA KADAPA-SPARES.txt,SQ2509H156,HIGH,FOUND
SQ2509H157\OFFER-SQ2509H157-UTCL APCW-BUSHING TUBE.txt,SQ2509H157,HIGH,FOUND
SQ2509H158\OFFER-SQ2509H158-SHREE CEMENT-REFILLING CYLINDERS.txt,SQ2509H158,HIGH,NOT_FOUND
SQ2509H159\PRICED OFFER-SQ2509H159-UTCL APCW-736.txt,SQ2509H159,HIGH,FOUND
SQ2509H160\OFFER-SQ2509H160-KCP-U23.txt,SQ2509H160,HIGH,FOUND
SQ2509H161\OFFER-SQ2509H161-ADANI PENNA-SPARES.txt,SQ2509H161,HIGH,FOUND
SQ2509H161\OFFER-SQ2509H161R1-ADANI PENNA-SPARES.txt,SQ2509H161R1,HIGH,FOUND
SQ2509H161\OFFER-SQ2509H161R2-ADANI PENNA-SPARES.txt,SQ2509H161R2,HIGH,FOUND
SQ2509H162\PRICED OFFER-SQ2509H162-DALMIA KADAPA-U23.txt,SQ2509H162,HIGH,FOUND
SQ2509H163\OFFER-SQ2509H163-ADANI PENNA-SERVICE.txt,SQ2509H163,HIGH,FOUND
SQ2509H164\OFFER-SQ2509H164-DECCAN CEMENT-PNEUMETIC MOTOR.txt,SQ2509H164,HIGH,FOUND
SQ2509N194\OFFER-SQ2509N194-STEAM AND HYDRO-16800-C&I-II-E-O&M-E-2025.txt,SQ2509N194,HIGH,FOUND
SQ2509N195\OFFER-SQ2509N195-SHREE CEMENT-SERVICE.txt,SQ2509N195,HIGH,FOUND
SQ2509N196\OFFER-SQ2509N196-Quotation for Gas Analyser Repair Charges-GVK POWER LIMITED.txt,SQ2509N196,HIGH,NOT_FOUND
SQ2509N197\OFFER-SQ2509N197-DOOSAN-HTT.txt,SQ2509N197,HIGH,FOUND
SQ2509N198\OFFER-SQ2509N198-CFCL-PROBE.txt,SQ2509N198,HIGH,FOUND
SQ2509N199\SQ2509N199_TECHNO_COMMERCIAL QUOTATION.txt,SQ2509N199,HIGH,NOT_FOUND
SQ2509N200\OFFER-SQ2509N200-DELHI MSW-SPARES.txt,SQ2509N200,HIGH,FOUND
SQ2509N201\OFFER-SQ2509N201-ISGEC-SERVICE.txt,SQ2509N201,HIGH,FOUND
SQ2509N202\OFFER-SQ2509N202-MANGALAM CEMENT-ANALYSERS & SPARES.txt,SQ2509N202,HIGH,FOUND
SQ2509N203\OFFER-SQ2509N203-HTPS-SPARES.txt,SQ2509N203,HIGH,NOT_FOUND
SQ2509N204\OFFER-SQ2509N204-ACC GAGAL-SPARES.txt,SQ2509N204,HIGH,FOUND
SQ2509N205\QUOTATION FOR AMC-SQ2509N205.txt,SQ2509N205,HIGH,NOT_FOUND
SQ2509N206\OFFER-SQ2509N206-INDIA GLYCOLS-GC SPARES-0080030077_6000117741.txt,SQ2509N206,HIGH,NOT_FOUND
SQ2509N207\OFFER-SQ2509N207-Quotation for Gas Analyser Service Charges-GVK POWER LIMITED.txt,SQ2509N207,HIGH,FOUND
SQ2509N208\PRICED OFFER-SQ2509N208-UTCL NATHDWARA-COOLER.txt,SQ2509N208,HIGH,FOUND
SQ2509N209\1) TECHNICAL OFFER-SQ2509N209-NTPC_MEJA-6637586.txt,SQ2509N209,HIGH,FOUND
SQ2509N210\OFFER-SQ2509N210-AIRLIQUID-SERVICE.txt,SQ2509N210,HIGH,FOUND
SQ2509N211\OFFER-SQ2509N211-JK CEMENT MANGROL-6000043220.txt,SQ2509N211,HIGH,FOUND
SQ2509N212\PRICED OFFER-SQ2509N212-UTCL ADITYA-FILTER.txt,SQ2509N212,HIGH,FOUND
SQ2509N213\OFFER-SQ2509N213-DELHI MSW-O2 SENSOR.txt,SQ2509N213,HIGH,FOUND
SQ2509N214\OFFER-SQ2509N214  Quotation for Gas Analyser Repair Charges-DCM SHRIRAM.txt,SQ2509N214,HIGH,NOT_FOUND
SQ2509N214\OFFER-SQ2509N214R1  Quotation for Gas Analyser Repair Charges-DCM SHRIRAM.txt,SQ2509N214R1,HIGH,NOT_FOUND
SQ2509N215\OFFER-SQ2509N215-ACC LAKHERI-SPARES.txt,SQ2509N215,HIGH,FOUND
SQ2509N216\OFFER-SQ2509N216-ACC LAKHERI-SERVICE.txt,SQ2509N216,HIGH,FOUND
SQ2509N217\OFFER-SQ2509N217-AMBUJA DARLAGHAT-CERAMIC FILTER.txt,SQ2509N217,HIGH,FOUND
SQ2509W219\OFFER-SQ2509W219-Quotation for Gas Analyser Repair Charges-UTCL RAJASHREE CEMENT.txt,SQ2509W219,HIGH,NOT_FOUND
SQ2509W220\SQ2509W220 OFFER FOR GAS ANALYSER SYSTEM SPARES FOR RCF CHEMBUR.txt,SQ2509W220,HIGH,NOT_FOUND
SQ2509W221\SQ2509W221 OFFER FOR AMETEK GAS ANALYSER SPARES FOR RCF CHEMBUR.txt,SQ2509W221,HIGH,NOT_FOUND
SQ2509W222\SQ2509W222 - DALMIA CEMENT-OFFER FOR GAS ANALYSER SPARES.txt,SQ2509W222,HIGH,FOUND
SQ2509W223\SQ2509W223 OFFER FOR SPARE FOR UTCL GUJARAT CEMENT WORKS.txt,SQ2509W223,HIGH,NOT_FOUND
SQ2509W224\SQ2509W224 OFFER FOR SPARE FOR UTCL GUJARAT CEMENT WORKS.txt,SQ2509W224,HIGH,NOT_FOUND
SQ2509W224\SQ2509W224R1 OFFER FOR SPARE FOR UTCL GUJARAT CEMENT WORKS.txt,SQ2509W224R1,HIGH,NOT_FOUND
SQ2509W225\SQ2509W225-2504WS078R2 - OFFER FOR GAS ANALYSER SPARES- HEIDELBERG CEMENT - 04.09.2025.txt,2504WS0782,HIGH,FOUND
SQ2509W226\SQ2509W226 OFFER FOR SPARE FOR AMBUJA KODINAR CEMENT WORKS.txt,SQ2509W226,HIGH,NOT_FOUND
SQ2509W227\SQ2509W227 OFFER FOR SPARE FOR AMBUJA KODINAR CEMENT WORKS.txt,SQ2509W227,HIGH,NOT_FOUND
SQ2509W228\SQ2509W228 OFFER FOR SPARE FOR AMBUJA KODINAR CEMENT WORKS.txt,SQ2509W228,HIGH,NOT_FOUND
SQ2509W229\SQ2509W229 OFFER FOR SPARE FOR AMBUJA KODINAR CEMENT WORKS.txt,SQ2509W229,HIGH,NOT_FOUND
SQ2509W230\SQ2509W230 OFFER FOR SPARE FOR HINDALCO MAHAN.txt,SQ2509W230,HIGH,NOT_FOUND
SQ2509W231\SQ2509W231 OFFER FOR GAS ANALYSER MODULE SPARE FOR LINDE PRAXAIR INDIA PVT LTD.txt,SQ2509W231,HIGH,NOT_FOUND
SQ2509W232\SQ2509W232 OFFER FOR GAS ANALYSER SPARE FOR ULTRATECH CEMENT LTD.txt,SQ2509W232,HIGH,NOT_FOUND
SQ2509W233\SQ2509W233 Offer For GC Spares_ RIL JMD.txt,SQ2509W233,HIGH,FOUND
SQ2509W234\SQ2509W234 Offer For GC Spares_ RIL JMD.txt,SQ2509W234,HIGH,FOUND
SQ2509W235\SQ2509W235 - DALMIA CEMENT-OFFER FOR GAS ANALYSER SPARES.txt,SQ2509W235,HIGH,FOUND
SQ2509W236\SQ2509W236-1 Offer For GC Spares_ RIL JMD.txt,1,HIGH,FOUND
SQ2509W236\SQ2509W236-2 Offer For GC Spares_ RIL JMD.txt,2,HIGH,FOUND
SQ2509W238\OFFER-SQ2509W238-E&H-U23.txt,SQ2509W238,HIGH,FOUND
SQ2509W239\OFFER-SQ2509W239-VEDANTA-SPARES.txt,SQ2509W239,HIGH,NOT_FOUND
SQ2509W240\SQ2509W240 OFFER FOR SPARE FOR UTCL DHAR.txt,SQ2509W240,HIGH,NOT_FOUND
SQ2509W241\SQ2509W241 - OFFER FOR GAS ANALYSER SPARES- HEIDELBERG CEMENT - 11.09.2025.txt,SQ2509241,HIGH,FOUND
SQ2509W245\SQ2509W245 OFFER FOR SPARE FOR SAIL CHANDRAPUR.txt,SQ2509W245,HIGH,NOT_FOUND
SQ2509W246\SQ2509W246 OFFER FOR GAS ANALYSER SPARE FOR UTCL SEWAGRAM CEMENT.txt,SQ2509W246,HIGH,NOT_FOUND
SQ2509W247\SQ2509W247 OFFER FOR GAS ANALYSER SPARE FOR UTCL SEWAGRAM CEMENT.txt,SQ2509W247,HIGH,NOT_FOUND
SQ2509W248\PRICE-SQ2509W248 - JSW DOLVI-OFFER FOR GAS ANALYSER SPARES.txt,SQ2509W248,HIGH,FOUND
SQ2509W250\SQ2509W250 OFFER FOR AIR GENERATOR UNIT FOR EMERSON.txt,SQ2509W250,HIGH,NOT_FOUND
SQ2509W251\SQ2509W251 - AMNS HAZIRA-OFFER FOR GAS ANALYSER SPARES.txt,SQ2509W251,HIGH,FOUND
SQ2509W252\OFFER-SQ2509W252-DALMIA CHANDRAPUR-SERVICE.txt,SQ2509W252,HIGH,FOUND
SQ2509W253\SQ2509W253 - ARAI PUNE-OFFER FOR GAS ANALYSER REPAIR.txt,SQ2509W253,HIGH,FOUND
SQ2509W254\SQ2509W254 - HEIDELBERG-OFFER FOR GAS ANALYSER SPARES.txt,SQ2509W254,HIGH,FOUND
SQ2509W255\PRICE-SQ2509W255 - JSW DOLVI-OFFER FOR GAS ANALYSER SPARES.txt,SQ2509W255,HIGH,FOUND
SQ2509W256\SQ2509W256 - OFFER FOR GAS ANALYSER MODULE- AMNS HAZIRA .txt,SQ2509256,HIGH,FOUND
SQ2509W257\SQ2509W257 - OFFER FOR GAS ANALYZER REPAIR- JK PANNA .txt,SQ2509257,HIGH,FOUND
SQ2509W258\SQ2509W257 - OFFER FOR GAS ANALYZER REPAIR- JK PANNA .txt,SQ2509257,HIGH,FOUND
SQ2509W259\SQ2509W259 OFFER FOR GAS ANALYSER MODULE SPARE FOR UTCL SEWAGRAM CEMENT.txt,SQ2509W259,HIGH,NOT_FOUND
SQ2509W260\SQ2509W260 OFFER FOR SPARE FOR UTCL GUJARAT CEMENT WORKS.txt,SQ2509W260,HIGH,NOT_FOUND
SQ2509W261\SQ2509W261 - OFFER FOR GAS ANALYZER REPAIR- JSW SALAV .txt,SQ2509261,HIGH,FOUND
SQ2509W262\SQ2509W262 - OFFER FOR GAS ANALYZER REPAIR- JSW SDOLVI .txt,SQ2509262,HIGH,FOUND
SQ2509W263\SQ2509W263 - OFFER FOR GAS ANALYSER MODULE-DALMIA CEMENT.txt,SQ2509W263,HIGH,FOUND
SQ2509W264\SQ2509W264 - OFFER FOR REMOTE CALIBIRATION- DALMIA CEMENT .txt,SQ2509264,HIGH,FOUND
SQ2509W265\SQ2509W265 OFFER FOR GAS CHROMATOGRAPH SPARE FOR EMERSON.txt,SQ2509W265,HIGH,NOT_FOUND
SQ2509X035\OFFER-SQ2509X035-INDORAMA-SPARES.txt,SQ2509X035,HIGH,NOT_FOUND
SQ2509X035\OFFER-SQ2509X035R1-INDORAMA-SPARES.txt,SQ2509X035R1,HIGH,NOT_FOUND
SQ2509X035\OFFER-SQ2509X035R2-INDORAMA-SPARES.doc.txt,SQ2509X035R2,HIGH,NOT_FOUND
SQ2510B080\OFFER-SQ2510B080-MCF-SENSOR ELECTRONICS.txt,SQ2510B080,HIGH,NOT_FOUND
SQ2510B081\OFFER-SQ2510B081-AIRATEX-AT0073627.txt,SQ2510B081,HIGH,NOT_FOUND
SQ2510B082\OFFER-SQ2510B082-BPCL KOCHI-EEPROM upgradation.txt,SQ2510B082,HIGH,NOT_FOUND
SQ2510B082\PRICED OFFER-SQ2510B082R2-BPCL KERALA-AMETEK-7606768.txt,SQ2510B082R2,HIGH,NOT_FOUND
SQ2510B084\OFFER-SQ2510B084-JSW VIJAYANAGAR-PUMPS.txt,SQ2510B084,HIGH,FOUND
SQ2510B084\PRICED OFFER-SQ2510B084R1-JSW BELLARY-PUMPS.txt,SQ2510B084R1,HIGH,FOUND
SQ2510B085\OFFER-SQ2510B085-BMM ISPAT-SERVICE.txt,SQ2510B085,HIGH,FOUND
SQ2510B086\OFFER-SQ2510B086-HOSPET-SERVICE-3300015123.txt,SQ2510B086,HIGH,FOUND
SQ2510B086\OFFER-SQ2510B086R1-HOSPET-SERVICE-3300015123.txt,SQ2510B086R1,HIGH,FOUND
SQ2510B086\OFFER-SQ2510B086R2-HOSPET-SERVICE-3300015123.txt,SQ2510B086R2,HIGH,FOUND
SQ2510B087\OFFER-SQ2510B087-GRASIM-CYLINDERS.txt,SQ2510B087,HIGH,NOT_FOUND
SQ2510C063\PRICED OFFER-SQ2510C063R1-BPCL KOCHI-AMC-7080848.txt,SQ2510C063R1,HIGH,NOT_FOUND
SQ2510C063\SQ2510C063_BPCL KRL-NIR ANALYSER.txt,SQ2510C063,HIGH,NOT_FOUND
SQ2510C064\OFFER-SQ2510C064-COROMANDEL RANIPET-SERVICE.txt,SQ2510C064,HIGH,FOUND
SQ2510C065\OFFER SQ2510C065 Sri Kaliswari Metal Powders Private Limited CGA_SIEMENS.txt,SQ2510C065,HIGH,FOUND
SQ2510C066\OFFER-SQ2510C066-ORIENT CEMENT-ANALYSERS.txt,SQ2510C066,HIGH,FOUND
SQ2510C067\PRICED OFFER-SQ2510C067-RAMCO ARIYALLUR-O61.txt,SQ2510C067,HIGH,FOUND
SQ2510C068\OFFER_SQ2510C068-MRPL-AMC FOR AMETEK ANALYSERS.txt,SQ2510C068,HIGH,NOT_FOUND
SQ2510C069\OFFER-SQ2510C069-Quotation for Gas Analyser Repair Charges-Amalgamations Valeo clutch pvt ltd.txt,SQ2510C069,HIGH,FOUND
SQ2510C069\OFFER-SQ2510C069R1-Quotation for Gas Analyser Repair Charges-Amalgamations Valeo clutch pvt ltd.txt,SQ2510C069R1,HIGH,FOUND
SQ2510C069\OFFER-SQ2510C069R2-VALEO CLUTCH-BUYBACK.txt,SQ2510C069R2,HIGH,FOUND
SQ2510C070\OFFER-SQ2510C070-BPCL KOCHI-NIR SPARES.txt,SQ2510C070,HIGH,NOT_FOUND
SQ2510C071\OFFER-SQ2510C071-COROMANDEL INTERNATIONAL-RANIPET-ANALYSER SPARES.txt,SQ2510C071,HIGH,FOUND
SQ2510C072\OFFER-SQ2510C072-BIOJENIK-PUMP.txt,SQ2510C072,HIGH,FOUND
SQ2510E349\OFFER-SQ2510E349-DB POWER-RING HEATER.txt,SQ2510E349,HIGH,FOUND
SQ2510E350\OFFER-SQ2510E350-DB POWER-1000012786.txt,SQ2510E350,HIGH,NOT_FOUND
SQ2510E351\OFFER-SQ2510E351-JSW BHUSHAN-CV SPARES.txt,SQ2510E351,HIGH,NOT_FOUND
SQ2510E352\OFFER-SQ2510E352-JSW CHATTIS-GA_FIDAMAT6.txt,EMAIL,HIGH,NOT_FOUND
SQ2510E352\PRICED OFFER-SQ2510E352R2-JSW CHATTIS-GA_FIDAMAT6.txt,3100854799,HIGH,NOT_FOUND
SQ2510E352\PRICED OFFER-SQ2510E352R3-JSW CHATTISGARH_FIDAMAT6.txt,3100854799,HIGH,NOT_FOUND
SQ2510E353\OFFER-SQ2510E353_TSL JSR-PLC UPGRADE CDQ 10-11_FM.txt,SQ2510E353,HIGH,NOT_FOUND
SQ2510E354\OFFER-SQ2510E354-NSPCL-SHS SPARES.txt,SQ2510E354,HIGH,FOUND
SQ2510E355\1) TECHNICAL OFFER-SQ2510E355R1-IOCL PARADIP-AMETEK SPARES-6893112.txt,,LOW,FOUND
SQ2510E355\PRICED OFFER-SQ2510E355-IOCL PARADIP-AMETEK SPARES-20250829.txt,20250829,HIGH,FOUND
SQ2510E356\OFFER-SQ2510E356-HILLS CEMENT-SERVICE.txt,SQ2510E356,HIGH,FOUND
SQ2510E358\PRICED OFFER-SQ2510E358-SAIL DURGAPUR-9000076711.txt,SQ2510E358,HIGH,FOUND
SQ2510E359\OFFER-SQ2510E359-SAIL BOKARO-COOLER.txt,SQ2510E359,HIGH,FOUND
SQ2510E359\PRICED OFFER-SQ2510E359R3-SAIL BOKARO-COOLER-5000058062.txt,SQ2510E359R3,HIGH,NOT_FOUND
SQ2510E360\PRICED OFFER-SQ2510E360-DALMIA MEGHALAYA-SERVICE.txt,SQ2510E360,HIGH,FOUND
SQ2510E361\PRICED OFFER-SQ2510E361-JSW BPSL-TEMP CONTROLLER.txt,SQ2510E361,HIGH,FOUND
SQ2510E361\PRICED OFFER-SQ2510E361R1-JSW BPSL-TEMP CONTROLLER.txt,SQ2510E361R1,HIGH,FOUND
SQ2510E361\PRICED OFFER-SQ2510E361R2-JSW BPSL-TEMP CONTROLLER.txt,SQ2510E361R2,HIGH,FOUND
SQ2510E361\PRICED OFFER-SQ2510E361R3-JSW BPSL-TEMP CONTROLLER.txt,SQ2510E361R3,HIGH,FOUND
SQ2510E361\SCREENSHOTS.txt,,LOW,FOUND
SQ2510E362\OFFER-SQ2510E362R1-TATA KPO-ANALYSERS-SPARES.txt,SQ2510E362R1,HIGH,FOUND
SQ2510E362\TECHNICAL OFFER-SQ2510E362-TATA KPO-ANALYSERS-SPARES.txt,SQ2510E362,HIGH,FOUND
SQ2510E363\e-Proc_sub_Sample Solenoid Valve_2-2 Way_SS316 NC 24 VDC_R&D (2).txt,,LOW,FOUND
SQ2510E364\PRICED OFFER-SQ2510E364-JSW(BPSL)_ANALYSER.txt,RFQ,HIGH,FOUND
SQ2510E365\OFFER-SQ2510E365R1-RAMCO CEMENT-JAJPUR-SPARES.txt,SQ2510E365R1,HIGH,NOT_FOUND
SQ2510E365\TECHNICAL OFFER OFFER-SQ2510E365R2-OGPRFQ_000499_2025-RAMCO CEMENT-JAJPUR-SPARES.doc.txt,SQ2510E365R2,HIGH,NOT_FOUND
SQ2510E366\OFFER-SQ2510E366-RAMCO CEMENT-HARIDASPUR-CHARGES FOR SERVICE ENGINEER.txt,SQ2510E366,HIGH,FOUND
SQ2510E368\OFFER-SQ2510E368-MEGALAYA CEMENTS LIMITED-CGA-U23.txt,SQ2510E368,HIGH,FOUND
"SQ2510E369\TECHNICAL OFFER -SQ2510E369-TATA STEEL LIMITED, JSR GAS ANALYSER SPARES.txt",SQ2510E369,HIGH,FOUND
SQ2510E370\OFFER-SQ2510E370-TATA STEEL LIMITED JAMSHEDPUR SHS SPARE.txt,SQ2510E370,HIGH,FOUND
SQ2510E371\OFFER-SQ2510E371-JSPL ANGUL CV ANALYSER SPARE.txt,SQ2510E371,HIGH,FOUND
SQ2510E372\OFFER-SQ2510E372-SAIL BSL-SHS SPARE.txt,SQ2510E372,HIGH,FOUND
SQ2510E372\PRICED OFFER-SQ2510E372R1-SAIL BOKARO-COOLER-4000010409.txt,SQ2510E372R1,HIGH,NOT_FOUND
SQ2510E373\OFFER-SQ2510E373-ELLENBARRIE-CYLINDER REGULATOR.txt,SQ2510E373,HIGH,FOUND
SQ2510E374\OFFER- SQ2510E374- TATA STEEL LIMITED JODA SHS SPARES.txt,SQ2510E374,HIGH,FOUND
SQ2510E375\PRICED OFFER-SQ2510E375-JSL-1400125095.txt,SQ2510E375,HIGH,FOUND
SQ2510E376\PRICED OFFER-SQ2510E376-UTCL HIRMI-RFQ-25-6707.txt,SQ2510E376,HIGH,FOUND
SQ2510E377\OFFER-SQ2510E377- NU VISTA LIMITED CHATTISGARH-SPARE & DATA LOGGER.txt,SQ2510E377,HIGH,FOUND
SQ2510G068\SQ2510G068 Nayara Energy CO2 PPM Analyser.txt,SQ2510G068,HIGH,FOUND
SQ2510G069\SQ2510G069 NAYARA Siemens Ana. Spares.txt,SQ2510G069,HIGH,NOT_FOUND
SQ2510G070\SQ2510G070  Offer Software for Central Sever_HMD.txt,SQ2510G070,HIGH,FOUND
SQ2510H165\OFFER-SQ2510H165-SAGAR CEMENT-PCU.txt,SQ2510H165,HIGH,NOT_FOUND
SQ2510H166\OFFER-SQ2510H166-KAKATIYA CEMENT-SPARES.txt,SQ2510H166,HIGH,FOUND
SQ2510H167\PRICED OFFER-SQ2510H167-RINL VISAKHAPATNAM-6632448_Analytics.txt,SQ2510H167,HIGH,FOUND
SQ2510H168\OFFER-SQ2510H168-PARASAKTI-PUMPS.txt,SQ2510H168,HIGH,NOT_FOUND
SQ2510H169\OFFER-SQ2510H169-MY HOME-RING HEATER.txt,SQ2510H169,HIGH,FOUND
SQ2510H170\OFFER-SQ2510H170-BHARTHI CEMENT-WATER TANK & ANALYSER.txt,SQ2510H170,HIGH,FOUND
SQ2510H171\OFFER-SQ2510H171-UTCL SEDAM-ANALYSERS.txt,SQ2510H171,HIGH,FOUND
SQ2510H172\TECHNICAL OFFER- SQ2510H172-ARJAS STEEL-U23.txt,SQ2510H172,HIGH,FOUND
SQ2510H173\OFFER--Quotation for Gas Analyser Repair Charges-UTCL BASANTNAGAR U23.txt,SQ2510H173,HIGH,FOUND
SQ2510H174\SCREENSHOTS.txt,,LOW,FOUND
SQ2510H175\OFFER-SQ2510H175-LOTUS WIRELESS-CV SPARES.txt,SQ2510H175,HIGH,FOUND
SQ2510H176\PRICED OFFER-SQ2510H176-RAMCO CEMENT-PUMPS.txt,SQ2510H176,HIGH,FOUND
SQ2510H177\OFFER-SQ2510H177-UTCL APCW-ANALYSERS.txt,SQ2510H177,HIGH,FOUND
SQ2510N218\OFFER-SQ2510N218-EAST DELHI WASTE MANAGEMENT-SERVICE.txt,SQ2510N218,HIGH,FOUND
SQ2510N219\PRICED OFFER-SQ2510N219-WONDER CEMENT-PUMP.txt,SQ2510N219,HIGH,NOT_FOUND
SQ2510N220\PRICED OFFER-SQ2510N220-UTCL NATHDWARA-PUMP.txt,SQ2510N220,HIGH,NOT_FOUND
SQ2510N221\OFFER-SQ2510N221-PSPCL-SERVICE.txt,SQ2510N221,HIGH,FOUND
SQ2510N221\PRICED OFFER-SQ2510N221R3-PSPCL-SERVICE.txt,SQ2510N221R3,HIGH,FOUND
SQ2510N222\OFFER-SQ2510N222-BIRLA CORPORATON-6000247739.txt,SQ2510N222,HIGH,NOT_FOUND
SQ2510N223\OFFER-SQ2505N120-UTCL PALI-U23-SPARES.txt,SQ2505N120,HIGH,FOUND
"SQ2510N224\OFFER-SQ2510N224-GGSSTP ROPAR,PUNJAB- DUST ANALYSER.txt",SQ2510N224,HIGH,FOUND
"SQ2510N224\PRICED OFFER-SQ2510N224R2-GGSSTP ROPAR,PUNJAB- DUST ANALYSER.txt",SQ2510N224R2,HIGH,FOUND
SQ2510N226\PRICED OFFER-SQ2510N226-WONDER CEMENT-RING HEATER.txt,SQ2510N226,HIGH,FOUND
SQ2510N227\OFFER-SQ2510N227-TUNA-SPARES.txt,SQ2510N227,HIGH,NOT_FOUND
SQ2510N228\OFFER-SQ2510N228-JK LAKSHMI-SPARES.txt,SQ2510N228,HIGH,FOUND
SQ2510N229\PRICED OFFER-SQ2510N229-KFL-P064000324.txt,,LOW,FOUND
SQ2510N230\OFFER-SQ2510N230-UP WASTE MANAGEMENT-SPARES.txt,SQ2510N230,HIGH,FOUND
SQ2510N230\OFFER-SQ2510N230R1-UP WASTE MANAGEMENT-SPARES.txt,SQ2510N230R1,HIGH,FOUND
SQ2510N231\PRICED OFFER-SQ2510N231-WONDER CEMENT-CERAMIC FILTER.txt,SQ2510N231,HIGH,FOUND
SQ2510N232\OFFER-SQ2510N232-UDAIPUR CEMENT-COOLER.txt,SQ2510N232,HIGH,FOUND
SQ2510N233\OFFER-SQ2510N233-ACC GAGAL-SPARES (1).txt,SQ2510N233,HIGH,FOUND
SQ2510N233\OFFER-SQ2510N233-ACC GAGAL-SPARES.txt,SQ2510N233,HIGH,FOUND
SQ2510N233\OFFER-SQ2510N233R1-ACC GAGAL-SPARES (1).txt,SQ2510N233R1,HIGH,FOUND
SQ2510N233\OFFER-SQ2510N233R1-ACC GAGAL-SPARES.txt,SQ2510N233R1,HIGH,FOUND
SQ2510N234\OFFER-SQ2510N234-GVK-SPARES.txt,SQ2510N234,HIGH,FOUND
SQ2510N236\QUOTATION FOR AMC-SQ2510N236-UTCL KOTPUTALI.txt,SQ2510N236,HIGH,NOT_FOUND
SQ2510N237\OFFER-SQ2510N237-UTCL ADITYA-SPARES.txt,SQ2510N237,HIGH,FOUND
SQ2510N238\OFFER-SQ2510N238- J K LAKSHMI- SIROHI-DURG-UDAIPUR DATA LOGGER.txt,SQ2510N238,HIGH,FOUND
SQ2510W266\SQ2510W266 OFFER FOR SERVICE FOR COROMANDEL INTERNATIONAL LTD.txt,SQ2510W266,HIGH,FOUND
SQ2510W267\SQ2510W267 OFFER FOR GAS ANALYSER MODULE FOR HOLCIM CEMENT EGYPT.txt,SQ2510W267,HIGH,FOUND
SQ2510W268\SQ2510W268 OFFER FOR GAS ANALYSER MODULE FOR SAURASHTRA HATHI CEMENT.txt,SQ2510W268,HIGH,FOUND
SQ2510W269\SQ2510W269 OFFER FOR GAS ANALYSER SPARE FOR COROMANDEL INETERNATIONAL NIMRANI UNIT.txt,SQ2510W269,HIGH,NOT_FOUND
SQ2510W270\SQ2510W270 - OFFER FOR DATA UPGRADATION - JSW RATNAGIRI .txt,SQ2510W270,HIGH,FOUND
SQ2510W271\SQ2510W271 - OFFER FOR GAS ANALYZER SPARES- JSW DOLVI .txt,SQ2510271,HIGH,FOUND
SQ2510W272\SQ2510W272 OFFER FOR AMETEK & GC SPARE FOR AUTOCONTROL PROCESS.txt,SQ2510W272,HIGH,NOT_FOUND
SQ2510W273\SQ2510W273 - OFFER FOR GAS ANALYZER SPARES- SATNA CEMENT WORKS .txt,SQ2510273,HIGH,FOUND
SQ2510W274\SQ2510W274 OFFER FOR GAS ANALYSER SPARES FOR SAURASHTRA SIDHEE CEMENT.txt,SQ2510W274,HIGH,NOT_FOUND
SQ2510W275\SQ2510W275 OFFER FOR GAS ANALYSER SPARE FOR PRANEEL EXPORT.txt,SQ2510W275,HIGH,NOT_FOUND
SQ2510W276\SQ2510W276_HPCL MUMBAI-NIR ANALYSER MODELING.txt,SQ2510W276,HIGH,FOUND
SQ2510W277\SQ2510W277 - OFFER FOR GAS ANALYZER SPARES- JSW RATNAGIRI .txt,SQ2510277,HIGH,FOUND
SQ2510W278\SQ2510W278 - HEIDELBERG-OFFER FOR GAS ANALYSER SPARES.txt,SQ2510W278,HIGH,FOUND
SQ2510W279\SQ2510W279 - UTCL MAIHAR-OFFER FOR GAS ANALYSER SPARES.txt,SQ2510W279,HIGH,FOUND
SQ2510W280\SQ2510W280 - AMNS HAZIRA-OFFER FOR GAS ANALYSER SPARES.txt,SQ2510W280,HIGH,FOUND
SQ2510W281\SQ2510W281OFFER FOR GAS ANALYSER SPARE FOR PRANEEL EXPORT.txt,SQ2510W281,HIGH,NOT_FOUND
SQ2510W282\SQ2510W282 OFFER FOR SERVICE ENGNEER VISIT FOR UTCL BELA CEMENT WORKS.txt,SQ2510W282,HIGH,FOUND
SQ2510W283\SQ2510W283_BPCL MUMBAI-NIR ANALYSER.txt,SQ2510W283,HIGH,FOUND
SQ2510W286\SQ2510W286  Offer For GC Spares_ RIL JMD.txt,SQ2510W286,HIGH,FOUND
SQ2510W287\SQ2510W287 Offer For GC Spares_ RIL JMD.txt,SQ2510W287,HIGH,FOUND
SQ2510W288\SQ2510W288 Offer GC Spares NMD.txt,SQ2510W288,HIGH,NOT_FOUND
SQ2510W289\SQ2510W289 Offer For GC Spares RIL_ HMD.txt,SQ2510W289,HIGH,FOUND
SQ2510W290\SQ2510W290 Offer For GC Spares_ RIL JMD.txt,SQ2510W290,HIGH,FOUND
SQ2510W291\SQ2510W291 Offer For GC Spares RIL_ HMD.txt,SQ2510W291,HIGH,FOUND
SQ2510W292\SQ2510W292 Offer For GC Spares_ RIL JMD.txt,SQ2510W292,HIGH,FOUND
SQ2510W293\SQ2510W293 Offer For GC Spares RIL_ DMD.txt,SQ2510W293,HIGH,FOUND
SQ2510W294\SQ2510W294 Offer For GC Spares RIL_ HMD.txt,SQ2510W294,HIGH,FOUND
SQ2510W295\SQ2510W295 Offer For GC Spares_ RIL JMD.txt,SQ2510W295,HIGH,FOUND
SQ2510X036\OFFER-SQ2510X036-NATIONAL CEMENT-1200004707.txt,SQ2510X036,HIGH,NOT_FOUND
SQ2510X037\OFFER-SQ2510X037-SIEMENS THAILAND-SPARES.txt,SQ2510X037,HIGH,NOT_FOUND
SQ2510X037\OFFER-SQ2510X037R1-SIEMENS THAILAND-SPARES.txt,SQ2510X037R1,HIGH,FOUND
SQ2510X038\OFFER-SQ2510X038-AKH AL SINAN-SPARES.txt,SQ2510X038,HIGH,NOT_FOUND
SQ2510X039\OFFER-SQ2510X039-DV INTERNATIONAL-PUMP.txt,SQ2510X039,HIGH,FOUND
SQ2510X040\OFFER-SQ2510X040-GREENTECH-ANALYSER SPARES.txt,SQ2510X040,HIGH,NOT_FOUND
SQ2510X041\OFFER-SQ2510X041-GREENTECH-ANALYSER SPARES.txt,SQ2510X041,HIGH,NOT_FOUND
SQ2510X042\OFFER-SQ2510X042-I-GESS-U23.txt,SQ2510X042,HIGH,FOUND
SQ2511B088\OFFER-SQ2511B088-ZUARI CEMENTS LIMITED- SITHAPURAM SHS AND ANALYSER.txt,SQ2511B088,HIGH,FOUND
SQ2511B089\OFFER-SQ2511B089  Quotation for Gas Analyser Repair Charges-Kirloskar ferrous industries ltd.txt,SQ2511B089,HIGH,NOT_FOUND
SQ2511B089\OFFER-SQ2511B089R1  Quotation for Gas Analyser Repair Charges-Kirloskar ferrous industries ltd.txt,SQ2511B089R1,HIGH,FOUND
SQ2511B090\OFFER-SQ2511B090-YOKOGAWA-U23.txt,SQ2511B090,HIGH,FOUND
SQ2511B091\OFFER-SQ2511C076-GRASIM INDUSTRIES LIMITED -CYLINDERS REFILLING.txt,SQ2511C076,HIGH,FOUND
SQ2511B092\OFFER-SQ2511B092-KPC-SPARES.txt,SQ2511B092,HIGH,FOUND
SQ2511B092\OFFER-SQ2511B092R1-KPC-SPARES.txt,SQ2511B092R1,HIGH,NOT_FOUND
SQ2511B093\SQ2511B093_TECHNO_COMMERCIAL QUOTATION.txt,SQ2511B093,HIGH,NOT_FOUND
SQ2511B094\PRICED OFFER-SQ2511B094-JSW BELLARY-SPARES.txt,SQ2511B094,HIGH,FOUND
SQ2511B095\OFFER-SQ2511B095- ULTRATECH CEMENT LIMITED-GENERIA WORKS-IOT.txt,SQ2511B095,HIGH,FOUND
SQ2511C073\OFFER-SQ2511C073-MRPL_AMETEK MOISTURE ANALYSER SPARES.txt,EMAIL,HIGH,FOUND
SQ2511C074\OFFER-SQ2511C074-MRF-CYLINDERS.txt,SQ2511C074,HIGH,FOUND
SQ2511C076\OFFER-SQ2511C076-GRASIM INDUSTRIES LIMITED -CYLINDERS REFILLING.txt,SQ2511C076,HIGH,FOUND
SQ2511C077\OFFER-SQ2511C077-MRF-FILTER PAPER.txt,SQ2511C077,HIGH,FOUND
SQ2511C078\OFFER-SQ2511C078-UTCL REDDIPALAYAM-U23.txt,SQ2511C078,HIGH,FOUND
SQ2511C079\OFFER-SQ2511C079-MRPL-AMETEK SPARES.txt,EMAIL,HIGH,FOUND
SQ2511C080\OFFER-SQ2511C080-DALMIA CEMENT DALMIAPURAM-SPARES.txt,SQ2511C080,HIGH,FOUND
SQ2511C082\OFFER-SQ2511C082-CHETTINAD ARIYALUR-RETRACTION.txt,SQ2511C082,HIGH,NOT_FOUND
SQ2511C083\OFFER-SQ2511C083-CPCL-GC SPARES.txt,SQ2511C083,HIGH,FOUND
SQ2511C083\PRICED OFFER-SQ2511C083R1-CPCL-6956191.txt,GEM/2025/B/6956191,HIGH,FOUND
SQ2511C084\OFFER-SQ2511C084-VALEO CLUTCH-U23.txt,SQ2511C084,HIGH,FOUND
SQ2511C084\OFFER-SQ2511C084R1-VALEO CLUTCH-U23.txt,SQ2511C084R1,HIGH,FOUND
SQ2511C085\OFFER-SQ2511C085-MEPCO-SPARES.txt,SQ2511C085,HIGH,NOT_FOUND
SQ2511C086\OFFER-SQ2511C086-COROMANDEL INTERNATIONAL ENNORE-ANALYSER SPARES.txt,SQ2511C086,HIGH,FOUND
SQ2511E378\OFFER-SQ2511E378-LINDE-ANALYSER SAPRE.txt,SQ2511E378,HIGH,FOUND
SQ2511E379\OFFER-SQ2511E379-RAMCO CEMENT-JAJPUR-REMOTE CALIBRATION SSYSTEM.txt,SQ2511E379,HIGH,FOUND
SQ2511E380\PRICED OFFER-SQ2511E380-JSW BPSL-CYLINDERS.txt,SQ2511E380,HIGH,FOUND
SQ2511E381\OFFER-SQ2511E381-JSPL-ANGUL-CALIBRATION GAS CYLINDERS.txt,SQ2511E381,HIGH,FOUND
SQ2511E382\OFFER-SQ2511E382- ULTRATECH CEMENT LIMITED-HIRMI WORKS-IOT.txt,SQ2511E382,HIGH,FOUND
SQ2511E383\PRICED OFFER- SQ2511E383- JSL-JAJPUR- SHS SPARE (SAPMPLE PUMP).txt,SQ2511E383,HIGH,FOUND
SQ2511E384\OFFER-SQ2511E384-TSK-RING HEATER.txt,SQ2511E384,HIGH,FOUND
SQ2511E385\PRICED OFFER-5532A1302-TATA STEEL LIMITED-KALINGANAGAR HMI.txt,SQ2511E385,HIGH,FOUND
SQ2511E386\SQ2511E386_ANALYSER TRAINING_IOCL HALIDA.txt,SQ2511E386,HIGH,FOUND
SQ2511E387\OFFER-SQ2511E387-AMRIT CEMENT-FLOWMETER.txt,SQ2511E387,HIGH,FOUND
SQ2511E388\OFFER-SQ2511E388-QUANTINOX-HMI.txt,SQ2511E388,HIGH,NOT_FOUND
SQ2511E390\PRICED OFFER-SQ2511E390-SAIL BHILAI-ANALYSER.txt,SQ2511E390,HIGH,NOT_FOUND
"SQ2511E391\OFFER-SQ2511E391-TATA STEEL LIMITED, MERAMANDALI LASER ANALYSER SPARES.txt",SQ2511E391,HIGH,FOUND
SQ2511E392\OFFER-SQ2511E392-UTCL HIRMI-ANALYSERS.txt,SQ2511E392,HIGH,FOUND
SQ2511E393\OFFER-SQ2511E393-BVFC-O2 SENSOR.txt,SQ2511E393,HIGH,FOUND
SQ2511E393\OFFER-SQ2511E393R1-BVFCL-074.txt,SQ2511E393R1,HIGH,FOUND
SQ2511E394\OFFER-SQ2511E394-JK LAKSHMI DURG-SPARES.txt,SQ2511E394,HIGH,FOUND
SQ2511E395\OFFER-SQ2511E395-JSPL-ANGUL- SHS & ANALYSER SPARES.txt,SQ2511E395,HIGH,NOT_FOUND
SQ2511E396\OFFER-SQ2511E396-STEAG ENERGY SERVICES-SERVICE.txt,SQ2511E396,HIGH,FOUND
SQ2511E397\OFFER-SQ2511E397-NTPC-CYLINDERS (1).txt,SQ2511E397,HIGH,FOUND
SQ2511E397\OFFER-SQ2511E397-NTPC-CYLINDERS.txt,SQ2511E397,HIGH,FOUND
SQ2511E398\SQ2511E398_TECHNICAL OFFER FOR JSPL PLATE MILL.txt,SQ2511E398,HIGH,FOUND
SQ2511G071\SQ2511G071-AMNS-COREX PLANT_TECHNO-COMMERCIAL QUOTATION.txt,SQ2511G071,HIGH,FOUND
SQ2511G074\SQ2511G074 OFFER FOR GAS ANALYSER SPARE FOR TATA CHEMICAL.txt,SQ2511G074,HIGH,NOT_FOUND
SQ2511G075\SQ2511G075 OFFER FOR HMI OXYGEN ANALYZER _HMD.txt,SQ2511G075,HIGH,FOUND
SQ2511G077\SQ2511G077_ TECHNO-COMMERCIAL QUOTATION.txt,SQ2511G077,HIGH,FOUND
SQ2511G078\SQ2511G078 OFFER FOR SPARE FOR ATUL INDUSTRY.txt,SQ2511G078,HIGH,NOT_FOUND
SQ2511G079\SQ2511G079 QUOTATION FOR OPTO MODULE_HCL - RIL DMD LDS 6.txt,SQ2511G079,HIGH,FOUND
SQ2511H178\OFFER-SQ2511H178-CHETTINAD KALLUR-SPARES.txt,SQ2511H178,HIGH,FOUND
SQ2511H179\OFFER-SQ2511H179-SAGAR CEMENT-COOLER.txt,SQ2511H179,HIGH,FOUND
SQ2511H180\OFFER-SQ2511H180-BHARATHI CEMENT-SPARES.txt,SQ2511H180,HIGH,FOUND
SQ2511H181\PRICED OFFER-SQ2511H181-DALMIA KADAPA-O61.txt,SQ2511H181,HIGH,FOUND
SQ2511H182\PRICED OFFER-SQ2511H182-KTPS TSGENCO-CYLINDER-117.txt,SQ2511H182,HIGH,FOUND
SQ2511H183\OFFER-SQ2511H183-APGENCO-REFILLING CYLINDERS.txt,SQ2511H183,HIGH,FOUND
SQ2511H184\OFFER-SQ2511H184-KESORAM-PURGING CABINET.txt,SQ2511H184,HIGH,FOUND
SQ2511H185\SQ2511H185_TECHNO_COMMERCIAL QUOTATION.txt,SQ2511H185,HIGH,NOT_FOUND
SQ2511H186\OFFER-SQ2511H186-SHREE CEMENT GUNTUR-REFILLING CYLINDER.txt,SQ2511H186,HIGH,NOT_FOUND
SQ2511H187\OFFER-SQ2511H187-PIONEER-U23.txt,SQ2511H187,HIGH,FOUND
SQ2511H188\OFFER-SQ2511H188-SAGAR CEMENT-SPARES.txt,SQ2511H188,HIGH,FOUND
SQ2511H189\OFFER-SQ2511H189-KAKATIYA CEMENT-SPARES.txt,SQ2511H189,HIGH,FOUND
SQ2511H189\OFFER-SQ2511H189R1-KAKATIYA CEMENT-SPARES.txt,SQ2511H189R1,HIGH,FOUND
SQ2511H190\SCREENSHOTS.txt,,LOW,FOUND
SQ2511H192\OFFER-SQ2511H192-ADANI CEMENT LIMITED-ORIENT CEMENT LIMITED-DEVAPUR-GAS CYLINDERS.txt,SQ2511H192,HIGH,FOUND
SQ2511N239\OFFER-SQ2511N239-GVK-SPARES.txt,SQ2511N239,HIGH,NOT_FOUND
SQ2511N240\OFFER-SQ2511N240-YARA-CEMS 2025-1.txt,SQ2511N240,HIGH,FOUND
SQ2511N241\OFFER-SQ2511N241-JK WHITE CEMENT-SPARES.txt,SQ2511N241,HIGH,FOUND
SQ2511N242\OFFER-SQ2511N242-ACC LAKHERI-SPARES.txt,SQ2511N242,HIGH,NOT_FOUND
SQ2511N242\OFFER-SQ2511N242R2-ACC LAKHERI-SPARES.txt,SQ2511N242R2,HIGH,FOUND
SQ2511N243\TECHNICAL OFFER-SQ2511N243-HPCL MITTAL-3100002318_11397-AMETEK SPARES.txt,SQ2511N243,HIGH,FOUND
SQ2511N244\PRICED OFFER-SQ2511N244-MOGLI LABS-AMETEK SPARES.txt,EMAIL,HIGH,NOT_FOUND
SQ2511N245\SQ2511N245_ TECHNO-COMMERCIAL QUOTATION FOR AMC CONTRACT.txt,SQ2511N245,HIGH,FOUND
SQ2511N246\OFFER SQ2511N246-Quotation for Gas Analyser Repair Charges-UTCL NCW.txt,SQ2511N246,HIGH,NOT_FOUND
SQ2511N247\OFFER-SQ2511N247-CHAMBAL-REPAIRING OF PCB2 (1).txt,SQ2511N247,HIGH,FOUND
SQ2511N248\OFFER-SQ2511N248-BCW CHANDERIA-SOV.txt,SQ2511N248,HIGH,FOUND
SQ2511N250\OFFER-SQ2511N250-JK GOTAN-U23.txt,SQ2511N250,HIGH,FOUND
SQ2511N251\PRICED OFFER-SQ2511N251-UTCL ADITYA-PUMP.txt,SQ2511N251,HIGH,FOUND
SQ2511N252\OFFER-SQ2511N252-UTCL BIRLA WHITE-SPARES.txt,SQ2511N252,HIGH,FOUND
SQ2511N253\OFFER-SQ2511N253-UTCL BIRLA WHITE-SPARES.txt,SQ2511N253,HIGH,FOUND
SQ2511N254\OFFER-SQ2511N254-AMBUJA MARWAR MUNDWA-SPARES.txt,SQ2511N254,HIGH,FOUND
SQ2511N255\OFFER-SQ2511N255-UDAIPUR CEMENT WORKS-ANALYSER SAPRES.txt,SQ2511N255,HIGH,FOUND
SQ2511N256\OFFER-SQ2511N256-AMBUJA DARLAGHAT-SPARES.txt,SQ2511N256,HIGH,FOUND
SQ2511N256\OFFER-SQ2511N256R1-AMBUJA DARLAGHAT-SPARES.txt,SQ2511N256R1,HIGH,FOUND
SQ2511N256\OFFER-SQ2511N256R2-AMBUJA DARLAGHAT-SPARES.txt,SQ2511N256R2,HIGH,FOUND
SQ2511N257\OFFER- SQ2511N257  Quotation for Gas Analyser Repair Charges - UTCL PALI CEMENT WORKS.txt,SQ2511N257,HIGH,NOT_FOUND
SQ2511N258\OFFER-SQ2511N258-TECK LINK-ANALYSERS.txt,SQ2511N258,HIGH,FOUND
SQ2511N259\OFFER-SQ2511N259-ISGEC-SHS SPARES.txt,SQ2511N259,HIGH,FOUND
SQ2511N260\OFFER-SQ2511N260-JITF-IOT.txt,SQ2511N260,HIGH,FOUND
SQ2511N261\OFFER-SQ2511N261-AMBUJA ROPAR-SERVICE.txt,SQ2511N261,HIGH,FOUND
SQ2511N261\OFFER-SQ2511N261R1-AMBUJA ROPAR-SERVICE.txt,SQ2511N261R1,HIGH,FOUND
SQ2511N262\OFFER-SQ2511N262-JK WHITE-SPARES.txt,SQ2511N262,HIGH,FOUND
SQ2511N263\PRICED OFFER-SQ2511N263-JK LAKSHMI-SPARES.txt,SQ2511N263,HIGH,FOUND
SQ2511N264\PRICED OFFER-SQ2511N264-JK LAKSHMI SIROHI-6000132060 (1).txt,SQ2511N264,HIGH,FOUND
SQ2511N264\PRICED OFFER-SQ2511N264-JK LAKSHMI SIROHI-6000132060.txt,SQ2511N264,HIGH,FOUND
SQ2511N265\OFFER-SQ2511N265-OGPM-SHS SPARES.txt,SQ2511N265,HIGH,NOT_FOUND
SQ2511N266\OFFER-SQ2511N266-UTCL-ADITYA-ULTRAMAT-23.txt,SQ2511N266,HIGH,FOUND
SQ2511N266\OFFER-SQ2511N266R1-UTCL-ADITYA-ULTRAMAT-23-REPAIR-BUYBACK.txt,SQ2511N266R1,HIGH,FOUND
SQ2511N266\PRICED OFFER-SQ2511N266R1-UTCL ADITYA-U23.txt,SQ2511N266R1,HIGH,FOUND
SQ2511N266\PRICED OFFER-SQ2511N266R3-UTCL ADITYA-BUYBACK-U23.txt,SQ2511N266R3,HIGH,FOUND
SQ2511N266\SCREENSHOTS.txt,,LOW,FOUND
SQ2511N268\OFFER- SQ2511N268R2 Quotation for Buyback Gas  Analyser  Charges-Mangalam cement limited.txt,SQ2511N268R2,HIGH,FOUND
SQ2511N269\OFFER-SQ2511N269-UTCL-KOTPUTLI-SHS SPARE.txt,SQ2511N269,HIGH,FOUND
SQ2511N270\OFFER-SQ2511N270-UDAIPUR CEMENT-SPARES.txt,SQ2511N270,HIGH,FOUND
SQ2511W296\SQ2511W296_UTCL RAJASHREE- LINE 4-TPP- CEMS-TECHNO_COMMERCIAL QUOTATION.txt,SQ2511W296,HIGH,NOT_FOUND
SQ2511W297\SQ2511W297 OFFER FOR SPARE FOR UTCL RAJASHREE CEMENT WORKS.txt,SQ2511W297,HIGH,NOT_FOUND
SQ2511W298\SQ2511W298 Offer For GC Spares RIL_ HMD.txt,SQ2511W298,HIGH,FOUND
SQ2511W299\OFFER-SQ2511W299- ULTRATECH CEMENT LIMITED-BELA CEMENT WORKS-IOT.txt,SQ2511W299,HIGH,FOUND
SQ2511W300\OFFER-SQ2511W300- ULTRATECH CEMENT LIMITED-DHAR CEMENT WORKS-IOT.txt,SQ2511W300,HIGH,FOUND
SQ2511W301\OFFER-SQ2511W301- ULTRATECH CEMENT LIMITED-IOT.txt,SQ2511W301,HIGH,FOUND
SQ2511W302\OFFER-SQ2511W302- ULTRATECH CEMENT LIMITED-IOT.txt,SQ2511W302,HIGH,FOUND
SQ2511W303\SQ2511W303 OFFER FOR HMI DISPLAY FOR UTCL DHAR.txt,SQ2511W303,HIGH,NOT_FOUND
SQ2511W304\SQ2511W304  Offer For GC Spares_ RIL JMD.txt,SQ2511W304,HIGH,FOUND
SQ2511W306\OFFER-SQ2511W306- ULTRATECH CEMENT LIMITED-JAFRABAD CEMENT WORKS-IOT.txt,SQ2511W302,HIGH,FOUND
SQ2511W307\PRICED OFFER-SQ2511W307R1-The Automotive Research-7037176.txt,SQ2511W307R1,HIGH,FOUND
SQ2511W307\SQ2511W307 - ARAI PUNE-OFFER FOR GAS UPGRADATION OF LDS.txt,SQ2511W307,HIGH,FOUND
SQ2511W308\SQ2511W308 - OFFER FOR GAS ANALYZER SPARES- JSW DOLVI .txt,SQ2511W308,HIGH,FOUND
SQ2511W309\SQ2511W309 Offer For GC Spares_ RIL VMD.txt,SQ2511W309,HIGH,FOUND
SQ2511W310\SQ2511W310 OFFER FOR SPARE FOR AMBUJA KODINAR CEMENT WORKS.txt,SQ2511W310,HIGH,NOT_FOUND
SQ2511W313\SQ2511W313 OFFER FOR SPARE FOR UTCL DHAR CEMENT WORKS.txt,SQ2511W313,HIGH,NOT_FOUND
SQ2511W314\SQ2511W314 OFFER FOR SPARE FOR UTCL DHAR CEMENT WORKS.txt,SQ2511W314,HIGH,NOT_FOUND
SQ2511W316\SQ2511W316 OFFER FOR GAS ANALYSER SPARE FOR JK PANNA CEMENT.txt,SQ2511W316,HIGH,NOT_FOUND
SQ2511W317\PRICED OFFER_SQ2511W317R3_BPCL MUM-7433561.txt,SQ2511W317R3,HIGH,FOUND
SQ2511W317\SQ2511W317 OFFER FOR ANALYSER SPARE FOR BPCL MUMBAI REFINERY.txt,SQ2511W317,HIGH,NOT_FOUND
SQ2511W318\SQ2511W318 QUOTATION FOR OPTO MODULE_HCL - RIL DMD LDS 6.txt,SQ2511W318,HIGH,FOUND
SQ2511W319\SQ2511W319 OFFER FOR SPARE FOR RESUSTAINABILITY LTD PITHAMPUR.txt,SQ2511W319,HIGH,NOT_FOUND
SQ2511W320\SQ2511W320 OFFER FOR SPARE FOR HINDALCO MAHAN.txt,SQ2511W320,HIGH,NOT_FOUND
SQ2511W321\SQ2511W321 OFFER FOR SERVICE ENGINEER VISIT FOR BLOOM ENERGY.txt,SQ2511W321,HIGH,FOUND
SQ2511W322\SQ251W322 OFFER FOR SPARE FOR UTCL BELA CEMENT WORKS.txt,SQ2511W322,HIGH,NOT_FOUND
SQ2511X043\OFFER-SQ2511X043-NINH DA-SHS SPARE.txt,SQ2511X043,HIGH,NOT_FOUND
SQ2511X043\OFFER-SQ2511X043R1-NINH DA-SHS SPARE.txt,SQ2511X043R1,HIGH,NOT_FOUND
SQ2511X044\OFFER-SQ2511X044-ENPRO EQUIPMENT TRADING LLC-CWD SPARES.txt,SQ2511X044,HIGH,FOUND
SQ2511X045\OFFER-SQ2511X045-ELITE MENA F.Z.C-SHS SPARES.txt,SQ2511X045,HIGH,NOT_FOUND
SQ2511X045\OFFER-SQ2511X045R1-ELITE MENA F.Z.C-SHS SPARES.txt,SQ2511X045R1,HIGH,NOT_FOUND
SQ2512B097\OFFER-SQ2512B097-YOKOGAWA-U23.txt,SQ2512B097,HIGH,FOUND
SQ2512B098\OFFER-SQ2512B098-QLAR TECHNOLOGY-SPARES.txt,SQ2512B098,HIGH,FOUND
SQ2512B099\OFFER-SQ2512B099-AIR WATER INDIA PVT-ANALYSER SPARES.txt,SQ2512B099,HIGH,NOT_FOUND
SQ2512B100\OFFER-SQ2512B100-LINDE-SERVICE.txt,SQ2512B100,HIGH,FOUND
SQ2512B101\OFFER-SQ2512B101-MFCL-DATA LOGGER.txt,SQ2512B101,HIGH,FOUND
SQ2512B102\OFFER-SQ2512B102-KALYANI STEEL LIMITED (HOSPET STEEL LIMITED)-SHS & ANALYSER SPARES.txt,SQ2512B102,HIGH,FOUND
SQ2512B103\PRICED OFFER-SQ2512B103-JSW-BALLARY-CV SPARES.txt,SQ2512B103,HIGH,NOT_FOUND
SQ2512B104\OFFER-SQ2512B104-ADANI CHITTAPUR-FILTER PAPER.txt,SQ2512B104,HIGH,NOT_FOUND
SQ2512C087\OFFER-SQ2512C087-BPCL KOCHI-SPARES.txt,SQ2512C087,HIGH,FOUND
SQ2512C088\SERVICE OFFER-SQ2512C088-KERN LIEBERS-SERVICE.txt,SQ2512C088,HIGH,FOUND
SQ2512C089\OFFER-SQ2512C089-TNPL-SPARES.txt,SQ2512C089,HIGH,FOUND
SQ2512C091\OFFER-SQ2512C091-GLOBALKEMYA-SPARES.txt,SQ2512C091,HIGH,NOT_FOUND
SQ2512C092\OFFER-SQ2512C092  Quotation for Gas New Analyser  Charges-The Metal Powder Company Ltd O61.txt,SQ2512C092,HIGH,FOUND
SQ2512C093\PRICED OFFER-SQ2512C093-RAMCO ARIYALUR-U23.txt,SQ2512C093,HIGH,FOUND
SQ2512C094\OFFER_SQ2512C094_BPCL KOCHI-AMETEK.txt,SQ2512C094,HIGH,NOT_FOUND
SQ2512C095\OFFER-SQ2512C095-THE METAL POWDER COMPANY LIMITED-CGA SPARE.txt,SQ2512C095,HIGH,FOUND
SQ2512C096\PRICED OFFER-SQ2512C096-RAMCO ALATHIYUR-O61.txt,SQ2512C096,HIGH,FOUND
SQ2512E399\OFFER-SQ2512E399-JSPL-ANGUL- ANALYSER AND SHS SPARES.txt,SQ2512E399,HIGH,FOUND
SQ2512E400\OFFER-SQ2512E400-AMNS-SPARES.txt,SQ2512E400,HIGH,NOT_FOUND
SQ2512E401\OFFER-SQ2512E401-RUGTA MINES LIMITED-DHENKANAL-SHS SPARE.txt,SQ2512E401,HIGH,FOUND
SQ2512E402\SQ2512E402_QUOTATION FOR CV ANALYSER.txt,SQ2512E402,HIGH,FOUND
SQ2512E403\OFFER-SQ2512E403- ADITYAPUR WASTE MANAGEMENT PRIVATE LIMITED -DATA LOGGER.txt,SQ2512E403,HIGH,FOUND
SQ2512E404\OFFER_SQ2512E404-HPL-SERVICE.txt,SQ2512E404,HIGH,FOUND
SQ2512E405\OFFER-SQ2512E405-JSPL-ANGUL- SHS SPARES.txt,SQ2512E405,HIGH,NOT_FOUND
SQ2512E406\OFFER-SQ2512E406-JK LAKSHMI DURG-123353.txt,SQ2512E406,HIGH,FOUND
SQ2512E407\OFFER-SQ2512E407-TSL-JODA- SHS SPARE-1104013995055.txt,SQ2512E407,HIGH,FOUND
SQ2512E408\OFFER-SQ2512E408-UTCL-WBCW-SHS & ANALYSER SPARES.txt,SQ2512E408,HIGH,FOUND
SQ2512E409\SQ2512E409_TECHNICAL OFFER FOR JSPL.txt,SQ2512E409,HIGH,NOT_FOUND
SQ2512E410\OFFER-SQ2512E410-UTCL-HIRMI-RFQ-25-7462-SHS SPARE.txt,SQ2512E410,HIGH,FOUND
SQ2512E411\OFFER-SQ2512E411-JSL-JAJPUR-1400127226-SHS SPARE.txt,SQ2512E411,HIGH,FOUND
SQ2512E412\OFFER-SQ2512E412-JAYASWAL NECO-SPARES.txt,SQ2512E412,HIGH,FOUND
SQ2512E412\PRICED OFFER-SQ2512E412-JAYASWAL NECO-SPARES.txt,SQ2512E412R1,HIGH,FOUND
SQ2512E413\OFFER-SQ2512E413-1000230975-CV ANALYSER SPARE-JSPL-ANGUL.txt,SQ2512E413,HIGH,FOUND
SQ2512E414\PRICED OFFER-SQ2512E414-JSW BHUSHAN-PRESSURE REGULATOR.txt,SQ2512E414,HIGH,FOUND
SQ2512E415\SQ2512E415_TECHNO_COMMERCIAL QUOTATION WEST BENGAL CEMENT.txt,SQ2512E415,HIGH,FOUND
SQ2512E416\OFFER-SQ2512E416-TSL-KALINGANAGAR-SHS SPARE.txt,SQ2512E416,HIGH,FOUND
SQ2512E417\OFFER-SQ2512E417-SHRI KRISHNA COMMERCIAL-SHS SPARE.txt,SQ2512E417,HIGH,NOT_FOUND
SQ2512E418\OFFER-SQ2512E418-JSPL-ANGUL-SHS SPARES.txt,SQ2512E418,HIGH,FOUND
SQ2512E419\PRICED OFFER-SQ2512E419-TATA STEEL LIMITED-SHS SPARES.txt,SQ2512E419,HIGH,FOUND
SQ2512E420\OFFER-SQ2512E420-ACC JAMUL-SPARES.txt,SQ2512E420,HIGH,FOUND
SQ2512E420\OFFER-SQ2512E420R1-ACC JAMUL-SPARES.txt,SQ2512E420R1,HIGH,FOUND
SQ2512E421\SQ2512E421_TECHNO_COMMERCIAL QUOTATION.txt,SQ2512E421,HIGH,NOT_FOUND
SQ2512E422\PRICED OFFER-SQ2512E422-JSL-JAJPUR-1400127845 1400127851 1400127852-SHS SPARES.txt,SQ2512E422,HIGH,FOUND
SQ2512E423\OFFER-SQ2512E423-TSL-MERAMANDALI-SHS OFFER.txt,SQ2512E423,HIGH,FOUND
SQ2512E425\OFFER-1104051125-TSL-MERAMANDALI-SHS SPARES.txt,SQ2512E425,HIGH,FOUND
SQ2512E426\PRICED OFFER-SQ2512E426-UTCL KUKURDIH-PA TUBE.txt,SQ2512E426,HIGH,FOUND
SQ2512E427\PRICED OFFER-SQ2512E427-UTCL KUKURDIH-RFQ-25-7773.txt,SQ2512E427,HIGH,NOT_FOUND
SQ2512E428\PRICED OFFER-SQ2512E428-UTCL KUKURDIH-RFQ-25-7775.txt,SQ2512E428,HIGH,NOT_FOUND
SQ2512E429\PRICED OFFER-SQ2512E429-JSL ANGUL-DETECTORS.txt,SQ2512E429,HIGH,FOUND
SQ2512E430\OFFER-SQ2512E430-1000232263-JSPL-ANGUL-SHS SPARE.txt,SQ2512E430,HIGH,FOUND
SQ2512E431\OFFER-SQ2512E431-1000232272-JSPL-ANGUL-ANALYSER SPARE.txt,SQ2512E431,HIGH,FOUND
SQ2512E432\OFFER-SQ2512E432-1000232771-JSPL-ANGUL-SHS SPARE.txt,SQ2512E432,HIGH,FOUND
SQ2512E433\PRICED OFFER-SQ2512E433-JSL ANGUL-1000232763.txt,SQ2512E433,HIGH,FOUND
SQ2512E434\PRICED OFFER-SQ2512E434-JSL ANGUL-1000232692.txt,SQ2512E434,HIGH,FOUND
SQ2512E435\OFFER-SQ2512E435-1000233084-JSPL-ANGUL-SHS SPARE.txt,SQ2512E435,HIGH,FOUND
SQ2512E436\OFFER-SQ2512E436-1000232696-JSPL-ANGUL-SHS SPARE.txt,SQ2512E436,HIGH,FOUND
SQ2512G080\SQ2512G080 QUOTATION FOR OPTO MODULE_HCL - RIL VMD LDS 6.txt,SQ2512G080,HIGH,FOUND
SQ2512G081\TECHNO-COMMERCIAL QUOTATION FOR AMC R2.txt,SQ2512G081R2,HIGH,NOT_FOUND
SQ2512G082\OFFER-SQ2512G082-AMNS-SERVICE.txt,SQ2512G082,HIGH,FOUND
SQ2512H193\OFFER-SQ2512H193-TOSHALI CEMENT-SPARES.txt,SQ2512H193,HIGH,FOUND
SQ2512H194\OFFER-SQ2512H194-MAVEN AUTOMATION-SPARES.txt,SQ2512H194,HIGH,FOUND
SQ2512H195\PRICED OFFER-SQ2512H195-RAMCO JAYANTHIPURAM-O2 SENSOR.txt,SQ2512H195,HIGH,FOUND
SQ2512H196\OFFER-SQ2512H196-KALBURGI CEMENT-U23 & O61.txt,SQ2512H196,HIGH,FOUND
SQ2512H197\OFFER-SQ2512H197-JINDAL SAW LIMITED-SHS SPARE.txt,SQ2512H197,HIGH,NOT_FOUND
SQ2512H197\OFFER-SQ2512H197R1-JINDAL SAW LIMITED-SHS SPARE.txt,SQ2512H197R1,HIGH,NOT_FOUND
SQ2512H198\OFFER-SQ2512H198-ANDHRA PAPER-AMC.txt,SQ2512H198,HIGH,NOT_FOUND
SQ2512H199\OFFER-SQ2512H199-KALBURGI CEMENT-KEYPAD.txt,SQ2512H199,HIGH,FOUND
SQ2512H200\OFFER-SQ2512H200-JK CEMENT-TOSHALI-DATA LOGGER.txt,SQ2512H200,HIGH,FOUND
SQ2512N271\OFFER-SQ2512N271-NFL-AMETEK SPARES.txt,SQ2512N271,HIGH,NOT_FOUND
SQ2512N271\OFFER-SQ2512N271R1-NFL-AMETEK SPARES.txt,SQ2512N271R1,HIGH,NOT_FOUND
SQ2512N272\SERVICE OFFER-SQ2512N272-DOOSAN.txt,SQ2512N272,HIGH,FOUND
SQ2512N273\PRICED OFFER-SQ2512N273-UTCL PALI-SPARES.txt,SQ2512N273,HIGH,FOUND
SQ2512N274\PRICED OFFER-SQ2512N274-UTCL PALI-SPARES.txt,SQ2512N274,HIGH,FOUND
SQ2512N275\OFFER-SQ2512N275-BCW CHANDERIA-SOV.txt,SQ2512N275,HIGH,FOUND
SQ2512N275\OFFER-SQ2512N275R1-6000263587-BIRLA CORPORATION-CHANDERIA.txt,SQ2512N275R1,HIGH,NOT_FOUND
SQ2512N275\OFFER-SQ2512N275R2-6000263587-BIRLA CORPORATION-CHANDERIA.txt,SQ2512N275R2,HIGH,NOT_FOUND
SQ2512N276\PRICED OFFER-SQ2512N276-DALMIA CEMENT-1115008320.txt,SQ2512N276,HIGH,NOT_FOUND
SQ2512N277\PRICED OFFER-SQ2512N277-WONDER CEMENT-27836.txt,SQ2512N277,HIGH,FOUND
SQ2512N277\PRICED OFFER-SQ2512N277R1-WONDER CEMENT-27836.txt,SQ2512N277R1,HIGH,FOUND
SQ2512N278\PRICED OFFER-SQ2512N278-WONDER CEMENT-27835.txt,SQ2512N278,HIGH,FOUND
SQ2512N278\PRICED OFFER-SQ2512N278R1-WONDER CEMENT-27835.txt,SQ2512N278R1,HIGH,FOUND
SQ2512N279\OFFER-SQ2512N279-AMBUJA RABRIYAWAS-SERVICE.txt,SQ2512N279,HIGH,FOUND
SQ2512N280\OFFER-SQ2512N280-ACC GAGAL-SERVICE.txt,SQ2512N280,HIGH,FOUND
SQ2512N281\PRICED OFFER-SQ2512N281-SHREE CEMENT NAWALGARH-SPARES.txt,SQ2512N281,HIGH,FOUND
SQ2512N282\OFFER-SQ2512N282-YARA FERTILISERS-ANALYSER SPARES.txt,SQ2512N282,HIGH,FOUND
SQ2512N282\OFFER-SQ2512N282R1-YARRA FERTILIZER-CGA SPARES.txt,SQ2512N282R1,HIGH,FOUND
SQ2512N283\ADAGE Automation GENERAL TERMS & CONDITION.txt,,LOW,FOUND
SQ2512N283\S005000197 Adage Automation Pvt. Ltd..txt,,LOW,NOT_FOUND
SQ2512N284\OFFER-SQ2512N284-EAST DELHI WASTE PROCESSING-SPARES.txt,SQ2512N284,HIGH,FOUND
SQ2512N285\OFFER-SQ2512N285-AMBUJA MARWAR MUNDWA-NAMC.txt,SQ2512N285,HIGH,NOT_FOUND
SQ2512N286\OFFER-SQ2512N286-ACC LAKHERI-1000771067.txt,SQ2512N286,HIGH,FOUND
SQ2512N287\PRICED OFFER-SQ2512N287-WONDER CEMENT-SPARES.txt,SQ2512N287,HIGH,FOUND
SQ2512N287\PRICED OFFER-SQ2512N287R1-WONDER CEMENT-SPARES.txt,SQ2512N287R1,HIGH,FOUND
SQ2512N288\PRICED OFFER-SQ2512N288-JK LAKSMI SIROHI-IR SOURCE.txt,SQ2512N288,HIGH,FOUND
SQ2512N289\SQ2512N289- AMBUJA RABRIYAWAS-OFFER FOR GAS ANALYSER SPARES.txt,SQ2512N289,HIGH,FOUND
SQ2512N290\SQ2512N290- AMBUJA RABRIYAWAS-OFFER FOR GAS ANALYSER SPARES.txt,SQ2512N290,HIGH,FOUND
SQ2512N291\OFFER-SQ2512N291-JK WHITE CEMENT-GOTAN-DATA LOGGER.txt,SQ2512N291,HIGH,FOUND
SQ2512N291\OFFER-SQ2512N291R1-JK WHITE CEMENT-GOTAN-DATA LOGGER.txt,SQ2512N291R1,HIGH,FOUND
SQ2512N292\SERVICE OFFER-SQ2512N292-LINDE LUDHIANA SITE .txt,SQ2512N292,HIGH,FOUND
SQ2512N293\OFFER-SQ2512N293-YARA FERTILISERS-SAMPLE GAS PUMP.txt,SQ2512N293,HIGH,FOUND
SQ2512N294\PRICED OFFER-SQ2512N294-WONDER CEMENT-SOV.txt,SQ2512N294,HIGH,FOUND
SQ2512N295\OFFER-SQ2512N295-ACC-MARWAR CEMENT LIMITED-SHS SPARE.txt,SQ2512E432,HIGH,FOUND
SQ2512N295\OFFER-SQ2512N295R1-MARWAR CEMENT-SPARES.txt,SQ2512N295R1,HIGH,FOUND
SQ2512N295\OFFER-SQ2512N295R2-MARWAR CEMENT LIMITED-SHS AND CGA SPARES .txt,SQ2512N295R2,HIGH,NOT_FOUND
SQ2512N296\OFFER-SQ2512N296-KRIBHCO FERTILIZER-DATA HOSTING & PORTAL DEVELOPMENT.txt,SQ2512N296,HIGH,FOUND
SQ2512W324\OFFER_SQ2512W324-HAL-SERVICE.txt,SQ2512W324,HIGH,FOUND
SQ2512W326\SQ2512W326 - ACC AMETHA-OFFER FOR GAS ANALYSER SPARES.txt,SQ2512W326,HIGH,FOUND
SQ2512W331\SQ2512W331 Offer For GC Spares_ RIL JMD.txt,SQ2512W331,HIGH,FOUND
SQ2512W332\SQ2512W332 TECHNO_COMMERCIAL QUOTATION.txt,SQ2512332,HIGH,NOT_FOUND
SQ2512W333\SQ2512W333-SATNA CEMENT-OFFER FOR GAS ANALYSER SPARES.txt,SQ2512W333,HIGH,FOUND
SQ2512W334\SQ2512W334 - ACC AMETHA-OFFER FOR GAS ANALYSER SPARES.txt,SQ2512W334,HIGH,FOUND
SQ2512W335\1) 1765529050.txt,SQ2512W335,HIGH,FOUND
SQ2512W336\OFFER- SQ2512W336  Quotation for Gas Analyser Repair Charges -Heidelberg Narsingarh.txt,SQ2512W336,HIGH,NOT_FOUND
SQ2512W337\SQ2512W337 Offer For GC Spares_ RIL JMD.txt,SQ2512W337,HIGH,FOUND
SQ2512W338\SQ2512W338 OFFER FOR SPARE FOR UTCL GUJARAT CEMENT WORKS.txt,SQ2512W338,HIGH,NOT_FOUND
SQ2512W339\SQ2512W339 OFFER FOR LDS6 GAS ANALYSER MODULE FOR DEEPAK FERTILIZER.txt,SQ2512W339,HIGH,NOT_FOUND
SQ2512W339\SQ2512W339R1 TECHNICAL OFFER FOR LDS6 GAS ANALYSER MODULE FOR DEEPAK FERTILIZER.txt,SQ2512W339R1,HIGH,NOT_FOUND
SQ2512W339\SQ2512W339R2 TECHNICAL OFFER FOR LDS6 GAS ANALYSER MODULE FOR DEEPAK FERTILIZER.txt,SQ2512W339R2,HIGH,NOT_FOUND
SQ2512W340\SQ2512W340 SPARES FOR Vatsal Engineers.txt,SQ2512W340,HIGH,FOUND
SQ2512W342\OFFER-SQ2512W342-TOYO ENGINEERING-SHS SPARE.txt,SQ2512W342,HIGH,FOUND
SQ2512W343\SQ2512W343 OFFER FOR SPARE FOR JSW RATNAGIRI.txt,SQ2511W343,HIGH,FOUND
SQ2512W344\OFFER-SQ2512W344R REPAIRING OFFER FOR VADRAJ CEMENT LIMITED.txt,,HIGH,NOT_FOUND
SQ2512X046\OFFER-SQ2512X046-OMEGA INTERNATIONAL LCC-SHS SPARE.txt,SQ2512X046,HIGH,NOT_FOUND
SQ2512X046\OFFER-SQ2512X046R1-OMEGA INTERNATIONAL LCC-SHS SPARE.txt,SQ2512X046R1,HIGH,NOT_FOUND
SQ2512X047\OFFER-SQ2512X047-CEMTECH LIMITED-ANALYSER SPARES.txt,SQ2512X047,HIGH,NOT_FOUND
SQ2512X047\OFFER-SQ2512X047R1-CEMTECH LIMITED-ANALYSER SPARES.txt,SQ2512X047R1,HIGH,NOT_FOUND
SQ2512X048\OFFER-SQ2512X048-CEMTECH LIMITED-ANALYSER SPARES.txt,SQ2512X048,HIGH,NOT_FOUND
SQ2601B001\OFFER-SQ2601B001-KPR SUGAR-DATA LOGGER & HOSTING.txt,SQ2601B001,HIGH,FOUND
SQ2601B002\OFFER - SQ2601B002 Quotation for Gas Analyser Repair Charges-Rajashree cement works.txt,SQ2601B002,HIGH,NOT_FOUND
SQ2601B003\OFFER-SQ2601B003-JSW VIJAYANAGAR-CV SPARES.txt,SQ2601B003,HIGH,FOUND
SQ2601B004\OFFER-SQ2601B004-HINDALCO BELGAUM-SPARES.txt,SQ2601B004,HIGH,FOUND
SQ2601B005\PRICED OFFER-SQ2601B005-JSW VIJAYANAGAR-1600617270.txt,SQ2601B005,HIGH,FOUND
SQ2601B006\OFFER-SQ2601B006-BMM ISPAT-SPARES-1400017590.txt,SQ2601B006,HIGH,NOT_FOUND
SQ2601B007\OFFER-SQ2601B007-HOSPET STEELS LIMITED- SHS SPARE.txt,SQ2601B007,HIGH,FOUND
SQ2601B008\OFFER-SQ2601B008-JSW-BELLARY-SHS SPARE.txt,SQ2601B008,HIGH,FOUND
SQ2601B009\OFFER-SQ2601B009-JSW-VIJAYANAGAR-CGA SPARE.txt,SQ2601B009,HIGH,FOUND
SQ2601C001\OFFER-SQ2601C001-JSW SALEM-AMC.txt,SQ2601C001,HIGH,FOUND
SQ2601C002\OFFER-SQ2601C002-MRF-IR SOURCE & DETECTORS.txt,SQ2601C002,HIGH,FOUND
SQ2601C002\OFFER-SQ2601C002R1-MRF-3000792770.txt,SQ2601C002R1,HIGH,FOUND
SQ2601C004\OFFER-SQ2601C004-IRONVALLEY SOLUTIONS LLP-CGA SPARE.txt,SQ2601C004,HIGH,FOUND
SQ2601E001\OFFER-SQ2601E001-JPL ANGUL-CV SPARES.txt,SQ2601E001,HIGH,FOUND
SQ2601E002\PRICED OFFER-SQ2601E002-JSW JAJPUR-1300349060.txt,SQ2601E002,HIGH,FOUND
SQ2601E003\OFFER-SQ2601E003-TSL KPO-CART FILTER.txt,SQ2601E003,HIGH,FOUND
SQ2601E004\OFFER-SQ2601E004-MOGLI LABS-CART FILTER.txt,SQ2601E004,HIGH,FOUND
SQ2601E005\OFFER-SQ2601E005-MGM MINERALS-FILTER TAPE.txt,SQ2601E005,HIGH,FOUND
SQ2601E006\OFFER-SQ2601E006-SAIL-BOKARO- SHS SPARE.txt,SQ2601E006,HIGH,FOUND
SQ2601E007\TECHNICAL OFFER-SQ2601E007-TSL MERAMANDALI-U23.txt,SQ2601E007,HIGH,FOUND
SQ2601E008\OFFER-SQ2601E008-JSPL ANGUL-SPARES.txt,SQ2601E008,HIGH,FOUND
SQ2601E009\OFFER-SQ2601E009-INDORAMA-SPARES.txt,SQ2601E009,HIGH,FOUND
SQ2601E009\OFFER-SQ2601E009R1-INDORAMA-6100021939.txt,SQ2601E009R1,HIGH,FOUND
SQ2601E010\OFFER-SQ2601E010-AMRIT CEMENT-SAMPLING TUBE ASSLY.txt,SQ2601E010,HIGH,FOUND
SQ2601E011\OFFER-SQ2601E011-WBWML-REFILLING CYLINDER.txt,SQ2601E011,HIGH,FOUND
SQ2601E012\OFFER-SQ2601E012-HI TECH-SPARES.txt,SQ2601E012,HIGH,FOUND
SQ2601E013\OFFER-SQ2601E013-ONGC-OTPC-SPARES & C6.txt,SQ2601E013,HIGH,NOT_FOUND
SQ2601E014\AMC TECHNICAL OFFER.txt,SQ2601E014,HIGH,NOT_FOUND
SQ2601E015\OFFER-SQ2601E015-UTCL-SONAR BANGLA-ANALYSER MODULE.txt,SQ2601E015,HIGH,FOUND
SQ2601E016\OFFER-SQ2601E016-JSPL-ANGUL-SHS SPARE.txt,SQ2601E016,HIGH,FOUND
SQ2601E017\OFFER-SQ2601E017-TATA STEEL LIMITED-KPO-U23.txt,SQ2601E017,HIGH,FOUND
SQ2601E018\OFFER-SQ2601E018-PR NO-1104093648-TATA STEEL LIMITED MERAMANDALI-SHS SPARES.txt,SQ2601E018,HIGH,FOUND
SQ2601E019\OFFER-SQ2601E019-PR NO-1104094227-TATA STEEL LIMIED-MERAMANDALI-SHS SPARE.txt,SQ2601E019,HIGH,FOUND
SQ2601E020\OFFER-SQ2601E020-PR NO-1104098485-TATA STEEL LIMITED-KPO-SHS SPARE.txt,SQ2601E020,HIGH,FOUND
SQ2601E021\SQ2601E021_TECHNO_COMMERCIAL QUOTATION.txt,SQ2601E021,HIGH,NOT_FOUND
SQ2601E022\OFFER-SQ2601E022-1104110312-TSL-JODA-SHS SPARE.txt,SQ2601E022,HIGH,FOUND
SQ2601E023\OFFER-SQ2601E023-1104110560-TATA STEEL JODA-SHS SPARE.txt,SQ2601E023,HIGH,FOUND
SQ2601G001\TECHNICAL OFFER-SQ2601G001-GSFCL-(RFQ 73941)-SERVICE PER DAY.txt,,LOW,FOUND
SQ2601G002\OFFER-SQ2601G002-IOCL GUJ-AMETEK SPARES.txt,SQ2601G002,HIGH,FOUND
SQ2601G003\OFFER-SQ2601G003-HEG-SERVICE.txt,SQ2601G003,HIGH,FOUND
SQ2601G004\SQ2601G004 OFFER FOR GAS ANALYSER MODULE SPARE FOR TORRENT POWER.txt,SQ26018G004,HIGH,NOT_FOUND
SQ2601G005\OFFER-SQ2601G005-ATUL LIMITED -DATA LOGGER & HOSTING.txt,SQ2601G005,HIGH,FOUND
SQ2601G006\SQ2601G006 OFFER FOR NOVA II _HMD.txt,SQ2601G006,HIGH,FOUND
SQ2601G006\SQ2601G006 R1 OFFER FOR OMA 300 SPARES _HMD.txt,SQ2601G006,HIGH,FOUND
SQ2601G007\OFFER-SQ2601G007-HEG-ALIGNMENT KIT.txt,SQ2601G007,HIGH,FOUND
SQ2601H001\PRICED OFFER-SQ2601H001-RAMCO JAYANTHIPURAM-O2 SENSOR.txt,SQ2601H001,HIGH,FOUND
SQ2601H002\OFFER-SQ2601H002-ORIENT CEMENT-DATA LOGGER & HOSTING.txt,SQ2601H002,HIGH,FOUND
SQ2601H003\PRICED OFFER-SQ2601H003-UTCL APCW-SPARES.txt,SQ2601H003,HIGH,FOUND
SQ2601H004\OFFER-SQ2601H004-NCL INDUSTRIES LIMITED-DATA LOGGER & HOSTING.txt,SQ2601H004,HIGH,FOUND
SQ2601H005\OFFER-SQ2601H005-UTCL APCW-APO2501021.txt,SQ2601H005,HIGH,FOUND
SQ2601H005\OFFER-SQ2601H005R1-UTCL APCW-APO2501021.txt,SQ2601H005R1,HIGH,FOUND
SQ2601H006\OFFER-SQ2601H006-PGR-1500020222.txt,SQ2601H006,HIGH,FOUND
SQ2601H007\OFFER-SQ2601H007-MY HOME-PP.txt,SQ2601H007,HIGH,FOUND
SQ2601H008\OFFER-SQ2601H008-ADANI DEVAPUR-U23.txt,SQ2601H008,HIGH,FOUND
SQ2601H009\OFFER-SQ2601H009-MARWAR CEMENT LIMITED -DATA LOGGER & HOSTING.txt,SQ2601H009,HIGH,FOUND
SQ2601H010\PRICED OFFER-SQ2601H010-UTCL APCW-SPARES.txt,SQ2601H010,HIGH,FOUND
SQ2601H011\OFFER-SQ2601H011-UTCL BALAJI-U23&O61.txt,SQ2601H011,HIGH,FOUND
SQ2601N001\OFFER-SQ2601N001-SMS-SERVICE.txt,SQ2601N001,HIGH,FOUND
SQ2601N002\OFFER-SQ2601N002-MEJA THERMAL POWER PLANT DATA LOGGER & HOSTING.txt,SQ2601N002,HIGH,FOUND
SQ2601N002\OFFER-SQ2601N002R1-MEJA THERMAL POWER PLANT DATA LOGGER & HOSTING SUPPLY & CMC.txt,SQ2601N002R1,HIGH,NOT_FOUND
SQ2601N003\OFFER-SQ2601N003-ACC LAKHERI-SPARES.txt,SQ2601N003,HIGH,FOUND
SQ2601N004\PRICED OFFER-SQ2601N004-UTCL BAGA-RFQ-26-72.txt,SQ2601N004,HIGH,FOUND
SQ2601N006\OFFER-SQ2601N006-GROWMECH-003739.txt,SQ2601N006,HIGH,NOT_FOUND
SQ2601N007\OFFER-SQ2601N007-UTCL PALI-SOV.txt,SQ2601N007,HIGH,FOUND
SQ2601N008\PRICED OFFER-SQ2601N008-SCL-SPARES.txt,SQ2601N008,HIGH,FOUND
SQ2601N009\PRICED OFFER-SQ2601N009-WONDER CEMENT-PUMP.txt,SQ2601N009,HIGH,NOT_FOUND
SQ2601N010\PRICED OFFER-SQ2601N010-WONDER CEMENT-TUBES.txt,SQ2601N010,HIGH,FOUND
SQ2601N011\OFFER-SQ2601N011-RRVUNL-DATA LOGGER & HOSTING.txt,SQ2601N011,HIGH,FOUND
SQ2601N012\OFFER SQ2601N012 LDS 6 HCL - EAST DELHI.txt,SQ2601N012,HIGH,FOUND
SQ2601N013\OFFER-SQ2601N013-JK LAKSHMI UDAIPUR-CONVERTER.txt,SQ2601N013,HIGH,FOUND
SQ2601N013\OFFER-SQ2601N013R1-JK LAKSHMI UDAIPUR-SPARES.txt,SQ2601N013R1,HIGH,FOUND
SQ2601N014\PRICED OFFER-SQ2601N014-UTCL ADITYA-SOV.txt,SQ2601N014,HIGH,FOUND
SQ2601N014\SCREENSHOTS.txt,,LOW,FOUND
SQ2601N015\OFFER-SQ2601N015-CENTURY PULP & PAPER-PUMP.txt,SQ2601N015,HIGH,FOUND
SQ2601N016\PRICED OFFER-SQ2601N016-UTCL ADITYA-12736.txt,SQ2601N016,HIGH,FOUND
SQ2601N017\PRICED OFFER-SQ2601N017-UTCL ADITYA-12737.txt,SQ2601N017,HIGH,FOUND
SQ2601N018\OFFER-SQ2601N018-UTCL ADITYA-GASKET & O RING.txt,SQ2601N018,HIGH,FOUND
SQ2601N019\OFFER-SQ2601N019-UTCL ADITYA-HMI.txt,SQ2601N019,HIGH,FOUND
SQ2601N019\OFFER-SQ2601N019R1-UTCL ADITYA-HMI.txt,SQ2601N019R1,HIGH,FOUND
SQ2601N019\PRICED OFFER-SQ2601N019R2-UTCL ADITYA-HMI.txt,SQ2601N019R2,HIGH,FOUND
SQ2601N020\OFFER-SQ2601N020-L&T MHPS BOILERS PVT LTD-HTT & ANALYSER SPARES.txt,SQ2601N020,HIGH,FOUND
SQ2601N021\OFFER-SQ2601N021R1-JK CEMENT-RETRACTION SYSTEM – ELECTRICAL & PNEUMATIC MOTOR.txt,SQ2601N021R1,HIGH,FOUND
SQ2601N022\OFFER-SQ2601N022R1-JK WHITE CEMENT-GOTAN-SHS SPARE.txt,SQ2601N022R1,HIGH,FOUND
SQ2601N023\OFFER-SQ2601N023-AMBUJA RABRIYAWAS-SPARES.txt,SQ2601N023,HIGH,NOT_FOUND
SQ2601W001\OFFER-SQ2601W001-ALKYL AMINES-SERVICE.txt,SQ2601W001,HIGH,FOUND
SQ2601W002\SQ2601W002 OFFER FOR SPARE FOR ACC KYMORE CEMENT WORKS.txt,SQ2601W002,HIGH,NOT_FOUND
SQ2601W003\OFFER-SQ2601W003-HINDALCO- BIRLA COPPER DATA LOGGER & HOSTING.doc.txt,SQ2601W003,HIGH,FOUND
SQ2601W004\SQ2601W004 OFFER FOR SPARE FOR JSW SALAV.txt,SQ2601W004,HIGH,FOUND
SQ2601W005\SQ2601W005 QUOTATION FOR OPTO MODULE_HCL - RIL VMD LDS 6.txt,SQ2601W005,HIGH,FOUND
SQ2601W006\SQ2601W006 OFFER FOR SPARE JSW JFE Electrical Steel Nashik Private Limite.txt,,HIGH,FOUND
SQ2601W007\SQ2601W007 OFFER FOR SPARE FOR UTCL GUJARAT CEMENT WORKS.txt,SQ2601W007,HIGH,NOT_FOUND
SQ2601W008\SQ2601W008 OFFER FOR GAS ANALYSER SPARE FOR JK PANNA CEMENT.txt,SQ2601W008,HIGH,NOT_FOUND
SQ2601W009\OFFER - SQ2601W009 Quotation for Gas Analyser Repair Charges - UTCL sevargram.txt,SQ2601W009,HIGH,NOT_FOUND
SQ2601W010\SQ2601W010 OFFER FOR SPARE FOR HINDALCO MAHAN.txt,SQ2601W010,HIGH,NOT_FOUND
SQ2601W011\OFFER-SQ2601W011-HAKAPS-SPARES.txt,SQ2601W011,HIGH,NOT_FOUND
SQ2601W012\SQ2601W012 OFFER FOR SPARE FOR AMBUJA MARATHA CEMENT WORKS.txt,SQ2601W012,HIGH,NOT_FOUND
SQ2601W014\SQ2601W014 OFFER FOR GAS ANALYSER SPARE FOR CARBON CLEAN.txt,SQ2601W014,HIGH,NOT_FOUND
SQ2601W015\SQ2601W015 OFFER FOR GAS ANALYSER MODULE SPARE FOR BLOOM ENERGY.txt,SQ2601W015,HIGH,NOT_FOUND
SQ2601W016\SQ2601W016 OFFER FOR SPARE FOR BIRLA CORPORATION SATNA CEMENT.txt,SQ2601W016,HIGH,FOUND
SQ2601W017\SQ2601W017 OFFER FOR SPARE FOR ACC AMETHA CEMENT WORKS.txt,SQ2601W017,HIGH,NOT_FOUND
SQ2601W018\SQ2601W018 OFFER FOR COMMISSIOING SUPPORT FOR SPECTRUM OFFSHORE ONSHORE PVT LTD.txt,SQ2601018,HIGH,FOUND
SQ2601X001\OFFER-SQ2601X001-ASE-THAILAND-SHS SPARES.txt,SQ2601X001,HIGH,NOT_FOUND
SQ2601X002\OFFER-SQ2601X002-NATIONAL CEMENT COMPANY LIMITED – RETRACTION SYSTEM SPARES.txt,SQ2601X002,HIGH,FOUND
SQ2601X002\OFFER-SQ2601X002R2-PR NO-1200005113-NATIONAL CEMENT COMPANY LIMITED – RETRACTION SYSTEM SPARES.txt,SQ2601X002R2,HIGH,FOUND
SQ2601X003\OFFER-SQ2601X003-JOHN COCKERILL-SERVICE.txt,SQ2601X003,HIGH,FOUND
SQ2602B010\OFFER-SQ2602B010-JSW VIJAYANAGA-UNION SPARE.txt,SQ2602B010,HIGH,FOUND
SQ2602B010\SCREENSHOTS.txt,,LOW,FOUND
SQ2602B011\OFFER-SQ2602B011-BIRLA OPUS -DATA LOGGER & HOSTING.txt,SQ2602B011,HIGH,FOUND
SQ2602B011\OFFER-SQ2602B011R1-BIRLA OPUS -DATA LOGGER & HOSTING.txt,SQ2602B011R1,HIGH,FOUND
SQ2602B012\OFFER-SQ2602B012-HOSPET STEEL-CERAMIC FILTER.txt,SQ2602B012,HIGH,FOUND
SQ2602B012\OFFER-SQ2602B012R1-HOSPET STEEL-3200029245.txt,SQ2602B012R1,HIGH,FOUND
SQ2602B013\OFFER-SQ2602B013-BMM ISPAT-UNION SPARES.txt,SQ2602B013,HIGH,FOUND
SQ2602B014\OFFER-SQ2602B014-JSW BELLARY -PLC UPGRADATION.txt,SSQ2602B014,HIGH,FOUND
SQ2602B014\OFFER-SQ2602B014R1-JSW BELLARY - UPGRADATION.txt,SQ2602B014R1,HIGH,FOUND
SQ2602B015\OFFER-SQ2602B015R1-JSW VIJAYANAGAR-CV SPARE.txt,,LOW,NOT_FOUND
SQ2602B015\OFFER-SQ2602C012-JSW VIJAYANAGAR-CV SPARE.txt,SQ2602B015,HIGH,FOUND
SQ2602B016\OFFER-SQ2602B016-JSW-SALEM-ANALYSER AND SHS SPARE.txt,SQ2602B016,HIGH,FOUND
SQ2602C005\OFFER-SQ2602C005-NALCO-MOTHERBOARD O61.txt,SQ2602C005,HIGH,FOUND
SQ2602C006\OFFER-SQ2602C006-BPCL KOCHI-AMETEK SPARES.txt,SQ2602C006,HIGH,FOUND
SQ2602C006\OFFER-SQ2602C006R2-BPCL KOCHI-SPARES.txt,SQ2602C006R2,HIGH,FOUND
SQ2602C006\PRICED OFFER-SQ2602C006R3-BPCL KOCHI-AMETEK SPARES.txt,SQ2602C006R3,HIGH,FOUND
SQ2602C007\OFFER-SQ2602C007-AIRAA ENTERPRISES-U23.txt,SQ2602C007,HIGH,FOUND
SQ2602C008\OFFER-SQ2602C008-TNPL-SHS SPARE.txt,SQ2602C008,HIGH,FOUND
SQ2602C009\PRICED OFFER-SQ2602C009-DALMIA ARIYALUR-2811041779.txt,SQ2602C009,HIGH,FOUND
SQ2602C010\OFFER-SQ2602C010-IRONVALLEY-4000022540.txt,SQ2602C010,HIGH,FOUND
SQ2602C011\TECHNO-COMMERCIAL QUOTATION FOR CAMC_SQ2602C011.txt,SQ2602C011,HIGH,FOUND
SQ2602C012\OFFER-SQ2602C012-SRI KALISWARI- OXYMAT DISPALY.txt,SQ2602C012,HIGH,FOUND
SQ2602C014\PRICED OFFER-SQ2602C014-RAMCO RR NAGAR-PROBE.txt,SQ2602C014,HIGH,FOUND
SQ2602C015\OFFER - SQ2602C015 Quotation for Gas Analyser Repair Charges-JSW SALEM.txt,SQ2602C015,HIGH,NOT_FOUND
SQ2602C015\OFFER - SQ2602C015R2 Quotation for Gas Analyser Repair Charges-JSW SALEM.txt,SQ2602C015R2,HIGH,NOT_FOUND
SQ2602C016\OFFER-SQ2602C016-ASHOK LEYLAND-HTT.txt,SQ2602C016,HIGH,FOUND
SQ2602C017\OFFER-SQ2602C017-IRONVALLEY-GC COLUMN.txt,SQ2602C017,HIGH,FOUND
SQ2602C019\OFFER-SQ2602C019-KERN LIBERS- CGA SPARES.txt,SQ2602C019,HIGH,FOUND
SQ2602C020\3) TECHNICAL OFFER-SQ2602C020R1-CPCL-SERVICE-7538864.txt,SQ2602C020R1,HIGH,NOT_FOUND
SQ2602C020\PRICED OFFER-SQ2602C020-CPCL-SERVICE-7241347.txt,SQ2602C020,HIGH,NOT_FOUND
SQ2602C021\OFFER-SQ2602C021_Quotation for Gas Analyser Repair Charges- MRF U23.txt,SQ2602C021,HIGH,FOUND
SQ2602E024\OFFER-SQ2602E024-JSW(BPSL)-CGA SPARE.txt,SQ2602E024,HIGH,FOUND
SQ2602E025\PRICED OFFER-SQ2602E025-DALMIA RAJGANGPUR-COOLER.txt,SQ2602E025,HIGH,FOUND
SQ2602E026\PRICED OFFER-SQ2602E026-JSL-MOTHERBOARD.txt,SQ2602E026,HIGH,FOUND
SQ2602E027\SERVICE OFFER-SQ2602E027R1-LINDE-JSL-KALINGANAGAR.txt,SQ2602E027R1,HIGH,FOUND
SQ2602E028\OFFER-SQ2602E028-1600327442-TSK-SHS SPARE.txt,SQ2602E028,HIGH,FOUND
SQ2602E029\OFFER-SQ2602E029-JSW CEMENT-JAJPUR-DATA LOGGER & HOSTING.txt,SQ2602E029,HIGH,FOUND
SQ2602E030\OFFER-SQ2602E030-RUNGTA MINES- CGA SPARES.txt,SQ2602E030,HIGH,FOUND
SQ2602E030\OFFER-SQ2602E030R1-1300139248-RUNGTA MINES- CGA SPARES.txt,,LOW,NOT_FOUND
SQ2602E031\OFFER-SQ2602E031-AMBUJA BHATAPARA-SPARES.txt,SQ2602E031,HIGH,FOUND
SQ2602E032\OFFER-SQ2602E032-NUVOCO ARASMET-U23.txt,SQ2602E032,HIGH,FOUND
SQ2602E033\OFFER-SQ2602E033-1000237885-JSPL-UNION SPARE.txt,SQ2602E033,HIGH,FOUND
SQ2602E034\OFFER-SQ2602E034-1000237883-UNION SPARE.txt,SQ2602E034,HIGH,FOUND
SQ2602E035\OFFER-SQ2602E035-ADANI WILMAR-TEMP & HUMIDITY.txt,SQ2602E035,HIGH,FOUND
SQ2602E035\OFFER-SQ2602E035R1-3500377100-ADANI WILMAR-TEMP & HUMIDITY.txt,,LOW,NOT_FOUND
SQ2602E036\OFFER-SQ2602E036-RUNGTA MINES- RING HEATER.txt,SQ2602E036,HIGH,FOUND
SQ2602E037\PRICED OFFER-SQ2602E037-UTCL WBCW-RFQ-26-388.txt,SQ2602E037,HIGH,FOUND
SQ2602E038\PRICED OFFER-SQ2602E038-WBCW-RFQ-26-371.txt,SQ2602E038,HIGH,FOUND
SQ2602E039\OFFER-SQ2602E039-UTCL RAWAN-PLC & HMI.txt,SQ2602E039,HIGH,FOUND
SQ2602E039\PRICED OFFER-SQ2602E039R1-UTCL RAWAN-PLC-HMI.txt,SQ2602E039R1,HIGH,FOUND
SQ2602E040\QUOTATION FOR EXPER ENGINEER.txt,SQ2602E040,HIGH,FOUND
SQ2602E041\OFFER-SQ2602E041-DALMIA RAJGANGPUR-PROBE UPGRADATION.txt,SQ2602E041,HIGH,FOUND
SQ2602E042\OFFER-SQ2602E042-ADANI WILMAR-SERVICE.txt,SQ2602E042,HIGH,FOUND
SQ2602E043\SQ2602E043 AMC QUOTATION FOR NMDC.txt,SQ2602E043,HIGH,FOUND
SQ2602E044\OFFER-SQ2602E044-WEST BENGAL WASTE MANAGEMENT-SB30.txt,SQ2602E044,HIGH,FOUND
SQ2602E045\OFFER-SQ2602E045-JSPL ANGUL- SHS SPARE.txt,SQ2602E045,HIGH,FOUND
SQ2602E046\OFFER-SQ2602E046-JSPL ANGUL- SHS SPARE.txt,SQ2602E046,HIGH,FOUND
SQ2602E047\OFFER- SQ2602E047-JSPL ANGUL- SHS SPARE.txt,SQ2602E047,HIGH,FOUND
SQ2602E048\PRICED OFFER-SQ2602E048-DALMIA MEGHALAYA-SPARES.txt,SQ2602E048,HIGH,FOUND
SQ2602E049\OFFER-SQ2602E049-JSL-SHS & ANALYSER SPARES.txt,SQ2602E049,HIGH,FOUND
SQ2602E050\OFFER-SQ2602E050-SCION-U23 & O61.txt,SQ2602E050,HIGH,FOUND
SQ2602E051\OFFER-SQ2602E051-JAMIPOL-CERAMIC FILTER.txt,SQ2602E051,HIGH,FOUND
SQ2602E052\OFFER-SQ2602E052-NINL-CALIBRATION CYLINDER.txt,SQ2602E052,HIGH,FOUND
SQ2602E053\OFFER-SQ2602E053-TSM-SHS & CGA SPARES.txt,SQ2602E053,HIGH,FOUND
SQ2602E054\OFFER-SQ2602E054-IPSEN-U23 & FILTERS.txt,SQ2602E054,HIGH,NOT_FOUND
SQ2602E055\OFFER-SQ2602E055-TSM-CV SPARES.txt,SQ2602E055,HIGH,FOUND
SQ2602E056\OFFER-SQ2602E056-UTCL CUTTACK-SERVICE.txt,SQ2602E056,HIGH,FOUND
SQ2602E057\OFFER-SQ2602E057-NRL-SPARES.txt,SQ2602E057,HIGH,FOUND
SQ2602E058\PRICED OFFER-SQ2602E058-JSPL-ANGUL-SHS SAPRE.txt,SQ2602E058,HIGH,FOUND
SQ2602E059\PRICED OFFER-SQ2602E059-TSJ-PLC SPARE.txt,SQ2602E059,HIGH,FOUND
SQ2602G008\SQ2602G008 OFFER FOR GAS ANALYSER MODULE SPARE FOR BHILOSA INDUSTRY.txt,SQ2602G008,HIGH,NOT_FOUND
SQ2602G010\AMC OFFER SQ2602G010.txt,SQ2602G010,HIGH,FOUND
SQ2602G011\SQ2602G011 OFFER FOR SERVICE VISIT FOR BHILOSA INDUSTRY.txt,SQ2602G011,HIGH,FOUND
SQ2602G012\OFFER-SQ2602G012-HEG-SERVICE.txt,SQ2602G012,HIGH,FOUND
SQ2602G013\OFFER-SQ2602G013-OPAL-SERVICE.txt,SQ2602G013,HIGH,FOUND
SQ2602G014\SQ2602G014 Offer For SHS Spares_ RIL JMD.txt,SQ2602G014,HIGH,FOUND
SQ2602G015\SQ2602G015 OFFER FOR SERVICE SUPPORT FOR AMNS INDIA.txt,SQ2602G015,HIGH,FOUND
SQ2602H012\PRICED OFFER-SQ2602H012-DALMIA KADAPA-ACTUATOR.txt,SQ2602H012,HIGH,FOUND
SQ2602H013\PRICED OFFER-SQ2602H013-ZUARI YERAGUNTALA-O2 SENSOR.txt,SQ2602H013,HIGH,FOUND
SQ2602H014\OFFER-SQ2602H014-DALAMIA KADAPPA-SS FILTER.txt,SQ2602H014,HIGH,FOUND
SQ2602H015\OFFER-SQ2602H015-MY HOME-U23.txt,SQ2602H015,HIGH,FOUND
SQ2602H016\OFFER-SQ2602H016-UTCL APCW-APO2600006.txt,SQ2602H016,HIGH,FOUND
SQ2602H017\PRICED OFFER-SQ2602H017-ZUARI YERRAGUNTALA-PROBE ASSEMBLY.txt,SQ2602H017,HIGH,FOUND
SQ2602H018\PRICED OFFER-SQ2602H018-DALMIA KADAPA-1150116132.txt,SQ2602H018,HIGH,FOUND
SQ2602H019\OFFER-SQ2602H019-LYFIUS-ANALYSER SPARES & SPM.txt,SQ2602H019,HIGH,NOT_FOUND
SQ2602H020\PRICED OFFER-SQ2602H020-UTCL APCW-RFQ-26-405.txt,SQ2602H020,HIGH,FOUND
SQ2602H021\OFFER-SQ2602H021-SIRPUR-HMI AND SCAVENGING PANEL.txt,SQ2602H021,HIGH,FOUND
SQ2602H022\OFFER-SQ2602H022-VICAT-U23.txt,SQ2602H022,HIGH,FOUND
SQ2602H023\OFFER-SQ2602H023-ANDHRA PAPER-AMC.txt,SQ2602H023,HIGH,NOT_FOUND
SQ2602H024\PRICED OFFER-SQ2602H024-ZUARI SITAPURAM-AMC.txt,SQ2602H024,HIGH,NOT_FOUND
SQ2602H025\OFFER-SQ2602H025-CHETTINAD KALLUR-RETRACTION SPARES.txt,SQ2602H025,HIGH,FOUND
SQ2602H025\OFFER-SQ2602H025R1-220022092 -CHETTINAD KALLUR-RETRACTION SPARES.txt,SQ2602H025R1,HIGH,FOUND
SQ2602H026\OFFER-SQ2602H026-ZYETEL-CGA SPARE.txt,SQ2602H026,HIGH,FOUND
SQ2602H027\OFFER-SQ2602H027-BHARATHI CEMENT-SPARES.txt,SQ2602H027,HIGH,NOT_FOUND
SQ2602H028\OFFER-SQ2602H028-ELLENBERRIE-SERVICE.txt,SQ2602H028,HIGH,FOUND
SQ2602H028\OFFER-SQ2602H028R1-ELLENBERRIE-SERVICE.txt,SQ2602H028R1,HIGH,FOUND
SQ2602H028\OFFER-SQ2602H028R2-ELLENBERRIE-SERVICE.txt,SQ2602H028R2,HIGH,FOUND
SQ2602H029\PRICED OFFER-SQ2602H029-ZUARI YERRAGUNTALA-U23.txt,SQ2602H029,HIGH,FOUND
SQ2602H030\PRICED OFFER-SQ2602H030-ZUARI SITAPURAM-PUMP.txt,SQ2602H030,HIGH,FOUND
SQ2602H031\OFFER-SQ2602H031_Quotation for Gas Analyser Repair Charges-Chettinad cement U23.txt,SQ2602H031,HIGH,FOUND
SQ2602H032\OFFER-SQ2602H032-SANDVIK-SERVICE.txt,SQ2602H032,HIGH,FOUND
SQ2602H033\OFFER-SQ2602H033-BHAVYA CEMENT-SHS SPARE..txt,SQ2602H033,HIGH,FOUND
SQ2602N024\OFFER-SQ2602N024-JK LAKSHMI SIROHI-ANALYSER SPARES.txt,SQ2602N024,HIGH,FOUND
SQ2602N025\OFFER-SQ2602N025-AMBUJA MARWAR CEMENT -AAQMS & CEMS.txt,SQ2602N025,HIGH,NOT_FOUND
SQ2602N026\OFFER-SQ2602N026-AMBUJA MARWAR CEMENT_ PROCESS GAS ANALYSER.txt,SQ2602N026,HIGH,NOT_FOUND
SQ2602N027\OFFER-SQ2602N027-SCL NAWALGHARH-REFILLING CYLINDERS.txt,SQ2602N027,HIGH,FOUND
SQ2602N028\OFFER-SQ2602N028-MARWAR CEMENT-SPARES.txt,SQ2602N028,HIGH,FOUND
SQ2602N029\OFFER-SQ2602N029-UTCL ADITYA-SERVICE.txt,SQ2602N029,HIGH,FOUND
SQ2602N030\OFFER-SQ2602N030-DELHI MSW-6100332734.txt,SQ2602N030,HIGH,FOUND
SQ2602N031\OFFER-SQ2602N031-UTCL ADITYA-SS FILTER.txt,SQ2602N031,HIGH,FOUND
SQ2602N032\OFFER-SQ2602N032-DELHI MSW-DATA LOGGER & HOSTING.txt,SQ2602N032,HIGH,FOUND
SQ2602N033\OFFER-SQ2602N033-SCL NAWALGARH-DR290.txt,SQ2602N033,HIGH,FOUND
SQ2602N034\OFFER-SQ2602N034-ACC LAKHERI-U23.txt,SQ2602N034,HIGH,FOUND
SQ2602N035\OFFER-SQ2602N035-JK WHITE GOTAN-SPARES.txt,SQ2602N035,HIGH,FOUND
SQ2602N036\PRICED OFFER-SQ2602N036-UTCL PALI-RFQ-26-155.txt,SQ2602N036,HIGH,FOUND
SQ2602N036\SCREENSHOTS.txt,,LOW,FOUND
SQ2602N037\OFFER-SQ2602N037-SHREE CEMENT NAWALGARH-SPARES.txt,SQ2602N037,HIGH,FOUND
SQ2602N038\OFFER-SQ2602N038- GVK POWER-U23 SPARE.txt,SQ2602N038,HIGH,FOUND
SQ2602N038\OFFER-SQ2602N038R1- GVK POWER-U23 SPARE.txt,SQ2602N038R1,HIGH,FOUND
SQ2602N039\PRICED OFFER-SQ2602N039-UTCL NATHDWARA-RFQ-26-147.txt,SQ2602N039,HIGH,FOUND
SQ2602N040\PRICED OFFER-SQ2602N040-UTCL ADITYA-RFQ-26-351.txt,SQ2602N040,HIGH,FOUND
SQ2602N041\PRICED OFFER-SQ2602N041-IOCL PANIPATH-7178136.txt,SQ2602N041,HIGH,FOUND
SQ2602N042\PRICED OFFER-SQ2602N042-WONDER CEMENT-PR26019878.txt,SQ2602N042,HIGH,FOUND
SQ2602N043\OFFER-SQ2602N043-INDIA GLYCOLS-GC SPARES-0080030934-6000120744.txt,SQ2602N043,HIGH,NOT_FOUND
SQ2602N044\OFFER-SQ2602N044-CENTURY PULP & PAPER-SPARES.txt,SQ2602N044,HIGH,FOUND
SQ2602N045\PRICED OFFER-SQ2602N045-UTCL PALI-HEAT EXCHANGER.txt,SQ2602N045,HIGH,FOUND
SQ2602N046\OFFER-SQ2602N046-AMBUJA MARWAR MUNDWA-SERVICE.txt,SQ2602N046,HIGH,FOUND
SQ2602N046\OFFER-SQ2602N046R1-AMBUJA MARWAR MUNDWA-SERVICE.txt,SQ2602N046R1,HIGH,FOUND
SQ2602N047\PRICED OFFER-SQ2602N047-PSPCL-818SPCL.txt,SQ2602N047,HIGH,FOUND
SQ2602N048\OFFER-SQ2602N048-AIR LIQUIDE-KOSI-CGA SPARES.txt,SQ2602N048,HIGH,FOUND
SQ2602N049\PRICED OFFER-SQ2602N049-UDAIPUR CEMENT-6000134858.txt,SQ2602N049,HIGH,FOUND
SQ2602N050\OFFER-SQ2602N050-UTCL-RAJSHREE-SAMPLE PUMP.txt,SQ2602N050,HIGH,FOUND
SQ2602N051\OFFER-SQ2602N051-ACC LAKHERI-SERVICE.txt,SQ2602N051,HIGH,FOUND
SQ2602N052\OFFER-SQ2602N052-UTCL BIRLA WHITE-N89 SPARE KIT.txt,SQ2602N052,HIGH,FOUND
SQ2602N053\OFFER-SQ2602N053-UTCL PALI-PRESSURE SWITCH.txt,SQ2602N053,HIGH,FOUND
SQ2602W021\SQ2602W021 OFFER FOR COMMISSIOING SUPPORT FOR JNK INDIA IOCL GUJARAT PROJECT.txt,SQ2602W021,HIGH,FOUND
SQ2602W022\SQ2602W022 OFFER FOR GAS ANALYSER MODULE FOR BLOOM ENERGY.txt,SQ2602W022,HIGH,FOUND
SQ2602W024\SQ2602W024 OFFER FOR OXYGEN GAS ANALYSER MODULE FOR UTCL VIKRAM.txt,SQ2602W024,HIGH,FOUND
SQ2602W025\SQ2602W025 TECHNICAL OFFER FOR SPARE FOR JSW STEEL COLOUR COATED LTD TARAPUR.txt,SQ2602W025,HIGH,NOT_FOUND
SQ2602W026\SQ2602W026 - OFFER FOR GAS ANALYSER SPARES-AMNS HAZIRA.txt,SQ2602W026,HIGH,FOUND
SQ2602W027\OFFER-SQ2602W027-GAURI ENT.-RING HEATER.txt,SQ2602W027,HIGH,NOT_FOUND
SQ2602W028\SQ2602W028 OFFER FOR SPARE FOR UTCL VIKRAM CEMENT WORKS.txt,SQ2602W028,HIGH,NOT_FOUND
SQ2602W029\SQ2602W029 OFFER FOR SPARE FOR UTCL RAJASHREE CEMENT WORKS.txt,SQ2602W029,HIGH,NOT_FOUND
SQ2602W030\SQ2602W030 - OFFER FOR GAS ANALYSER SPARES-JK PANNA.txt,SQ2602W030,HIGH,FOUND
SQ2602W032\SQ2602W032 OFFER FOR ANALYSER SPARE FOR JNK INDIA PVT LTD.txt,SQ2602W032,HIGH,NOT_FOUND
SQ2602W033\SQ2602W033 OFFER FOR GAS ANALYSER MODULE FOR UTCL VIKRAM.txt,SQ2602W033,HIGH,FOUND
SQ2602W034\SQ2602W034 - OFFER FOR GAS ANALYSER SPARES-JSW DOLVI.txt,SQ2602W034,HIGH,FOUND
SQ2602W035\SQ2602W035 OFFER FOR GAS ANALYSER SPARE FOR THERMAX B&H.txt,SQ2602W035,HIGH,NOT_FOUND
SQ2602W036\SQ2602W036 OFFER FOR GAS ANALYSER MODULE SPARES FOR MUMBADEVI STEEL.txt,SQ2602W036,HIGH,NOT_FOUND
SQ2602W037\SQ2602W037 - OFFER FOR GAS ANALYSER SPARES-AMNS HAZIRA.txt,SQ2602W037,HIGH,FOUND
SQ2602W038\SQ2602W038 OFFER FOR GAS ANALYSER MODULE FOR LEMUS ENTERPRISES.txt,SQ2602W038,HIGH,FOUND
SQ2602W039\SQ2602W039 OFFER FOR GAS ANALYSER SPARE FOR PRANEEL EXPORT.txt,SQ2602W039,HIGH,NOT_FOUND
SQ2602W040\SQ2602W040 OFFER FOR AMETEK ADA ANALYSER SPARE FOR HPCL MUMBAI.txt,SQ2602W040,HIGH,NOT_FOUND
SQ2602W042\SQ2602W042 OFFER FOR SPARE FOR UTCL RAJASHREE CEMENT WORKS.txt,SQ2602W042,HIGH,NOT_FOUND
SQ2602W043\SQ2602W043- OFFER FOR GAS ANALYZER SPARES.txt,2602W043,HIGH,FOUND
SQ2602W044\SQ2603W044 OFFER FOR AMETEK WGD V SPARE FOR BPCL BINA REFINERY.txt,SQ2602W044,HIGH,NOT_FOUND
SQ2602X004\OFFER-SQ2602X004-KENT OCEAN-COOLER.txt,SQ2602X004,HIGH,NOT_FOUND
SQ2602X005\OFFER-SQ2602X005-HG AUTOMATION-COOLER.txt,SQ2602X005,HIGH,NOT_FOUND
SQ2602X006\OFFER-SQ2602X006-TESFA-COOLER.txt,SQ2602X006,HIGH,NOT_FOUND
SQ2602X007\OFFER-SQ2602X007-A CHAU INDUSTRIAL MATERIALS JSC- SS FILTER-SHS SPARE.txt,SQ2602X007,HIGH,NOT_FOUND
SQ2602X008\OFFER-SQ2602X008-HOA PHAT- SS FILTER-SHS SPARE.txt,SQ2602X008,HIGH,NOT_FOUND
SQ2603B018\OFFER-SQ2603B018-UNIVERSAL AIR PRODUCT-SERVICE.txt,SQ2603B018,HIGH,FOUND
SQ2603B019\SQ2603B019_TECHNO_COMMERCIAL QUOTATION.txt,SQ2603B019,HIGH,FOUND
SQ2603B020\OFFER-SQ2603B020-PARADEEP PHOSPHATES-2000284617.txt,SQ2603B020,HIGH,NOT_FOUND
SQ2603C022\OFFER-SQ2603C022-MEPCO-O61.txt,SQ2603C022,HIGH,FOUND
SQ2603C023\OFFER-SQ2603C023-COROMANDEL RANIPET-ASSEMBLY BOARD.txt,SQ2603C023,HIGH,FOUND
SQ2603C024\PRICED OFFER-SQ2603C024-RAMCO ARIYALUR-PUMP.txt,SQ2603C024,HIGH,FOUND
SQ2603C025\OFFER-SQ2603C025-JSW SALEM-CYLINDERS.txt,SQ2603C025,HIGH,FOUND
SQ2603C026\OFFER-SQ2603C026-INDIA CEMENT-PROBE.txt,SQ2603C026,HIGH,FOUND
SQ2603C027\OFFER-SQ2603C027-ORIENT CEMENT-ANALYSERS.txt,SQ2603C027,HIGH,FOUND
SQ2603C028\OFFER-SQ2603C028-HINDALCO-BELGAUM-U23 & O61 SPARES.txt,,LOW,NOT_FOUND
SQ2603E060\OFFER-SQ2603E060-1104129229-SHS SPARE.txt,SQ2603E060,HIGH,FOUND
SQ2603E061\OFFER-SQ2603E061-1104167606-TSJ-SHS SPARE.txt,SQ2603E061,HIGH,FOUND
SQ2603E062\OFFER-SQ2603E062-AMBUJA BHATAPARA-SPARES.txt,SQ2603E062,HIGH,FOUND
SQ2603E063\OFFER-SQ2603E063-6400009381-JAYASWAL NECO- ANALYSER SPARE.txt,SQ2603E063,HIGH,FOUND
SQ2603E064\OFFER-SQ2603E064-JSPL-U6-O61-CGA.txt,SQ2603E064,HIGH,FOUND
SQ2603E065\OFFER-SQ2603E065-1104178050-TSM-CV SPARES.txt,SQ2603E065,HIGH,FOUND
SQ2603E066\OFFER-SQ2603E066- 1104178017-TSK LDS-6 SPARES.txt,SQ2603E066,HIGH,FOUND
SQ2603E067\SQ2603E067_TECHNO_COMMERCIAL QUOTATION.txt,SQ2603E067,HIGH,FOUND
SQ2603E068\OFFER-SQ2603E068-IOCL BARAUNI-AMETEK SPARES.txt,SQ2603E068,HIGH,NOT_FOUND
SQ2603E069\OFFER-SQ2603E069-LINDE-SERVICE.txt,SQ2603E069,HIGH,FOUND
SQ2603E070\OFFER-SQ2603E070-DALMIA CEMENT RAJGANGPUR-CGA SPARES.txt,,LOW,NOT_FOUND
SQ2603E071\OFFER-SQ2603E071-1000244073-SHS SPARE.txt,,LOW,NOT_FOUND
SQ2603E072\PRICED OFFER-SQ2603E072-JSW JAJPUR-O2 SENSOR.txt,SQ2603E072,HIGH,FOUND
SQ2603E073\OFFER-SQ2603E073-JSL KALINGANAGAR-SHS SPARE.txt,,LOW,NOT_FOUND
SQ2603E073\OFFER-SQ2603E073R1-JSL KALINGANAGAR-SHS SPARE.txt,,LOW,NOT_FOUND
SQ2603E074\OFFER-SQ2603E074-UTCL DANKUNI-SPARES.txt,SQ2603E074,HIGH,FOUND
SQ2603E075\OFFER-SQ2603E075-JSPL-CV SPARES.txt,,LOW,NOT_FOUND
SQ2603E076\OFFER-SQ2603E076-1600294815-TSL ALL SITES-ARC.txt,SQ2603E076,HIGH,FOUND
SQ2603E077\OFFER-SQ2603E077-AMBUJA BHATAPARA-L3_4070.txt,SQ2603E077,HIGH,FOUND
SQ2603E077R1\OFFER-SQ2603E077R1-AMBUJA BHATAPARA-SPARES.txt,SQ2603E077R1,HIGH,NOT_FOUND
SQ2603E078\OFFER-SQ2603E078R2-TSL NINL-SPARES.txt,SQ2603E078R2,HIGH,NOT_FOUND
SQ2603E078\TECHNICAL OFFER-SQ2603E078-TSL NINL-SPARES.txt,SQ2603E078,HIGH,NOT_FOUND
SQ2603E078\TECHNICAL OFFER-SQ2603E078R1-TSL NINL-SPARES.txt,SQ2603E078R1,HIGH,NOT_FOUND
SQ2603E080\OFFER-SQ2603E080-AMBUJA BHATAPARA-FLOWMETER.txt,SQ2603E080,HIGH,FOUND
SQ2603E081\OFFER-SQ2603E081-STAR CEMENT-LCD DISPLAY.txt,SQ2603E081,HIGH,FOUND
SQ2603E082\OFFER-SQ2603E082-1104198339-TSJ-TUBES.txt,SQ2603E082,HIGH,FOUND
SQ2603E083\OFFER-SQ2603E083-AMBUJA BHATAPARA-CGA SPARES.txt,SQ2603E083,HIGH,FOUND
SQ2603E084\OFFER-SQ2603E084-JSOL ANGUL- SHS & CGA SPARES.txt,,LOW,NOT_FOUND
SQ2603E085\OFFER-SQ2603E085-INDORAMA-CGA SPARES.txt,,LOW,NOT_FOUND
SQ2603E086\OFFER-SQ2603E086-SAIL DSP-O61.txt,,LOW,NOT_FOUND
SQ2603E086\OFFER-SQ2603E086R1-SAIL DSP-O61.txt,,LOW,NOT_FOUND
SQ2603E087\OFFER-SQ2603E087-TATA STEEL LIMITED-MERAMANDALI-SHS SPARES.txt,,LOW,NOT_FOUND
SQ2603E088\OFFER-SQ2603E088-WEST BENGAL WASTE MANAGEMENT-SAMPLE GAS COOLER.txt,,LOW,NOT_FOUND
SQ2603E089\OFFER-SQ2603E089-INDUSTRIAL SHAPERS- CGA SPARES.txt,SQ2603E089,HIGH,NOT_FOUND
SQ2603E090\OFFER-SQ2603E090-UTCL RAWAN- SPARE SCAVENGING PANEL WITH.txt,SQ2603E090,HIGH,FOUND
SQ2603E090\PRICED OFFER-SQ2603E090R1-UTCL RAWAN-SCAVENGING PANEL.txt,SQ2603E090R1,HIGH,FOUND
SQ2603E091\OFFER-SQ2603E091-LINDE- CGA SPARE.txt,SQ2603E091,HIGH,NOT_FOUND
SQ2603E092\OFFER-SQ2603E092-AMBUJA BHATAPARA-SPARES.txt,SQ2603E092,HIGH,FOUND
SQ2603E093\OFFER-SQ2603E093-RUNGTA MINES [MODIFICATION].txt,SQ2603E093,HIGH,NOT_FOUND
SQ2603E093\OFFER-SQ2603E093R1-RUNGTA MINES [MODIFICATION].txt,SQ2603E093R1,HIGH,NOT_FOUND
SQ2603E094\OFFER-SQ2603E094-JSL-ANGUL- SAMPLE PROBE ASSEMBELY AND SOV'S.txt,,LOW,NOT_FOUND
SQ2603E095\OFFER-SQ2603E095-JSL-ANGUL-SHS AND CGA SPARES.txt,,LOW,NOT_FOUND
SQ2603E096\PRICED OFFER-SQ2603E096-JSSL-1600636866.txt,SQ2603E096,HIGH,FOUND
SQ2603E097\OFFER-SQ2603E097-JSL-ANGUL-SHS AND CGA SPARES.txt,,LOW,NOT_FOUND
SQ2603G016\SQ2603G016 Offer for Adage_Siemens Make Spares.txt,SQ2603G016,HIGH,FOUND
SQ2603G017\SQ2603G017 Offer For GC Spares_ RIL JMD.txt,SQ2603G017,HIGH,FOUND
SQ2603G019\SQ2603G019 TECHNO-COMMERCIAL QUOTATION.txt,SQ2603G019,HIGH,FOUND
SQ2603G020\AMC OFFER-SQ2603G020.txt,SQ2603G020,HIGH,NOT_FOUND
SQ2603G021\SQ2603G021_ AMC_QUOTATION.txt,SQ2603G021,HIGH,FOUND
SQ2603G022\SQ2603G022 OFFER FOR SERVICE ENGINEER VISIT FOR AMNS INDIA.txt,SQ2603G022,HIGH,FOUND
SQ2603G024\OFFER-SQ2603G024-VADRAJ -DATA LOGGER & HOSTING.txt,SQ2603G024,HIGH,FOUND
SQ2603G025\SQ2603G025 Offer For Analyser Spares RIL_ DMD.txt,SQ2603G025,HIGH,FOUND
SQ2603H034\OFFER-SQ2603H034-PENNA CEMENT_ PROCESS GAS ANALYSER.txt,SQ2603H034,HIGH,NOT_FOUND
SQ2603H035\OFFER-SQ2603H035-DALMIA-SAMPLE PROBE AND SCAVINGING.txt,SQ2603H035,HIGH,FOUND
SQ2603H036\OFFER-SQ2603H036-ORIENT CEMENT- ANALYSER SPARES.txt,SQ2603H036,HIGH,FOUND
SQ2603H037\OFFER-SQ2603H037-JINDAL SAW LIMITED-ANALYSER SPARE.txt,SQ2603H037,HIGH,FOUND
SQ2603H037\OFFER-SQ2603H037R1-JINDAL SAW LIMITED-ANALYSER SPARE.txt,SQ2603H037R1,HIGH,FOUND
SQ2603H038\OFFER-SQ2603H038-UTCL APCW-APO2600215.txt,SQ2603H038,HIGH,FOUND
SQ2603H039\OFFER-SQ2603H039-MY HOME-SHS SPARE.txt,SQ2603H039,HIGH,FOUND
SQ2603H040\OFFER-SQ2603H040-CHETTINAD GUNTUR-DW1-PR-10027045.txt,SQ2603H040,HIGH,FOUND
SQ2603H041\OFFER-SQ2603H041-MY HOME-U23.txt,SQ2603H041,HIGH,FOUND
SQ2603H042\OFFER-SQ2603H042-100032590-CHETTINAD CEMENT-SHS SPARES.txt,SQ2603H042,HIGH,FOUND
SQ2603H043\OFFER-SQ2603H043-PROBE ASSEMBELY & SCAVENGING PANEL.txt,SQ2603H043,HIGH,FOUND
SQ2603H044\OFFER-SQ2603H044-MY HOME-PUMP.txt,SQ2603H044,HIGH,FOUND
SQ2603H045\OFFER-SQ2603H045-KCP-SOV.txt,SQ2603H045,HIGH,FOUND
SQ2603H046\SCREENSHOTS-7254376.txt,,LOW,FOUND
SQ2603H046\SCREENSHOTS-7408392.txt,,LOW,FOUND
SQ2603H047\PRICED OFFER-SQ2603H047-UTCL APCW-5692.txt,SQ2603H047,HIGH,FOUND
SQ2603H048\OFFER-SQ2603H048-MY HOME-PR-11_48304.txt,SQ2603H048,HIGH,FOUND
SQ2603H049\PRICED OFFER-SQ2603H049-UTCL APCW-5707.txt,SQ2603H049,HIGH,FOUND
SQ2603H050\OFFER-SQ2603H050-UTCL APCW-SERVICE.txt,SQ2603H050,HIGH,FOUND
SQ2603H051\OFFER-SQ2603H051-KCP MACHERLA-PUMP.txt,SQ2603H051,HIGH,FOUND
SQ2603H052\OFFER-SQ2603H052-UTCL APCW-APO2600345.txt,SQ2603H052,HIGH,FOUND
SQ2603H053\OFFER-SQ2603H053-UTCL APCW-APO2600346.txt,SQ2603H053,HIGH,FOUND
SQ2603H054\OFFER-SQ2603H054-JK CEMENT.txt,SQ2603H054,HIGH,NOT_FOUND
SQ2603H055\OFFER-SQ2603H055-PIONEER ALUMINIUM.txt,SQ2603H055,HIGH,NOT_FOUND
SQ2603N054\OFFER-SQ2603N054-HPCL MITTAL-AMETEK CHIPS.txt,SQ2603N054,HIGH,FOUND
SQ2603N054\PRICED OFFER_SQ2603N054R1_HMEL-13070-3100005403_AMETEK.txt,SQ2603N054R1,HIGH,NOT_FOUND
SQ2603N055\PRICED OFFER-SQ2603N055-WONDER CEMENT-30883.txt,SQ2603N055,HIGH,FOUND
SQ2603N055\PRICED OFFER-SQ2603N055R1-WONDER CEMENT-30883.txt,SQ2603N055R1,HIGH,FOUND
SQ2603N056\OFFER-SQ2603N056-BHEL-SHS SPARE.txt,SQ2603N056,HIGH,FOUND
SQ2603N057\OFFER-SQ2603N057-EVERENVIRO-SPARES.txt,SQ2603N057,HIGH,FOUND
SQ2603N058\PRICED OFFER_SQ2603N058_GAIL PATA_20135927_AKR.txt,,LOW,NOT_FOUND
SQ2603N059\OFFER SQ2603N059 LDS 6 NH3 - Doosan.txt,SQ2603N059,HIGH,FOUND
SQ2603N060\OFFER-SQ2603N060-AMBUJA ROPAR- SHS AND ANALYSER MODULE.txt,,LOW,NOT_FOUND
SQ2603N061\OFFER-SQ2603N061-RUNCON-SPARES.txt,SQ2603N061,HIGH,NOT_FOUND
SQ2603N062\OFFER-SQ2603N062-AMBUJA MARWAR MUNDWA-SPARES.txt,SQ2603N062,HIGH,FOUND
SQ2603N064\9933_PO_1201038700.txt,,LOW,FOUND
SQ2603N065\OFFER-SQ2603N065-CENTURY PULP & PAPER-HMI.txt,SQ2603N065,HIGH,FOUND
SQ2603N067\SCREENSHOTS-RA.txt,,LOW,FOUND
SQ2603N069\PRICED OFFER-SQ2603N069-UTCL ADITYA-COOLER.txt,SQ2603N069,HIGH,FOUND
SQ2603N071\SCREENSHOTS-RA.txt,,LOW,FOUND
SQ2603N072\Gem-Bidding-seller-un-9067994-Comp4c208f1f855d586a90b42ad5efb4ff3e.txt,,LOW,FOUND
SQ2603N073\OFFER-SQ2603N073-MARWAR CMENT-PTFE TUBE.txt,,LOW,NOT_FOUND
SQ2603N074\SCREENSHOTS.txt,,LOW,FOUND
SQ2603N076\SCREENSHOTS-RA.txt,,LOW,FOUND
SQ2603N077\SCREENSHOTS-RA.txt,,LOW,FOUND
SQ2603W045\SQ2603W045 - OFFER FOR GAS ANALYSER SPARES-AMNS HAZIRA.txt,SQ2603W045,HIGH,FOUND
SQ2603W046\SQ2603W046 - OFFER FOR IOT DEVICE-AMNS HAZIRA.txt,SQ2603W046,HIGH,FOUND
SQ2603W047\OFFER-SQ2603W047-ACC AMETHA-SPARES.txt,SQ2603W047,HIGH,NOT_FOUND
SQ2603W048\SQ2603W048_Reliance Industries Limited_CEMS_AMC.txt,SQ2603W048,HIGH,NOT_FOUND
SQ2603W050\SQ2603W050 OFFER FOR GC SPARES _HMD.txt,SQ2603W050,HIGH,FOUND
SQ2603W051\SQ2603W051_TECHNO_COMMERCIAL QUOTATION_FOR UTCL MANIKGARH CEMENT.txt,SQ2603W051,HIGH,NOT_FOUND
SQ2603W052\SQ2603W052 OFFER FOR GAS ANALYSER MODULE SPARE FOR UTCL MANIKGARH CEMENT WORKS.txt,SQ2603W052,HIGH,NOT_FOUND
SQ2603W053\SQ2603W053 OFFER FOR SPARE FOR SAURASHTRA HATHI CEMENT.txt,SQ2603W053,HIGH,NOT_FOUND
SQ2603W054\SQ2603W054- OFFER FOR SERVICE FOR UTCL AWARPUR CEMENT.txt,SQ2603W054,HIGH,FOUND
SQ2603W055\SQ2603W055 OFFER FOR SPARE FOR HPCL AMETEK ANALYSERS.txt,SQ2603W055,HIGH,NOT_FOUND
SQ2603W056\SQ2603W056 OFFER FOR SPARE FOR UTCL RAJASHREE CEMENT WORKS.txt,SQ2603W056,HIGH,NOT_FOUND
SQ2603W057\SQ2603W057 OFFER FOR SPARE FOR UTCL DHAR CEMENT WORKS.txt,SQ2603W057,HIGH,NOT_FOUND
SQ2603W058\SQ2603W058 OFFER FOR SPARE FOR UTCL GUJARAT CEMENT WORKS.txt,SQ2603W058,HIGH,NOT_FOUND
SQ2603W059\SQ2603W059 OFFER FOR SPARE FOR UTCL BELA CEMENT WORKS.txt,SQ2603W059,HIGH,NOT_FOUND
SQ2603W060\SQ2603W060 OFFER FOR SPARE FOR UTCL BELA CEMENT WORKS.txt,SQ2603W060,HIGH,NOT_FOUND
SQ2603W062\SQ2603W062 - OFFER FOR GAS ANALYSER MODULE-DALMIA CEMENT.txt,SQ2603W062,HIGH,FOUND
SQ2603W063\SQ2603W063 R01 SPARES FOR SAIL.txt,,HIGH,FOUND
SQ2603W064\SQ2603W064 Offer For GC Spares_ RIL JMD.txt,SQ2603W064,HIGH,FOUND
SQ2603W065\SQ2603W065 OFFER FOR SPARE FOR UTCL BELA CEMENT WORKS.txt,SQ2603W065,HIGH,NOT_FOUND
SQ2603W066\SQ2603W066 OFFER FOR SPARE FOR UTCL BELA CEMENT WORKS.txt,SQ2603W066,HIGH,NOT_FOUND
SQ2603W067\SQ2603W067 OFFER FOR SPARE FOR UTCL BELA CEMENT WORKS.txt,SQ2603W067,HIGH,NOT_FOUND
SQ2603W068\SQ2603W068 OFFER FOR SPARE FOR UTCL GUJARAT CEMENT WORKS.txt,SQ2603W068,HIGH,NOT_FOUND
SQ2603W069\SQ2603W069 OFFER FOR SPARE FOR UTCL MAIHAR CEMENT WORKS.txt,SQ2603W069,HIGH,NOT_FOUND
SQ2603W069\SQ2603W069R1 OFFER FOR SPARE FOR UTCL MAIHAR CEMENT WORKS.txt,SQ2603W069R1,HIGH,NOT_FOUND
SQ2603W070\SQ2603W070 OFFER FOR SPARE FOR UTCL BELA CEMENT WORKS.txt,SQ2603W070,HIGH,NOT_FOUND
SQ2603W071\SQ2603W071 Offer For SHS SPARES RIL_ DMD.txt,SQ2603W071,HIGH,FOUND
SQ2603W072\SOW.txt,SQ2603W072,HIGH,NOT_FOUND
SQ2603W074\SQ2603W074 SPARES FOR  RMR SOLUTIONS INDIA.txt,SQ2603W074,HIGH,FOUND
SQ2603X009\OFFER-SQ2603X009-PR NO-1200005332-NATIONAL CEMENT COMPANY LIMITED – SHS.txt,SQ2603X009,HIGH,NOT_FOUND
SQ2603X010\OFFER-SQ2603X010-MOMBASA-0020011590.txt,SQ2603X010,HIGH,FOUND
SQ2603X010\OFFER-SQ2603X010R1-MOMBASA-0020011590.txt,SQ2603X010R1,HIGH,FOUND
SQ2603X010\OFFER-SQ2603X010R2-MOMBASA-0020011590.txt,SQ2603X010R2,HIGH,FOUND
SQ2603X011\OFFER-SQ2603X011-CHIPMONG-SPARES.txt,SQ2603X011,HIGH,NOT_FOUND
SQ2604B021\OFFER-SQ2604B021-HINDALCO BELGAUM-SPARES.txt,SQ2604B021,HIGH,FOUND
SQ2604B022\OFFER-SQ2604B022-SLRM-SPARES.txt,SQ2604B022,HIGH,FOUND
SQ2604C030\SCREENSHOTS-7370960.txt,,LOW,FOUND
SQ2604C031\SCREENSHOTS-7397748.txt,,LOW,FOUND
SQ2604C032\OFFER-SQ2604C032-TRAVANCORE-DATA LOGGER & HOSTING.txt,SQ2604C032,HIGH,FOUND
SQ2604C033\OFFER-SQ2604C033-NTPC-KAYAMKULAM-DATA LOGGER & HOSTING SUPPLY & CMC.txt,SQ2604C033,HIGH,NOT_FOUND
SQ2604C034\OFFER-SQ2604C034-MEPCO-CGA SPARES.txt,,LOW,NOT_FOUND
SQ2604C035\OFFER-SQ2604C035-ACC WADI-U23 & PUMP.txt,SQ2604C035,HIGH,FOUND
SQ2604C036\OFFER-SQ2604C036-CPCL- AMETEK SPARES.txt,EMAIL,HIGH,FOUND
SQ2604C037\OFFER-SQ2604C037-DALMIA CEMENT-DALMIAPURAM-RETRACTION SPARES.txt,SQ2604C037,HIGH,FOUND
SQ2604C038\OFFER-SQ2604C038-MEPCO-PREFILTER ASSEMBLY.txt,SQ2604C038,HIGH,FOUND
SQ2604E098\OFFER-SQ2604E098-TSL-JSR- FILTER ELEMET.txt,,LOW,NOT_FOUND
SQ2604E099\OFFER-SQ2604E099-LINDE-SERVICE.txt,SQ2604E099,HIGH,FOUND
SQ2604E100\TECHNICAL OFFER.txt,SQ2604E100,HIGH,NOT_FOUND
SQ2604E101\TECHNO_COMMERCIAL QUOTATION_NSPCL.txt,SQ2604E101,HIGH,NOT_FOUND
SQ2604E102\OFFER-SQ2604E102-IOCL-PARADIP-CGA SPARE.txt,,LOW,NOT_FOUND
SQ2604E103\OFFER-SQ2604E103-1104215504-TSK-SHS SPARES.txt,,LOW,NOT_FOUND
SQ2604E104\OFFER-SQ2604E104-UTCL RAWAN-SERVICE.txt,SQ2604E104,HIGH,FOUND
SQ2604E105\OFFER-SQ2604E105-JSL ANGUL-O61.txt,SQ2604E105,HIGH,NOT_FOUND
SQ2604E105\OFFER-SQ2604E105R1-1000244092-JSL ANGUL-O61.txt,SQ2604E105R1,HIGH,NOT_FOUND
SQ2604E106\OFFER-SQ2604E106-RUNGTA MINES-SHS SPARES AND ANALYSER MODULE.txt,,LOW,NOT_FOUND
SQ2604E107\OFFER-SQ2604E107-JSL ANGUL-SERVICE.txt,SQ2604E107,HIGH,FOUND
SQ2604E108\PRICED OFFER-SQ2604E108-UTCL RAWAN-RFQ-26-2443.txt,SQ2604E108,HIGH,FOUND
SQ2604E108\SCREENSHOTS (1).txt,,LOW,FOUND
SQ2604E108\SCREENSHOTS.txt,,LOW,FOUND
SQ2604E109\OFFER-SQ2604E109-NTPC-LARA DATA LOGGER & HOSTING SUPPLY & CMC.txt,SQ2604E109,HIGH,NOT_FOUND
SQ2604E110\OFFER-SQ2604E110-1000246509-JSL-ANGUL SHS SPARES.txt,,LOW,NOT_FOUND
SQ2604E111\OFFER-SQ2604E111-1000246504-JSL-ANGUL-SHA SPARES.txt,,LOW,NOT_FOUND
SQ2604E112\OFFER-SQ2604E112-NTPC-BARH-DATA LOGGER & HOSTING SUPPLY & CMC.txt,SQ2604E112,HIGH,NOT_FOUND
SQ2604E113\OFFER-SQ2604E113-ADANI WILMAR-HEAD CLEANING PUMP.txt,,LOW,NOT_FOUND
SQ2604E114\OFFER-SQ2604E114-JSL-ANGUL-UINION SPARE.txt,,LOW,NOT_FOUND
SQ2604E115\SQ2604E115_OFFER JINDALSTAINLESS.txt,SQ2604E115,HIGH,NOT_FOUND
SQ2604E116\OFFER-SQ2604E116-JFL-UNION SPARES.txt,SQ2604E116,HIGH,NOT_FOUND
SQ2604E116\OFFER-SQ2604E116R1-JFL-UNION SPARES.txt,SQ2604E116R1,HIGH,NOT_FOUND
SQ2604E116\OFFER-SQ2604E116R2-3500002134-JFL-UNION SPARES.txt,SQ2604E116R2,HIGH,NOT_FOUND
SQ2604E117\OFFER-SQ2604E117-SAIL BHILAI-CV SPARES.txt,SQ2604E117,HIGH,NOT_FOUND
SQ2604E118\OFFER-SQ2604E118-1000248920- JSL-ANGUL-SHS SPARE.txt,,LOW,NOT_FOUND
SQ2604E119\OFFER-SQ2604E118-1000248920- JSL-ANGUL-SHS SPARE.txt,,LOW,NOT_FOUND
SQ2604E120\OFFER-SQ2604E120-1000248962-JSL-ANGUL-SHS SPARE.txt,,LOW,NOT_FOUND
SQ2604E121\OFFER-SQ2604E121-1104238027-TSM-SHS SPARE.txt,,LOW,NOT_FOUND
SQ2604E122\OFFER-SQ2604E122-1700000397-GIRIDHAN METAL-SHS SPARE.txt,,LOW,NOT_FOUND
SQ2604E123\OFFER-SQ2604E123-SAIL-ISP-DATA LOGGER & HOSTING.txt,SQ2604E123,HIGH,FOUND
SQ2604E124\OFFER-SQ2604E124-ABB-SPARES.txt,SQ2604E124,HIGH,NOT_FOUND
SQ2604E125\OFFER-SQ2604E125-ABB-SERVICE.txt,SQ2604E125,HIGH,NOT_FOUND
SQ2604E126\OFFER-SQ2604E126-RNB CEMENT-CONDENSATE VESSEL.txt,SQ2604E126,HIGH,FOUND
SQ2604E127\SCREENSHOTS-7458353.txt,,LOW,FOUND
SQ2604E128\OFFER-SQ2604E128-1104250820-TSJ-SHS SPARES.txt,,LOW,NOT_FOUND
SQ2604E129\e-Proc_sub_U23_CO_IBF.txt,,LOW,FOUND
SQ2604E130\PRICED OFFER-SQ2604E130-UTCL RAWAN-PUMP.txt,SQ2604E130,HIGH,FOUND
SQ2604E131\OFFER-SQ2604E131-UTCL RAWAN-SERVICE.txt,SQ2604E131,HIGH,FOUND
SQ2604E132\OFFER-SQ2604E132-1000249807-JSL ANGUL CGA SPARES.txt,,LOW,NOT_FOUND
SQ2604E133\OFFER-SQ2604E132-1000249807-JSL ANGUL CGA SPARES.txt,,LOW,NOT_FOUND
SQ2604E134\OFFER-SQ2604E134-ACC JAMUL-L3_4048.txt,SQ2604E134,HIGH,FOUND
SQ2604E135\OFFER-SQ2604E135-TSK-UNION SPARES.txt,,LOW,NOT_FOUND
SQ2604E136\OFFER-SQ2604E136-JSL-JAJPUR-UNION SPARES.txt,,LOW,NOT_FOUND
SQ2604E137\SQ2604E137 OFFER FLENDER.txt,SQ2505E158,HIGH,NOT_FOUND
SQ2604E138\PRICED OFFER-SQ2604E138-SAIL BHILAI-7437949.txt,SQ2604E138,HIGH,FOUND
SQ2604E139\OFFER-SQ2604E139-BALAJI UDHYOG-SHS SPARES.txt,SQ2604E139,HIGH,NOT_FOUND
SQ2604G026\SQ2604G026 OFFER FOR SPARE FOR AMNS HAZIRA.txt,SQ2604G026,HIGH,NOT_FOUND
SQ2604G027\SQ2604G027 TECHNICAL OFFER FOR GAS ANALYSER MODULE SPARES FOR GNFC.txt,SQ2604G027,HIGH,NOT_FOUND
SQ2604G028\OFFER-SQ2604G028-KRIBHCO-SIEMENS ANAYSER.txt,SQ2604G028,HIGH,FOUND
SQ2604G029\SQ2604G029 OFFER FOR GAS ANALYSER MODULE SPARE FOR BAYER VAPI.txt,SQ2604G029,HIGH,NOT_FOUND
SQ2604G030\OFFER-SQ2604G030-3200023394-GNFC-SIEMENS ANAYSER.txt,SQ2604G028,HIGH,FOUND
SQ2604G031\QUOTE # SQ2604G031 Saint Gobain Service visit & AMC.txt,2504GS015,HIGH,FOUND
SQ2604G032\TECHNO-COMMERCIAL OFFER-SQ2604G032 VALMET GC SPARES.txt,,HIGH,FOUND
SQ2604G033\SQ2604G033 OFFER FOR GAS ANALYSER SPARE FOR BAYER VAPI.txt,SQ2704G033,HIGH,NOT_FOUND
SQ2604G035\SQ2604G035 OFFER FOR GAS ANALYSER SPARE FOR GHCL.txt,SQ2604G035,HIGH,NOT_FOUND
SQ2604G036\SQ2604G036 OFFER FOR FID GAS ANALYSER.txt,SQ2604G036,HIGH,FOUND
SQ2604G037\SQ2604G037 Offer for SYSCON Module Upgradation for Maxum II GC_HMD.txt,SQ2604G037,HIGH,FOUND
SQ2604H056\OFFER-SQ2604H056-UTCL SARALANAGAR-SWZ2600633.txt,SQ2604H056,HIGH,FOUND
SQ2604H057\PRICED OFFER-SQ2604H057-ZUARI YERRAGUNTLA-WATER COOLED PROBE.txt,SQ2604H057,HIGH,FOUND
SQ2604H058\OFFER-SQ2604H058-KAKATIYA CEMENT-U23.txt,SQ2604H058,HIGH,FOUND
SQ2604H059\OFFER-SQ2604H059-KCP MUKTALAYA-CART FILTER.txt,SQ2604H059,HIGH,FOUND
SQ2604H060\OFFER-SQ2604H060-CHETTINAD GUNTUR-SPARES.txt,SQ2604H060,HIGH,FOUND
SQ2604H061\OFFER-SQ2604H061-KCP MACHERLA-FLOWMETER.txt,SQ2604H061,HIGH,FOUND
SQ2604H062\OFFER-SQ2604H062-DECCAN CEMENT- SHS SPARES.txt,,LOW,NOT_FOUND
SQ2604H063\OFFER-SQ2604H063-ADANI DEVAPUR-PR 2702986423.txt,SQ2604H063,HIGH,FOUND
SQ2604H064\OFFER-SQ2604H064-RAIN CEMENT-SERVICE.txt,SQ2604H064,HIGH,FOUND
SQ2604H065\OFFER-SQ2604H065-UTCL APCW-APO2600272.txt,SQ2604H065,HIGH,FOUND
SQ2604H066\OFFER-SQ2604H066-MY HOME-O2 SENSOR.txt,SQ2604H066,HIGH,FOUND
SQ2604H067\OFFER-SQ2604H067-UTCL APCW-APO2600408.txt,SQ2604H067,HIGH,FOUND
SQ2604H068\PRICED OFFER-SQ2604H068-UTCL BALAJI-RFQ-26-377.txt,SQ2604H068,HIGH,FOUND
SQ2604H069\OFFER-SQ2604H069-ANJANI CEMENT-640001265.txt,SQ2604H069,HIGH,FOUND
SQ2604H070\OFFER-SQ2604H070-STEAG-SHS SPARE.txt,,LOW,NOT_FOUND
SQ2604H071\OFFER_SQ2604H071_Quotation for Gas Analyser Repair Charges- Orient cement U23.txt,SQ2604H071,HIGH,NOT_FOUND
SQ2604H072\OFFER-SQ2604H072-BHARATHI CEMENT-230001949.txt,SQ2604H072,HIGH,FOUND
SQ2604H073\OFFER-SQ2604H073-MY HOME-48306.txt,SQ2604H073,HIGH,FOUND
SQ2604H074\OFFER-SQ2604H074-UTCL APCW-APO2600423.txt,SQ2604H074,HIGH,FOUND
SQ2604H075\OFFER-SQ2604H075-UTCL APCW-APO2600407.txt,SQ2604H075,HIGH,FOUND
SQ2604H076\OFFER-SQ2604H076-LOTUS WIRELESS-UNION SPARES.txt,,LOW,NOT_FOUND
SQ2604N081\OFFER-SQ2604N081-JK CEMENT-U23.txt,SQ2604N081,HIGH,FOUND
SQ2604N082\OFFER-SQ2604N082-SHREE CEMENT-DATA LOGGER & HOSTING.txt,SQ2604N082,HIGH,FOUND
SQ2604N083\SQ2604N083_ TECHNO-COMMERCIAL QUOTATION FOR AMC CONTRACT.txt,SQ2604N083,HIGH,FOUND
SQ2604N084\OFFER-SQ2604N084-NTPC-VSTPS-DATA LOGGER & HOSTING SUPPLY & CMC.txt,SQ2604N084,HIGH,NOT_FOUND
SQ2604N085\OFFER-SQ2604N085-DELHI MSW-6100341269.txt,SQ2604N085,HIGH,FOUND
SQ2604N086\OFFER-SQ2604N086-UTCL ADITYA-SERVICE.txt,SQ2604N086,HIGH,FOUND
SQ2604N087\PRICED OFFER-SQ2604N087-UTCL NATHDWARA-10460.txt,SQ2604N087,HIGH,FOUND
SQ2604N088\OFFER-SQ2604N088-DOOSAN-ANALYSERS.txt,SQ2604N088,HIGH,FOUND
SQ2604N089\OFFER-SQ2604N089-NTPC MEJA-SHS ANS ANALYSER SPARES.txt,,LOW,NOT_FOUND
SQ2604N090\OFFER-SQ2604N090-TATA STEEL SAHIBABAD-PCB1 & PCB2.txt,SQ2604N090,HIGH,FOUND
SQ2604N090\OFFER-SQ2604N090R1-1104246697-TATA STEEL LIMIITED-SAHIBABAD-CGA SPARES.txt,,LOW,NOT_FOUND
SQ2604N091\OFFER-SQ2604N091-HMEL-AIR TREATER.txt,SQ2604N091,HIGH,FOUND
SQ2604N092\OFFER-SQ2604N092-ASAHI-SERVICE.txt,SQ2604N092,HIGH,FOUND
SQ2604N093\OFFER-SQ2604N093-ASAHI-SERVICE.txt,SQ2604N093,HIGH,FOUND
SQ2604N094\OFFER-SQ2604N094-AMBUJA DARLAGHAT-TUBE.txt,SQ2604N094,HIGH,FOUND
SQ2604N095\PRICED OFFER-SQ2604N095-UTCL ADITYA-SOV.txt,SQ2604N095,HIGH,FOUND
SQ2604N096\OFFER-SQ2604N096-6000262145-BIRLA CORPORATION-SHS SPARES.txt,,LOW,NOT_FOUND
SQ2604N097\OFFER-SQ2604N097-SHREE CEMENT-SHS SPARES.txt,SQ2604N097,HIGH,NOT_FOUND
SQ2604N098\SQ2604N98 SPARES FOR AMBUJA RABRIYAWAS.txt,,HIGH,FOUND
SQ2604N099\OFFER-SQ2604N099-UTCL ADITYA-SERVICE.txt,SQ2604N099,HIGH,FOUND
SQ2604N100\PRICED OFFER-SQ2604N100-UTCL KOTPUTALI-RFQ-26-1512.txt,SQ2604N100,HIGH,FOUND
SQ2604N101\SQ2604N101 SPARES FOR AMBUJA RABRIYAWAS.txt,,HIGH,FOUND
SQ2604N102\OFFER-SQ2604N102-IGL-SPARES.txt,SQ2604N102,HIGH,FOUND
SQ2604W075\SQ2604W075 OFFER FOR SPARE FOR BIRLA CORPORATION SATNA CEMENT.txt,SQ2604W075,HIGH,NOT_FOUND
SQ2604W076\SQ2604W076 OFFER FOR LDS ANALYSER SPARE FOR PROC MART.txt,SQ2604W076,HIGH,FOUND
SQ2604W077\PRICED OFFER-SQ2604W077R1-HPCL MUMBAI-7423978.txt,SQ2604W077R1,HIGH,FOUND
SQ2604W077\SQ2604W077 OFFER FOR SPARE FOR HPCL AMETEK ANALYSERS.txt,SQ2604W077,HIGH,NOT_FOUND
SQ2604W078\SQ2604W078_TECHNO_COMMERCIAL QUOTATION.txt,SQ2604W078,HIGH,NOT_FOUND
SQ2604W079\SQ2604W079 - OFFER FOR GAS ANALYSER SYSTEM SPARESE-MUKUTBAN CEMENT.txt,SQ2606W079,HIGH,FOUND
SQ2604W080\SQ2604W080 OFFER FOR SPARE FOR SR ENTERPRISES.txt,SQ2604W080,HIGH,NOT_FOUND
SQ2604W081\SQ2604W081 OFFER FOR SPARE FOR BIRLA CORPORATION SATNA CEMENT.txt,SQ2604W081,HIGH,NOT_FOUND
SQ2604W082\SQ2604W082 OFFER FOR SPARE FOR UTCL RAJASHREE CEMENT WORKS.txt,SQ2604W082,HIGH,NOT_FOUND
SQ2604W083\SQ2604W083 - OFFER FOR GAS ANALYSER SPARES-DALMIA CEMENT.txt,SQ2604W083,HIGH,FOUND
SQ2604W084\SQ2604W084 OFFER FOR SPARE FOR UTCL RAJASHREE CEMENT WORKS.txt,SQ2604W084,HIGH,NOT_FOUND
SQ2604W085\SQ2604W085 OFFER FOR SPARE FOR UTCL NARMADA CEMENT WORKS.txt,SQ2604W085,HIGH,NOT_FOUND
SQ2604W086\SQ2604W086 - OFFER FOR GAS ANALYSER SPARES-JSW DOLVI.txt,SQ2604W086,HIGH,FOUND
SQ2604W087\SQ2604W087 - OFFER FOR GAS ANALYSER SPARES-JSW DOLVI.txt,SQ2604W087,HIGH,FOUND
SQ2604W088\SQ2604W088 OFFER FOR SPARE FOR UTCL RAJASHREE CEMENT WORKS.txt,SQ2604W088,HIGH,NOT_FOUND
SQ2604W089\SQ2604W089 OFFER FOR SPARE FOR UTCL RAJASHREE CEMENT WORKS.txt,SQ2604W089,HIGH,NOT_FOUND
SQ2604W090\SQ2604W090 OFFER FOR SPARE FOR UTCL RAJASHREE CEMENT WORKS.txt,SQ2604W090,HIGH,NOT_FOUND
SQ2604W091\SQ2604W091 Offer For Analyzer Spares_ RIL VMD.txt,SQ2604W091,HIGH,FOUND
SQ2604W092\SQ2604WS092 - OFFER FOR GAS ANALYSER SPARES-CO MODULE- SATNA CEMENT.txt,SQ2604WS092,HIGH,FOUND
SQ2604W093\SQ2604W093 OFFER FOR SPARE FOR SAURASHTRA HATHI CEMENT.txt,SQ2604W093,HIGH,NOT_FOUND
SQ2604W093\SQ2604W093R1 TECHNICAL OFFER FOR SPARE FOR SAURASHTRA HATHI CEMENT.txt,SQ2604W093R1,HIGH,NOT_FOUND
SQ2604W095\SQ2604W95 - OFFER FOR GAS ANALYSER SPARES-ACC AMETHA.txt,SQ2604W95,HIGH,FOUND
SQ2604W096\SQ2604W096 OFFER FOR GC SPARE FOR AAN TRADERS.txt,SQ2604W096,HIGH,NOT_FOUND
SQ2604W097\SQ2604W097 Offer For GC Spares_ RIL JMD.txt,SQ2604W097,HIGH,FOUND
SQ2604W098\SQ2604W098 OFFER FOR O2 GAS ANALYSER SYSTEM FOR MMP INDUSTRIES.txt,SQ2604W098,HIGH,FOUND
SQ2604W099\OFFER-SQ2604W099-ARAI-SERVICE.txt,SQ2604W099,HIGH,FOUND
SQ2604W101\SQ2604W101 OFFER FOR SERVICE VISIT FOR SAURASHTRA CEMENT.txt,SQ2604W101,HIGH,FOUND
SQ2604W102\SQ2604W102 OFFER FOR GAS ANALYSER SPARE FOR JK PANNA CEMENT.txt,SQ2604W102,HIGH,NOT_FOUND
SQ2604W103\SQ2604W103 OFFER FOR GAS ANALYSER SPARE FOR JK PANNA CEMENT.txt,SQ2604W103,HIGH,NOT_FOUND
SQ2604W105\SQ2604W105 SPARES FOR UTCL MAIHAR.txt,,HIGH,FOUND
SQ2604W106\SQ2604W106 OFFER FOR GAS ANALYSER MODULE FOR MICROVERSE AUTOMATION.txt,SQ2604W106,HIGH,FOUND
SQ2604W107\SQ2604W107 OFFER FOR SPARE FOR UTCL MAIHAR CEMENT WORKS.txt,SQ2604W107,HIGH,NOT_FOUND
SQ2604W109\SQ2604W109 Offer For GC Spares_ RIL VMD.txt,SQ2604W109,HIGH,FOUND
SQ2604W111\SQ2604W111 OFFER FOR SPARE FOR UTCL MAIHAR CEMENT WORKS.txt,SQ2604W111,HIGH,NOT_FOUND
SQ2604W112\SQ2604W112 OFFER FOR SPARE FOR UTCL MAIHAR CEMENT WORKS.txt,SQ2604W112,HIGH,NOT_FOUND
SQ2604X012\OFFER-SQ2604X012-INDORAMA-PR_1101757.txt,SQ2604X012,HIGH,NOT_FOUND
SQ2604X013\OFFER-SQ2604X013-CHEVRON BANGLADESH-SPARES.txt,SQ2604X013,HIGH,NOT_FOUND
SQ2604X013\OFFER-SQ2604X013R1-CHEVRON BANGLADESH-SPARES.txt,SQ2604X013R1,HIGH,NOT_FOUND
SQ2604X014\OFFER-SQ2604X014-EURONORD-SHS SPARES.txt,SQ2604X014,HIGH,NOT_FOUND
SQ2605B023\OFFER-SQ2605B023-JSW-VIJAYNAGAR-OXYGEN SENSOR.txt,,LOW,NOT_FOUND
SQ2605B024\OFFER-SQ2605B024-ORINT CEMENT-2702965871.txt,SQ2605B024,HIGH,FOUND
SQ2605B025\OFFER-SQ2605B025-BMM ISPAT-SHS SPARE.txt,,LOW,NOT_FOUND
SQ2605B026\OFFER-SQ2605B026-JSW-VIJAYNAGAR-UNION SPARES.txt,,LOW,NOT_FOUND
SQ2605B027\OFFER-SQ2605B027-SLR METALIKS-SERVICE.txt,SQ2605B027,HIGH,FOUND
SQ2605B028\OFFER-SQ2605B028-BMM-ISPAT-CGA AND SHA SPARE.txt,,LOW,NOT_FOUND
SQ2605C039\OFFER-SQ2605C039-MEPCO-CART FILTER.txt,,LOW,NOT_FOUND
SQ2605C040\OFFER-SQ2605C040-BPCL KOCHI-SPARES.txt,SQ2605C040,HIGH,NOT_FOUND
SQ2605C041\OFFER-SQ2605C041-LAURUS BIO-FILTER PAPER.txt,SQ2605C041,HIGH,FOUND
SQ2605C042\OFFER-SQ2605C042-KESHAV CEMENT-SPARES.txt,SQ2605C042,HIGH,NOT_FOUND
SQ2605C044\OFFER-SQ2605C044-ZF GROUP-U23.txt,SQ2605C044,HIGH,FOUND
SQ2605C045\OFFER-SQ2605C045-ORIENT CEMENT-ANALYSER SPARES.txt,,LOW,NOT_FOUND
SQ2605C046\OFFER-SQ2605C046-2702987515-ACC LIMITED-KALBURGI-CGA SPARES.txt,,LOW,NOT_FOUND
SQ2605C047\OFFER-SQ2605C047-11542330876-HINDALCO-CGA SPARE.txt,,LOW,NOT_FOUND
SQ2605C047\OFFER-SQ2605C047R1-11542330876-HINDALCO-CGA SPARE.txt,,LOW,NOT_FOUND
SQ2605C048\OFFER-SQ2605C048-LINDE-SERVICE.txt,SQ2605C048,HIGH,FOUND
SQ2605E140\OFFER-SQ2605E140-JSL ANGUL-CGA AND SHS SPARES.txt,,LOW,NOT_FOUND
SQ2605E141\OFFER-SQ2605E141-TANKESHWARI-CGA AND SHS SPARES.txt,,LOW,NOT_FOUND
SQ2605E142\OFFER-SQ2605E142-JSW CAMENT-SHS SPARES.txt,,LOW,NOT_FOUND
SQ2605E143\PRICED OFFER-SQ2605E143-JSW BPSL-HEAT TRACE TUBE.txt,SQ2605E143,HIGH,FOUND
SQ2605E144\OFFER-SQ2605E144-1104272032-TSJ-AMETEK SPARE.txt,,LOW,NOT_FOUND
SQ2605E145\PRICED OFFER-SQ2605E145-UTCL RAWAN-3327.txt,SQ2605E145,HIGH,FOUND
SQ2605E146\OFFER-SQ2605E146-STAR CEMENT-1100029549.txt,SQ2605E146,HIGH,FOUND
SQ2605E147\OFFER-SQ2605E147-JSL ANGUL-ANALYSER AND SHS SPARE.txt,,LOW,NOT_FOUND
SQ2605E148\OFFER-SQ2605E148-TSL-MERAMANDALI-BUBBLER.txt,,LOW,NOT_FOUND
SQ2605E149\OFFER-SQ2605E149-21793-UTCL-HIRMI-SHS SPARE.txt,,LOW,NOT_FOUND
SQ2605E150\PRICED OFFER-SQ2605E150-UTCL KUKURDIH-RFQ-26-3431.txt,SQ2605E150,HIGH,FOUND
SQ2605E151\OFFER-SQ2605E151-UTCL-CUTTACK-SHS SPARES.txt,,LOW,NOT_FOUND
SQ2605E152\PRICED OFFER-SQ2605E152-UTCL KUKURDIH-21794.txt,SQ2605E152,HIGH,FOUND
SQ2605E153\OFFER-SQ2605E153-1000000219-DB POWER-SHS SPARE.txt,,LOW,NOT_FOUND
SQ2605E154\PRICED OFFER-SQ2605E154-UTCL HIRMI-22024.txt,SQ2605E154,HIGH,FOUND
SQ2605E155\OFFER-SQ2605E155-JSL-ANGUL U23.txt,,LOW,NOT_FOUND
SQ2605E156\OFFER-SQ2605E156-HPL-GC SPARES.txt,SQ2605E156,HIGH,NOT_FOUND
SQ2605E157\OFFER-SQ2605E157-TSNINIL-AIROPTIC SPARES.txt,,LOW,NOT_FOUND
SQ2605E158\OFFER-SQ2605E158-USHA MARTIN-DATA LOGGER & HOSTING.txt,SQ2605E158,HIGH,FOUND
SQ2605E159\OFFER-SQ2605E159-SAIL ISP-PUMP.txt,SQ2605E159,HIGH,NOT_FOUND
SQ2605E160\OFFER-SQ2605E160-JSL ANGUL-SPARES.txt,SQ2605E160,HIGH,FOUND
SQ2605E161\OFFER-SQ2605E161-JSL JAJPUR-MODIFICATION.txt,SQ2605E161,HIGH,FOUND
SQ2605E162\OFFER-SQ2605E162-NMDC-NAGARNAR-SHS SPARE.txt,,LOW,NOT_FOUND
SQ2605G039\OFFER-SQ2605G039-BHILOSA INDUSTRIES-DATA LOGGER & HOSTING.txt,SQ2605G039,HIGH,FOUND
SQ2605G041\SQ2605G041 OFFER FOR SERVICE SUPPORT FOR JINDAL URBAN WASTE MANAGEMENT LTD.txt,SQ2605G041,HIGH,FOUND
SQ2605G042\TECHNO-COMMERCIAL OFFER- SQ2605G042 Heat Trace Tube.txt,,HIGH,FOUND
SQ2605H077\OFFER-SQ2605H077-SANDVIK-CGA SPARE.txt,,LOW,NOT_FOUND
SQ2605H078\OFFER-SQ2605H078-HPCL VIZAG-AMETEK SPARES.txt,SQ2605H078,HIGH,NOT_FOUND
SQ2605H079\PRICED OFFER-SQ2605H079-UTCL APCW-ACID FILTER.txt,SQ2605H079,HIGH,FOUND
SQ2605H080\OFFER-SQ2605H080-COROMANDEL KAKINADA-ALIGNMENT FLANGE.txt,SQ2605H080,HIGH,FOUND
SQ2605H081\OFFER_SQ2605H081_Quotation for Gas Analyser Repair Charges- Rain Cement U23.txt,SQ2605H081,HIGH,FOUND
SQ2605H082\OFFER-SQ2605H082-MY HOME-IN-SITU O2 SPARES.txt,SQ2605H082,HIGH,FOUND
SQ2605H083\OFFER-SQ2605H083-ANJANI CEMENT-CENTRIFUGAL PUMP.txt,SQ2605H083,HIGH,FOUND
SQ2605H084\OFFER-SQ2605H084-JINDAL SAW-SPARES.txt,SQ2605H084,HIGH,NOT_FOUND
SQ2605H085\OFFER-SQ2605H085-KAKATIYA CEMENT LIMITED -DATA LOGGER & HOSTING.txt,SQ2605H085,HIGH,FOUND
SQ2605H086\OFFER-SQ2605H086-MY HOME-SERVICE.txt,SQ2605H086,HIGH,FOUND
SQ2605H087\OFFER-SQ2605H087-JINDAL SAW-SHS AND ANALYSER SPARES.txt,,LOW,NOT_FOUND
SQ2605H088\OFFER-SQ2605H088-UTCL APCW-APO2600517.txt,SQ2605H088,HIGH,FOUND
SQ2605H089\OFFER-SQ2605H089-UTCL APCW-APO2600549.txt,SQ2605H089,HIGH,FOUND
SQ2605H090\OFFER-SQ2605H090-SAGAR CEMENT-PR No. 118.txt,SQ2605H090,HIGH,FOUND
SQ2605H091\OFFER-SQ2605H091-KALBURGI CEMENT-SPARES.txt,SQ2605H091,HIGH,FOUND
SQ2605H092\PRICED OFFER-SQ2605H092-ZUARI YERRANGUNTALA-10144087.txt,SQ2605H092,HIGH,FOUND
SQ2605H093\OFFER-SQ2605H093-KALBURGI CEMENT-ANALYSER SPARES.txt,SQ2605H093,HIGH,FOUND
SQ2605H094\OFFER-SQ2605H094-UTCL APCW-APO2600581.txt,SQ2605H094,HIGH,FOUND
SQ2605H095\OFFER-SQ2605H095-1500174356-RAIN CEMENT-SHS SPARE.txt,SQ2605H095,HIGH,NOT_FOUND
SQ2605H096\OFFER-SQ2605H096-UTCL APCW-APO2600586.txt,SQ2605H096,HIGH,FOUND
SQ2605H097\OFFER-SQ2605H097-UTCL APCW-APO2600587.txt,SQ2605H097,HIGH,FOUND
SQ2605H098\OFFER-SQ2605H098-UTCL APCW-APO2600588.txt,SQ2605H098,HIGH,FOUND
SQ2605H099\OFFER-SQ2605H099-PGR-1500017143.txt,SQ2605H099,HIGH,FOUND
SQ2605N103\PRICED OFFER-SQ2605N103-JSW BARMER-SPARES.txt,SQ2605N103,HIGH,NOT_FOUND
"SQ2605N104\OFFER-SQ2605N104-GGSSTP ROPAR,PUNJAB-U23 BUY-BACK.txt",SQ2605N104,HIGH,FOUND
SQ2605N105\OFFER-SQ2605N105-EAST DELHI WASTE MANAGEMENT- CALIBRATION GAS CYLINDERS.txt,SQ2605N105,HIGH,NOT_FOUND
SQ2605N105\OFFER-SQ2605N105R1-EAST DELHI WASTE MANAGEMENT- CALIBRATION GAS CYLINDERS - Copy.doc.txt,SQ2605N105R1,HIGH,NOT_FOUND
SQ2605N106\PRICED OFFER-SQ2605N106-WONDER CEMENT-33445.txt,SQ2605N106,HIGH,FOUND
SQ2605N107\OFFER-SQ2605E142-JSW CAMENT-SHS SPARES.txt,,LOW,NOT_FOUND
SQ2605N108\OFFER-SQ2605N108-JK CEMENT-SHS SPARE.txt,,LOW,NOT_FOUND
SQ2605N108\OFFER-SQ2605N108R1-6000138366-JK CEMENT-SHS SPARE.txt,,LOW,NOT_FOUND
SQ2605N109\OFFER-SQ2605N109-JK CEMENT-CGA AND SHS SPARE.txt,,LOW,NOT_FOUND
SQ2605N110\OFFER-SQ2605N110-AIR LIQUIDE-KOSI- O2 CYLINDER.txt,,LOW,NOT_FOUND
SQ2605N111\OFFER-SQ2605N111-UTCL ADITYA-FLOWMETER.txt,SQ2605N111,HIGH,FOUND
SQ2605N112\OFFER-SQ2605N112-KFL-O2 SENSOR.txt,SQ2605N112,HIGH,FOUND
SQ2605N113\OFFER-SQ2605N113-1104265757-TSL-SHAIBABAD-LDS6 SPARE.txt,,LOW,NOT_FOUND
SQ2605N114\OFFER-SQ2605N114-1104265562-TSL-LUDHIANA-SHS SPARE.txt,SQ2605N114,HIGH,NOT_FOUND
SQ2605N115\PRICED OFFER-SQ2605N115-13409-HMEL-ANALYSER.txt,SQ2605N115,HIGH,FOUND
SQ2605N116\OFFER-SQ2605N116-CENTURY PULP & PAPER-1100029903.txt,SQ2605N116,HIGH,FOUND
SQ2605N117\OFFER-SQ2605N117-JK GOTAN-VITON GASKET.txt,SQ2605N117,HIGH,FOUND
SQ2605N118\PRICED OFFER-SQ2605N118-12906-HMEL-ANALYSER.txt,SQ2605N118,HIGH,FOUND
SQ2605N119\OFFER-SQ2605N119-DCM SHRIRAM-1110077599.txt,SQ2605N119,HIGH,FOUND
SQ2605N120\OFFER-SQ2605N120-KRIBHCO FERTILIZER-NEW TAG ADDITION.txt,SQ2605N120,HIGH,FOUND
SQ2605N121\PRICED OFFER-SQ2605N121-WONDER CEMENT-33698.txt,SQ2605N121,HIGH,FOUND
SQ2605N122\OFFER-SQ2605N122-JITF-U23.txt,SQ2605N122,HIGH,FOUND
SQ2605N123\PRICED OFFER-SQ2605N123-WONDER CEMENT-33701.txt,SQ2605N123,HIGH,FOUND
SQ2605N123\PRICED OFFER-SQ2605N123R1-WONDER CEMENT-33701.txt,SQ2605N123R1,HIGH,FOUND
SQ2605N124\PRICED OFFER-SQ2605N124-UTCL ADITYA-13871.txt,SQ2605N124,HIGH,FOUND
SQ2605N125\OFFER-SQ2605N125-6000138256-JK CEMENT UDAIPUR-SHS SPARE.txt,,LOW,NOT_FOUND
SQ2605N126\PRICED OFFER-SQ2605N126-NFL-AMETEK-7484666.txt,SQ2605N126,HIGH,NOT_FOUND
SQ2605N127\OFFER-SQ2605N127-DCM SHRIRAM-SPARES.txt,SQ2605N127,HIGH,FOUND
SQ2605N129\OFFER-SQ2605N129-1101025376-NUVOCO-NIMBOL-SHS SPARE.txt,,LOW,NOT_FOUND
SQ2605N130\OFFER-SQ2605N130-BAGACW-MANOJ-RFQ-26-920-UTCL-BAGA-SHS SPARE.txt,,LOW,NOT_FOUND
SQ2605N131\OFFER-SQ2605N131-RRVUNL-SPARES.txt,EMAIL,HIGH,FOUND
SQ2605N132\OFFER-SQ2605N132-AMBUJA DARLAGHAT-SPARES.txt,SQ2605N132,HIGH,FOUND
SQ2605N133\PRICED OFFER-SQ2605N133-UTCL ADITYA-14009.txt,SQ2605N133,HIGH,FOUND
SQ2605N134\OFFER-SQ2605N134-UDAIPUR CEMENT-RETRACTION.txt,SQ2605N134,HIGH,FOUND
SQ2605N135\OFFER-SQ2605N135-UDAIPUR CEMENT-SPARES.txt,SQ2605N135,HIGH,FOUND
SQ2605N136\OFFER-SQ2605N136-1101026312-NUVOCO-TUBE ASSEMBELY KAS.txt,,LOW,NOT_FOUND
SQ2605N137\PRICED OFFER-SQ2605N137-KFL-P064000332.txt,,LOW,FOUND
SQ2605N138\SQ2605N138_TECHNO-COMMERCIAL QUOTATION FOR CAMC CONTRACT.txt,SQ2605N138,HIGH,NOT_FOUND
SQ2605W114\SQ2605W114-OFFER FOR GAS ANALYSER SPARES- THERMAX.txt,SQ2605W114,HIGH,FOUND
SQ2605W116\SQ2605W116 SPARES FOR UTCL MAIHAR.txt,SQ2605W116,HIGH,FOUND
SQ2605W121\SQ2605W121 OFFER FOR SPARE FOR UTCL BELA CEMENT WORKS.txt,SQ2605W121,HIGH,NOT_FOUND
SQ2605W122\SQ2605W122 - OFFER FOR GAS ANALYSER SPARES- SATNA CEMENT.txt,SQ2605W122,HIGH,FOUND
SQ2605W124\SQ2605W124 SPARES FOR UTCL BELA.txt,,HIGH,FOUND
SQ2605W125\SQ2605W125 OFFER FOR SERVICE ENGINEER VISIT FOR ALKYL AMINES CHEMICAL.txt,SQ2605G125,HIGH,FOUND
SQ2605W126\SQ2605W126 Offer For GC Spares_ RIL VMD.txt,SQ2605W126,HIGH,FOUND
SQ2605W127\SQ2605W127 Offer GC Spares NMD.txt,SQ2605W127,HIGH,NOT_FOUND
SQ2605W128\OFFER-SQ2605W128-EMERSON_VALMET SPARES.txt,SQ2605W128,HIGH,NOT_FOUND
SQ2605W129\SQ2605W129 - DALMIA-OFFER FOR GAS ANALYSER SPARES.txt,SQ2605W129,HIGH,FOUND
SQ2605W130\SQ2605W130 OFFER FOR SPARE FOR BIRLA CORPORATION SATNA CEMENT.txt,SQ2605W130,HIGH,NOT_FOUND
SQ2605W131\SQ2605W131 OFFER FOR SPARE FOR HPCL AMETEK ANALYSER.txt,SQ2605W131,HIGH,NOT_FOUND
SQ2605W135\SQ2605W135 OFFER FOR SPARE FOR UTCL VIKRAM CEMENT WORKS.txt,SQ2605W135,HIGH,NOT_FOUND
SQ2605W136\SQ2605W136 OFFER FOR SPARE FOR UTCL RAJASHREE CEMENT WORKS.txt,SQ2605W136,HIGH,NOT_FOUND
SQ2605W137\OFFER-SQ2605W137-LINDE-SERVICE.txt,SQ2605W137,HIGH,FOUND
SQ2605W138\SQ2605W138 OFFER FOR SPARE FOR UTCL MAIHAR CEMENT WORKS.txt,SQ2605W138,HIGH,NOT_FOUND
SQ2605W139\SQ2605W139 OFFER FOR GAS ANALYSER MODULE SPARE FOR UTCL SEWAGRAM CEMENT.txt,SQ2605W139,HIGH,NOT_FOUND
SQ2605W141\SQ2605W141 OFFER FOR SPARE FOR UTCL VIKRAM CEMENT WORKS.txt,SQ2605W141,HIGH,NOT_FOUND
SQ2605W142\SQ2605W142 OFFER FOR SHS _HMD_POY.txt,SQ2605W142,HIGH,FOUND
SQ2605W143\SQ2605W143 - OFFER FOR GAS ANALYSER H2 MODULE-AMNS HAZIRA.txt,SQ2605W143,HIGH,FOUND
SQ2605W146\OFFER-SQ2605W146-RELIANCE-GC AND CEMS TRANNING AT GOA.txt,SQ2605W146,HIGH,FOUND
SQ2605X015\OFFER-SQ2605X015-ACTECH-RING HEATER.txt,SQ2605X015,HIGH,NOT_FOUND
SQ2605X016\OFFER-SQ2605X015-TESFA-RING HEATER.txt,SQ2605X015,HIGH,NOT_FOUND
SQ2605X017\OFFER-SQ2605X017-BRAMA SRL-SHS SPARES.txt,SQ2605X017,HIGH,FOUND
SQ2606C052\OFFER-SQ2606C052-ASHOK LEYLAND-SPARES.txt,SQ2606C052,HIGH,FOUND
SQ2606C052\OFFER-SQ2606C052R1-ASHOK LEYLAND-SPARES.txt,SQ2606C052R1,HIGH,FOUND
SQ2606E183\OFFER-SQ2606E183-JINDAL INDIA POWER LTD-NOX ANALYSER (1).txt,SQ2606E183,HIGH,FOUND
SQ2606E227\OFFER-SQ2606E227-SAIL IISCO-SPARES.txt,SQ2606E227,HIGH,NOT_FOUND
SQ2606N144\OFFER-SQ2606N144-UTCL PALI-SPARES.txt,SQ2606N144,HIGH,FOUND
